side,hex1,hex2,p,q,h,v,az_deg_left_positive,az_deg_ipsi,el_deg,dir_front,dir_left,dir_up,source,n_fit,zhao_right_lens_row,zhao_p,zhao_q,col_type,col_type_basis,marker_evidence,R7R8_bodyIds,reiser_OL_v1_column_type,pin_distal_x,pin_distal_y,pin_distal_z,pin_proximal_x,pin_proximal_y,pin_proximal_z,pin_dir_az_left_deg,pin_dir_el_deg,lamina_centroid_x,lamina_centroid_y,lamina_centroid_z
L,1,7,-12,-17,-6,-29,103.01,103.01,-75.15,-0.05771,0.24978,-0.96658,extrapolated_local_linear,13,-1,,,unclear,,{},R7_unclear:209937;R8_unclear:213652,,71794.0,47205.0,29314.0,67531.0,43074.0,33145.0,48.1,-35.8,,,
L,1,8,-11,-17,-7,-28,110.7,110.7,-71.09,-0.11458,0.30318,-0.94602,extrapolated_local_linear,13,-1,,,unclear,,{},,,71546.0,46592.0,28488.0,67284.0,42582.0,32561.0,46.3,-34.2,,,
L,1,10,-9,-17,-9,-26,121.41,121.41,-63.91,-0.22916,0.37529,-0.89813,extrapolated_local_linear,13,-1,,,unclear,,{},,,71276.0,45720.0,27675.0,67266.0,41888.0,32275.0,41.1,-32.1,,,
L,2,6,-13,-16,-4,-29,80.04,80.04,-76.78,0.03956,0.2252,-0.97351,extrapolated_local_linear,18,-1,,,unclear,,{},,,72498.0,48243.0,30905.0,68127.0,44046.0,34716.0,48.9,-35.9,,,
L,2,7,-12,-16,-5,-28,86.8,86.8,-72.69,0.0166,0.297,-0.95473,zhao_uCT_match,1,50,-13.0,-17.0,unclear,,{},,,72489.0,47841.0,29886.0,68207.0,43702.0,33731.0,48.1,-35.7,,,
L,2,8,-11,-16,-6,-27,98.64,98.64,-68.67,-0.05467,0.35959,-0.93151,zhao_uCT_match,1,66,-12.0,-17.0,pale,R7,"{""R7p"": 1, ""R8p"": 1}",R7p:197732;R8p:198333,,72586.0,47219.0,28758.0,68314.0,43160.0,32935.0,45.6,-34.2,,,
L,2,9,-10,-16,-7,-26,105.31,105.31,-65.33,-0.1102,0.40259,-0.90872,zhao_uCT_match,1,82,-11.0,-17.0,yellow,R7,"{""R7y"": 1, ""R8y"": 1}",R8y:246903;R7y:218896,,72351.0,46626.0,27982.0,68139.0,42681.0,32422.0,43.5,-32.8,,,
L,2,10,-9,-16,-8,-25,109.74,109.74,-61.77,-0.15979,0.44518,-0.88107,zhao_uCT_match,1,100,-10.0,-17.0,unclear,,{},R7_unclear:252506;R8_unclear:250789,,72159.0,45865.0,27276.0,68049.0,42092.0,32010.0,41.0,-31.0,,,
L,2,11,-8,-16,-9,-24,118.73,118.73,-58.9,-0.24825,0.45291,-0.85629,extrapolated_local_linear,20,-1,,,unclear,,{},R7_unclear:218515;R8_unclear:200852,,71577.0,45034.0,26769.0,67667.0,41495.0,31639.0,38.8,-29.5,,,
L,2,12,-7,-16,-10,-23,124.66,124.66,-55.52,-0.32198,0.4657,-0.82429,extrapolated_local_linear,18,-1,,,unclear,,{},,,71436.0,44304.0,26297.0,67604.0,40885.0,31289.0,37.5,-28.5,,,
L,2,13,-6,-16,-11,-22,129.45,129.45,-51.69,-0.39394,0.47872,-0.78463,extrapolated_local_linear,16,-1,,,yellow,R8,"{""R8y"": 1}",R8y:251184,,71935.0,43864.0,25738.0,68117.0,40512.0,31022.0,35.9,-27.2,,,
L,3,5,-14,-15,-2,-29,50.02,50.02,-75.79,0.15775,0.18816,-0.96939,zhao_uCT_match,1,22,-15.0,-16.0,unclear,,{},R7_unclear:224866;R8_unclear:251029,,73248.0,48627.0,31237.0,68706.0,44325.0,34856.0,51.5,-36.5,,,
L,3,6,-13,-15,-3,-28,71.95,71.95,-73.99,0.08548,0.26226,-0.96121,zhao_uCT_match,1,33,-14.0,-16.0,unclear,,{},R7_unclear:208965;R8_unclear:229321,,73396.0,48287.0,30224.0,68866.0,44062.0,34041.0,49.9,-35.5,,,
L,3,7,-12,-15,-4,-27,79.03,79.03,-69.86,0.06552,0.33802,-0.93885,zhao_uCT_match,1,45,-13.0,-16.0,yellow,R7,"{""R7y"": 1, ""R8y"": 1, ""Dm8a"": 1, ""Tm5a"": 1}",R8y:212396;R7y:198526,,73264.0,47829.0,29450.0,68804.0,43680.0,33492.0,47.8,-34.6,,,
L,3,8,-11,-15,-5,-26,89.41,89.41,-66.09,0.00415,0.40531,-0.91417,zhao_uCT_match,1,62,-12.0,-16.0,unclear,,{},R7_unclear:201940;R8_unclear:214551,,73430.0,47348.0,28616.0,69148.0,43239.0,32907.0,44.9,-34.1,,,
L,3,9,-10,-15,-6,-25,97.49,97.49,-62.49,-0.06021,0.45802,-0.8869,zhao_uCT_match,1,77,-11.0,-16.0,unclear,,{},R7_unclear:902740;R8_unclear:200367,,73252.0,46791.0,27936.0,68989.0,42844.0,32511.0,43.0,-32.3,,,
L,3,10,-9,-15,-7,-24,103.49,103.49,-59.11,-0.11974,0.49916,-0.8582,zhao_uCT_match,1,94,-10.0,-16.0,pale,R7,"{""R7p"": 1, ""R8p"": 1, ""Dm8a"": 1, ""Tm5a"": 1}",R7p:255164;R8p:195034,,73131.0,46203.0,27288.0,68919.0,42393.0,32032.0,41.6,-31.0,,,
L,3,11,-8,-15,-8,-23,109.5,109.5,-56.38,-0.18481,0.52197,-0.8327,zhao_uCT_match,1,113,-9.0,-16.0,yellow?,Dm8a/Tm5a home,"{""Dm8a"": 1, ""Tm5a"": 1}",R7_unclear:204411;R8_unclear:537449,,72920.0,45544.0,26686.0,68810.0,41970.0,31679.0,39.5,-28.9,,,
L,3,12,-7,-15,-9,-22,114.55,114.55,-55.07,-0.23788,0.52078,-0.81988,zhao_uCT_match,1,128,-8.0,-16.0,yellow,R7,"{""R7y"": 1, ""R8y"": 1, ""Dm8a"": 1, ""Tm5a"": 1}",R8y:940773;R7y:174491,,72661.0,44879.0,26250.0,68760.0,41441.0,31458.0,36.8,-27.8,,,
L,3,13,-6,-15,-10,-21,120.54,120.54,-50.24,-0.32496,0.55083,-0.76876,zhao_uCT_match,1,147,-7.0,-16.0,yellow,R7,"{""R7y"": 1}",R7y:523007,,72477.0,44287.0,25817.0,68652.0,40995.0,31158.0,35.6,-26.6,,,
L,3,14,-5,-15,-11,-20,124.02,124.02,-46.24,-0.38691,0.57323,-0.72229,zhao_uCT_match,1,169,-6.0,-16.0,unclear,,{},,,72156.0,43539.0,25498.0,68477.0,40315.0,30870.0,34.4,-26.3,,,
L,3,15,-4,-15,-12,-19,130.6,130.6,-44.44,-0.46471,0.54211,-0.70012,extrapolated_local_linear,19,-1,,,unclear,,{},,,72001.0,42744.0,25125.0,68461.0,39734.0,30716.0,32.3,-24.5,,,
L,4,3,-16,-14,1,-30,13.67,13.67,-74.62,0.25772,0.06267,-0.96419,extrapolated_local_linear,17,-1,,,unclear,,{},,,74484.0,49362.0,32992.0,69718.0,45002.0,36207.0,56.0,-37.2,,,
L,4,4,-15,-14,0,-29,33.82,33.82,-73.25,0.23937,0.16037,-0.95759,zhao_uCT_match,1,11,-16.0,-15.0,yellow,R7,"{""R7y"": 1, ""R8y"": 1}",R8y:218003;R7y:205628,,74090.0,49148.0,32227.0,69352.0,44796.0,35654.0,54.1,-36.7,,,
L,4,5,-14,-14,-1,-28,46.27,46.27,-70.33,0.23274,0.24328,-0.94162,zhao_uCT_match,1,19,-15.0,-15.0,pale,R7,"{""R7p"": 1, ""R8p"": 1}",R7p:209454;R8p:591900,,74041.0,48801.0,31132.0,69352.0,44464.0,34751.0,52.3,-36.2,,,
L,4,6,-13,-14,-2,-27,59.04,59.04,-69.39,0.18111,0.30188,-0.93598,zhao_uCT_match,1,30,-14.0,-15.0,yellow,R7,"{""R7y"": 1, ""R8y"": 1, ""Dm8a"": 1, ""Tm5a"": 1}",R8y:237423;R7y:213665,,74244.0,48419.0,30198.0,69691.0,44133.0,34009.0,50.1,-35.8,,,
L,4,7,-12,-14,-3,-26,70.87,70.87,-66.58,0.13023,0.37551,-0.91762,zhao_uCT_match,1,43,-13.0,-15.0,unclear,,{},R7_unclear:200243;R8_unclear:244344,,74134.0,47904.0,29289.0,69600.0,43678.0,33440.0,47.5,-34.5,,,
L,4,8,-11,-14,-4,-25,79.91,79.91,-63.11,0.07923,0.44525,-0.8919,zhao_uCT_match,1,59,-12.0,-15.0,yellow,R7,"{""R7y"": 1, ""R8y"": 1, ""Dm8a"": 1, ""Tm5a"": 1}",R8y:215610;R7y:213947,,74492.0,47413.0,28499.0,69962.0,43282.0,32854.0,46.1,-33.3,,,
L,4,9,-10,-14,-5,-24,88.19,88.19,-59.71,0.01593,0.50409,-0.86351,zhao_uCT_match,1,74,-11.0,-15.0,pale?,Dm8b/Tm5b home,"{""Dm8b"": 1}",R7_unclear:195947;R8_unclear:185621,,74134.0,46873.0,27899.0,69726.0,42894.0,32633.0,43.0,-31.6,,,
L,4,10,-9,-14,-6,-23,94.8,94.8,-56.08,-0.04674,0.55609,-0.82981,zhao_uCT_match,1,96,-10.0,-15.0,unclear,,{},R7_unclear:187437;R8_unclear:199017,,74091.0,46298.0,27252.0,69747.0,42452.0,32174.0,41.4,-30.4,,,
L,4,11,-8,-14,-7,-22,100.5,100.5,-53.44,-0.10857,0.58563,-0.80327,zhao_uCT_match,1,112,-9.0,-15.0,yellow,R7,"{""R7y"": 1, ""R8y"": 1, ""Dm8a"": 1}",R8y:215102;R7y:212397,,73992.0,45790.0,26730.0,69830.0,42128.0,31934.0,38.7,-28.8,,,
L,4,12,-7,-14,-8,-21,106.18,106.18,-50.84,-0.17595,0.60644,-0.77542,zhao_uCT_match,1,131,-8.0,-15.0,pale,R7,"{""R7p"": 1, ""R8p"": 1, ""Tm5a"": 1, ""Tm5b"": 1}",R7p:176520;R8p:194082,,73865.0,45148.0,26205.0,69762.0,41711.0,31527.0,37.6,-27.1,,,
L,4,13,-6,-14,-9,-20,111.54,111.54,-47.95,-0.24586,0.623,-0.74258,zhao_uCT_match,1,148,-7.0,-15.0,pale?,Dm8b/Tm5b home,"{""Dm8b"": 1}",R7_unclear:185229;R8_unclear:192572,,73714.0,44613.0,25792.0,69813.0,41381.0,31163.0,36.0,-26.0,,,
L,4,14,-5,-14,-10,-19,116.27,116.27,-44.98,-0.31305,0.6343,-0.70687,zhao_uCT_match,1,167,-6.0,-15.0,pale,R7,"{""R7p"": 1, ""R8p"": 1}",R7p:545069;R8p:181547,,73247.0,43894.0,25351.0,69429.0,40673.0,30885.0,34.6,-25.6,,,
L,4,15,-4,-14,-11,-18,122.99,122.99,-43.0,-0.39816,0.61342,-0.68205,zhao_uCT_match,1,187,-5.0,-15.0,yellow,R7,"{""R7y"": 1, ""R8y"": 1, ""Dm8a"": 1, ""Tm5a"": 1}",R8y:210748;R7y:550553,,72986.0,43130.0,24973.0,69446.0,40138.0,30719.0,31.6,-23.9,,,
L,4,16,-3,-14,-12,-17,127.95,127.95,-40.82,-0.4654,0.5968,-0.65363,zhao_uCT_match,1,206,-4.0,-15.0,unclear,,{},R7_unclear:549996;R8_unclear:549993,,72734.0,42342.0,24688.0,69305.0,39603.0,30404.0,31.0,-22.3,,,
L,4,17,-2,-14,-13,-16,129.81,129.81,-37.05,-0.51096,0.61306,-0.60256,zhao_uCT_match,1,227,-3.0,-15.0,unclear,,{},,,72482.0,41555.0,24403.0,69073.0,39090.0,30332.0,29.9,-19.8,,,
L,4,18,-1,-14,-14,-15,136.33,136.33,-35.22,-0.59093,0.56409,-0.57672,extrapolated_local_linear,18,-1,,,unclear,,{},,,72239.0,40745.0,24247.0,69018.0,38489.0,30413.0,27.6,-18.0,,,
L,5,2,-17,-13,3,-30,-5.12,-5.12,-71.07,0.32316,-0.02894,-0.9459,extrapolated_local_linear,15,-1,,,unclear,,{},,,75417.0,49614.0,33663.0,70573.0,45254.0,36822.0,56.9,-37.0,,,
L,5,3,-16,-13,2,-29,14.01,14.01,-70.14,0.32961,0.08223,-0.94053,zhao_uCT_match,1,4,-17.0,-14.0,unclear,,{},R7_unclear:248138;R8_unclear:236655,,75415.0,49451.0,32670.0,70586.0,45089.0,35888.0,56.3,-36.9,,,
L,5,4,-15,-13,1,-28,30.19,30.19,-69.0,0.30969,0.18018,-0.93361,zhao_uCT_match,1,9,-16.0,-14.0,yellow?,Dm8a/Tm5a home,"{""Dm8a"": 1}",R7_unclear:211308;R8_unclear:247693,,74889.0,49128.0,31742.0,70045.0,44764.0,35169.0,54.7,-36.3,,,
L,5,5,-14,-13,0,-27,41.5,41.5,-66.59,0.29761,0.26329,-0.91766,zhao_uCT_match,1,20,-15.0,-14.0,unclear,,"{""Dm8b"": 1, ""Tm5a"": 1}",R7_unclear:233774;R8_unclear:233658,,75058.0,48816.0,30783.0,70215.0,44452.0,34441.0,52.9,-35.7,,,
L,5,6,-13,-13,-1,-26,52.0,52.0,-64.67,0.2634,0.33714,-0.90386,zhao_uCT_match,1,31,-14.0,-14.0,pale,R7,"{""R7p"": 1, ""R8p"": 1, ""Tm5b"": 1}",R7p:244376;R8p:237843,,75321.0,48400.0,30010.0,70413.0,44062.0,34052.0,50.5,-34.3,,,
L,5,7,-12,-13,-2,-25,61.9,61.9,-62.5,0.21751,0.40732,-0.88701,zhao_uCT_match,1,44,-13.0,-14.0,yellow,R7,"{""R7y"": 1, ""R8y"": 1, ""Dm8a"": 1, ""Tm5a"": 1}",R8y:254620;R7y:217894,,75183.0,47980.0,29341.0,70225.0,43710.0,33696.0,48.7,-32.9,,,
L,5,8,-11,-13,-3,-24,71.13,71.13,-59.34,0.16493,0.48251,-0.86022,zhao_uCT_match,1,60,-12.0,-14.0,pale?,Dm8b/Tm5b home,"{""Dm8b"": 1, ""Tm5b"": 1}",R7_unclear:235851;R8_unclear:253843,,75320.0,47376.0,28583.0,70363.0,43233.0,33158.0,47.3,-31.6,,,
L,5,9,-10,-13,-4,-23,78.58,78.58,-56.29,0.10988,0.54403,-0.83184,zhao_uCT_match,1,78,-11.0,-14.0,yellow,R7,"{""R7y"": 1, ""R8y"": 1, ""Dm8a"": 1, ""Tm5a"": 1}",R8y:246994;R7y:273705,,75383.0,46794.0,27865.0,70426.0,42815.0,32787.0,45.2,-29.7,,,
L,5,10,-9,-13,-5,-22,85.83,85.83,-53.33,0.04345,0.59561,-0.8021,zhao_uCT_match,1,97,-10.0,-14.0,pale,R7,"{""R7p"": 1, ""R8p"": 1}",R7p:236542;R8p:243092,,75383.0,46303.0,27319.0,70532.0,42406.0,32523.0,43.0,-28.7,,,
L,5,11,-8,-13,-6,-21,91.73,91.73,-50.66,-0.01915,0.63364,-0.77339,zhao_uCT_match,1,114,-9.0,-14.0,unclear,,{},R7_unclear:252015;R8_unclear:235075,,75183.0,45824.0,26819.0,70655.0,42161.0,32141.0,40.4,-27.7,,,
L,5,12,-7,-13,-7,-20,97.6,97.6,-48.08,-0.08836,0.6622,-0.7441,zhao_uCT_match,1,133,-8.0,-14.0,pale,R7,"{""R7p"": 1, ""R8p"": 1, ""Dm8b"": 1, ""Tm5a"": 1}",R7p:195479;R8p:246600,,75061.0,45207.0,26231.0,70718.0,41750.0,31602.0,39.0,-26.6,,,
L,5,13,-6,-13,-8,-19,103.14,103.14,-44.89,-0.16109,0.6899,-0.70575,zhao_uCT_match,1,152,-7.0,-14.0,unclear,,{},R7_unclear:218972;R8_unclear:183347,,74915.0,44547.0,25687.0,70752.0,41318.0,31278.0,36.7,-24.9,,,
L,5,14,-5,-13,-9,-18,108.09,108.09,-42.26,-0.22974,0.70349,-0.67254,zhao_uCT_match,1,171,-6.0,-14.0,yellow,R7,"{""R7y"": 1, ""R8y"": 1, ""Dm8a"": 1, ""Tm5a"": 1}",R8y:228825;R7y:210489,,74565.0,43810.0,25178.0,70647.0,40780.0,30925.0,34.3,-23.5,,,
L,5,15,-4,-13,-10,-17,113.29,113.29,-39.85,-0.30355,0.70517,-0.64077,zhao_uCT_match,1,190,-5.0,-14.0,yellow,R7,"{""R7y"": 1, ""R8y"": 1, ""Tm5b"": 1}",R8y:175000;R7y:166473,,74232.0,43195.0,24810.0,70564.0,40285.0,30658.0,32.1,-22.9,,,
L,5,16,-3,-13,-11,-16,119.06,119.06,-37.79,-0.38388,0.6908,-0.61272,zhao_uCT_match,1,209,-4.0,-14.0,yellow,R7,"{""R7y"": 1, ""R8y"": 1, ""Dm8a"": 1, ""Tm5a"": 1}",R8y:198911;R7y:177684,,73985.0,42431.0,24429.0,70480.0,39784.0,30436.0,30.3,-20.8,,,
L,5,17,-2,-13,-12,-15,123.45,123.45,-35.55,-0.44847,0.67881,-0.58145,zhao_uCT_match,1,229,-3.0,-14.0,unclear,,{},R7_unclear:172949;R8_unclear:583771,,73519.0,41629.0,24149.0,70086.0,39300.0,30314.0,29.1,-18.3,,,
L,5,18,-1,-13,-13,-14,128.11,128.11,-33.68,-0.51363,0.65473,-0.55454,zhao_uCT_match,1,249,-2.0,-14.0,unclear,,{},R7_unclear:541966;R8_unclear:205410,,73255.0,40714.0,23864.0,70024.0,38517.0,30034.0,27.6,-17.5,,,
L,5,19,0,-13,-14,-13,133.4,133.4,-31.24,-0.58749,0.62117,-0.51865,zhao_uCT_match,1,269,-1.0,-14.0,unclear,,{},,,72459.0,39944.0,23932.0,69275.0,37794.0,30153.0,27.1,-17.1,,,
L,5,20,1,-13,-15,-12,138.01,138.01,-28.78,-0.65146,0.58639,-0.4814,extrapolated_local_linear,19,-1,,,unclear,,{},,,72422.0,39045.0,23682.0,69486.0,37087.0,30080.0,24.7,-15.5,,,
L,6,1,-18,-12,5,-30,-19.6,-19.6,-69.58,0.32868,-0.11706,-0.93716,extrapolated_local_linear,11,-1,,,unclear,,{},,,76167.0,49716.0,34736.0,71272.0,45372.0,37923.0,56.9,-36.6,,,
L,6,2,-17,-12,4,-29,-2.1,-2.1,-68.34,0.36887,-0.01355,-0.92938,extrapolated_local_linear,18,-1,,,yellow,R7,"{""R7y"": 1, ""R8y"": 1}",R8y:213952;R7y:212421,,76042.0,49703.0,33967.0,71131.0,45343.0,37185.0,56.8,-36.6,,,
L,6,3,-16,-12,3,-28,6.67,6.67,-66.04,0.40336,0.04716,-0.91383,zhao_uCT_match,1,3,-17.0,-13.0,pale,R7,"{""R7p"": 1, ""R8p"": 1, ""Dm8b"": 1, ""Tm5a"": 1}",R7p:327374;R8p:213800,,76060.0,49472.0,32771.0,71137.0,45096.0,36035.0,56.5,-36.5,,,
L,6,4,-15,-12,2,-27,25.91,25.91,-64.46,0.38779,0.18836,-0.9023,zhao_uCT_match,1,10,-16.0,-13.0,yellow?,Dm8a/Tm5a home,"{""Tm5a"": 1}",R7_unclear:242807;R8_unclear:199879,,76087.0,49214.0,31893.0,71141.0,44776.0,35403.0,54.6,-36.2,,,
L,6,5,-14,-12,1,-26,37.27,37.27,-62.48,0.36772,0.27983,-0.88684,zhao_uCT_match,1,21,-15.0,-13.0,pale?,Dm8b/Tm5b home,"{""Dm8b"": 1}",R7_unclear:205736;R8_unclear:201499,,75845.0,48902.0,31056.0,70888.0,44469.0,34860.0,52.5,-35.4,,,
L,6,6,-13,-12,0,-25,46.29,46.29,-60.25,0.34293,0.35874,-0.86816,zhao_uCT_match,1,32,-14.0,-13.0,pale?,Dm8b/Tm5b home,"{""Dm8b"": 1, ""Tm5b"": 1}",R7_unclear:246518;R8_unclear:205816,,76221.0,48387.0,30305.0,71121.0,44023.0,34534.0,50.3,-33.4,,,
L,6,7,-12,-12,-1,-24,54.52,54.52,-58.16,0.30616,0.42956,-0.84956,zhao_uCT_match,1,46,-13.0,-13.0,pale?,Dm8b/Tm5b home,"{""Dm8b"": 1, ""Tm5b"": 1}",R7_unclear:253522;R8_unclear:193889,,76134.0,47886.0,29466.0,70976.0,43559.0,33991.0,48.7,-32.2,,,
L,6,8,-11,-12,-2,-23,62.77,62.77,-55.53,0.25895,0.50329,-0.82441,zhao_uCT_match,1,64,-12.0,-13.0,yellow,R7,"{""R7y"": 1, ""R8y"": 1, ""Dm8a"": 1, ""Tm5a"": 1}",R8y:194611;R7y:547666,,76268.0,47362.0,28786.0,71110.0,43193.0,33550.0,47.3,-30.7,,,
L,6,9,-10,-12,-3,-22,70.23,70.23,-52.52,0.20579,0.57257,-0.79361,zhao_uCT_match,1,81,-11.0,-13.0,pale?,Dm8b/Tm5b home,"{""Dm8b"": 1}",R7_unclear:245841;R8_unclear:190633,,76398.0,46825.0,28113.0,71240.0,42788.0,33244.0,45.2,-29.0,,,
L,6,10,-9,-12,-4,-21,77.07,77.07,-49.99,0.14392,0.62665,-0.76589,zhao_uCT_match,1,98,-10.0,-13.0,pale,R7,"{""R7p"": 1, ""R8p"": 1, ""Tm5b"": 1}",R7p:202218;R8p:196262,,76322.0,46299.0,27481.0,71274.0,42453.0,32798.0,43.5,-27.7,,,
L,6,11,-8,-12,-5,-20,83.28,83.28,-47.35,0.07928,0.67286,-0.73551,zhao_uCT_match,1,117,-9.0,-13.0,pale?,Dm8b/Tm5b home,"{""Dm8b"": 1}",R7_unclear:250138;R8_unclear:561699,,76353.0,45712.0,26952.0,71395.0,42050.0,32323.0,42.7,-26.6,,,
L,6,12,-7,-12,-6,-19,89.23,89.23,-44.91,0.00956,0.70817,-0.70598,zhao_uCT_match,1,134,-8.0,-13.0,pale,R7,"{""R7p"": 1, ""R8p"": 1}",R7p:280885;R8p:518409,,76218.0,45154.0,26411.0,71367.0,41698.0,32002.0,40.9,-25.0,,,
L,6,13,-6,-12,-7,-18,94.82,94.82,-42.3,-0.06211,0.73697,-0.67306,zhao_uCT_match,1,154,-7.0,-13.0,pale,R7,"{""R7p"": 1, ""R8p"": 1, ""Tm5b"": 1}",R7p:163982;R8p:536955,,76042.0,44456.0,25828.0,71515.0,41227.0,31575.0,38.2,-23.8,,,
L,6,14,-5,-12,-8,-17,100.27,100.27,-39.63,-0.13735,0.75789,-0.63776,zhao_uCT_match,1,173,-6.0,-13.0,yellow?,Dm8a/Tm5a home,"{""Dm8a"": 1, ""Tm5a"": 1}",R7_unclear:221606;R8_unclear:204450,,75791.0,43867.0,25317.0,71480.0,40868.0,31206.0,36.2,-22.3,,,
L,6,15,-4,-12,-9,-16,105.16,105.16,-37.0,-0.20887,0.77083,-0.60183,zhao_uCT_match,1,193,-5.0,-13.0,pale,R7,"{""R7p"": 1, ""R8p"": 1, ""Dm8b"": 1, ""Tm5b"": 1}",R7p:181456;R8p:192442,,75654.0,43111.0,24841.0,71630.0,40289.0,30869.0,33.7,-21.3,,,
L,6,16,-3,-12,-10,-15,110.52,110.52,-34.58,-0.28853,0.77107,-0.56763,zhao_uCT_match,1,213,-4.0,-13.0,yellow,R7,"{""R7y"": 1, ""R8y"": 1, ""Tm5a"": 1}",R8y:929810;R7y:148849,,75226.0,42511.0,24502.0,71592.0,39898.0,30667.0,30.5,-20.1,,,
L,6,17,-2,-12,-11,-14,115.63,115.63,-32.81,-0.36356,0.75779,-0.54182,zhao_uCT_match,1,233,-3.0,-13.0,pale,R7,"{""R7p"": 1, ""R8p"": 1, ""Dm8a"": 1, ""Tm5b"": 1}",R7p:168019;R8p:546240,,74934.0,41747.0,24118.0,71474.0,39419.0,30284.0,29.3,-18.2,,,
L,6,18,-1,-12,-12,-13,120.54,120.54,-31.23,-0.43443,0.73647,-0.51854,zhao_uCT_match,1,252,-2.0,-13.0,unclear,,"{""Dm8a"": 1, ""Dm8b"": 1}",R7_unclear:215687;R8_unclear:524567,,74635.0,41096.0,23886.0,71283.0,38909.0,30179.0,28.0,-17.1,,,
L,6,19,0,-12,-13,-12,125.52,125.52,-29.17,-0.50728,0.71068,-0.48743,zhao_uCT_match,1,272,-1.0,-13.0,pale,R7,"{""R7p"": 1, ""R8p"": 1}",R7p:132253;R8p:197702,,74327.0,40341.0,23615.0,71124.0,38207.0,30063.0,26.4,-16.5,,,
L,6,20,1,-12,-14,-11,131.88,131.88,-26.97,-0.59497,0.66357,-0.45353,zhao_uCT_match,1,291,0.0,-13.0,yellow,R7,"{""R7y"": 1, ""R8y"": 1, ""Dm8a"": 1}",R8y:192128;R7y:953130,,73706.0,39634.0,23449.0,70768.0,37680.0,29960.0,24.3,-15.3,,,
L,6,21,2,-12,-15,-10,133.79,133.79,-24.4,-0.63024,0.65736,-0.41314,zhao_uCT_match,1,311,1.0,-13.0,yellow,R7,"{""R7y"": 1, ""R8y"": 1, ""Dm8a"": 1}",R8y:189603;R7y:194390,,73542.0,38865.0,23306.0,70645.0,37057.0,29892.0,23.7,-14.1,,,
L,6,22,3,-12,-16,-9,141.09,141.09,-23.44,-0.71395,0.5762,-0.39783,extrapolated_local_linear,19,-1,,,unclear,,{},,,72779.0,37911.0,23314.0,70027.0,36217.0,30006.0,22.4,-13.2,90636,39453,28429
L,7,1,-18,-11,6,-29,-12.61,-12.61,-66.56,0.38815,-0.08685,-0.9175,extrapolated_local_linear,13,-1,,,unclear,,{},,,76601.0,49680.0,35262.0,71555.0,45336.0,38480.0,57.5,-36.0,,,
L,7,2,-17,-11,5,-28,-0.32,-0.32,-66.16,0.40418,-0.00228,-0.91467,zhao_uCT_match,1,0,-18.0,-12.0,yellow,R7,"{""R7y"": 1, ""R8y"": 1, ""Tm5a"": 1}",R8y:255526;R7y:211457,,77152.0,49677.0,34069.0,72052.0,45317.0,37379.0,57.0,-35.6,,,
L,7,3,-16,-11,4,-27,15.61,15.61,-61.6,0.45807,0.12799,-0.87965,zhao_uCT_match,1,5,-17.0,-12.0,yellow,R7,"{""R7y"": 1, ""R8y"": 1, ""Dm8a"": 3, ""Tm5a"": 1, ""Tm5b"": 1}",R8y:927272;R7y:211412,,76836.0,49510.0,32987.0,71736.0,45134.0,36428.0,56.0,-35.4,,,
L,7,4,-15,-11,3,-26,23.62,23.62,-60.05,0.45747,0.20002,-0.86644,zhao_uCT_match,1,13,-16.0,-12.0,unclear,,{},R7_unclear:215705;R8_unclear:205544,,76969.0,49139.0,32071.0,71868.0,44707.0,35652.0,54.9,-35.4,,,
L,7,5,-14,-11,2,-25,33.13,33.13,-58.22,0.44096,0.28783,-0.85012,zhao_uCT_match,1,24,-15.0,-12.0,yellow,R7,"{""R7y"": 1, ""R8y"": 1, ""Dm8a"": 1, ""Tm5a"": 1}",R8y:276191;R7y:940782,,76801.0,48709.0,31133.0,71571.0,44276.0,35175.0,52.3,-33.8,,,
L,7,6,-13,-11,1,-24,41.54,41.54,-56.01,0.41846,0.37072,-0.82913,zhao_uCT_match,1,37,-14.0,-12.0,unclear,,{},R7_unclear:549704;R8_unclear:216194,,77077.0,48328.0,30476.0,71726.0,43905.0,34832.0,50.9,-32.7,,,
L,7,7,-12,-11,0,-23,49.14,49.14,-53.62,0.38802,0.44854,-0.80514,zhao_uCT_match,1,52,-13.0,-12.0,yellow,R7,"{""R7y"": 1, ""R8y"": 1, ""Dm8a"": 1, ""Tm5a"": 2}",R8y:466400404;R7y:209005,,77232.0,47792.0,29748.0,71802.0,43440.0,34434.0,49.2,-31.2,,,
L,7,8,-11,-11,-1,-22,56.28,56.28,-51.27,0.34727,0.52041,-0.78012,zhao_uCT_match,1,67,-12.0,-12.0,yellow,R7,"{""R7y"": 1, ""R8y"": 1, ""Dm8a"": 1, ""Tm5a"": 1}",R8y:210821;R7y:211213,,77264.0,47246.0,29053.0,71788.0,43020.0,33975.0,48.0,-29.9,,,
L,7,9,-10,-11,-2,-21,63.15,63.15,-48.58,0.2988,0.59019,-0.74993,zhao_uCT_match,1,84,-11.0,-12.0,unclear,,{},R7_unclear:210083;R8_unclear:209189,,77323.0,46740.0,28437.0,71848.0,42703.0,33641.0,46.5,-28.1,,,
L,7,10,-9,-11,-3,-20,69.64,69.64,-45.86,0.24235,0.65292,-0.71761,zhao_uCT_match,1,104,-10.0,-12.0,pale,R7,"{""R7p"": 1, ""R8p"": 1, ""Dm8b"": 1}",R7p:188796;R8p:941001,,77472.0,46082.0,27758.0,72095.0,42236.0,33118.0,45.1,-26.9,,,
L,7,11,-8,-11,-4,-19,75.5,75.5,-43.42,0.18193,0.70322,-0.6873,zhao_uCT_match,1,122,-9.0,-12.0,yellow,R7,"{""R7y"": 1, ""R8y"": 1, ""Dm8a"": 1, ""Tm5a"": 1, ""Tm5b"": 1}",R8y:210753;R7y:202377,,77384.0,45542.0,27178.0,72178.0,41879.0,32734.0,43.1,-25.7,,,
L,7,12,-7,-11,-5,-18,81.28,81.28,-41.11,0.11428,0.74471,-0.65753,zhao_uCT_match,1,140,-8.0,-12.0,yellow?,Dm8a/Tm5a home,"{""Tm5a"": 1}",R7_unclear:953790;R8_unclear:196526,,77160.0,44930.0,26537.0,72112.0,41474.0,32283.0,41.3,-24.3,,,
L,7,13,-6,-11,-6,-17,86.5,86.5,-38.94,0.04748,0.77636,-0.6285,zhao_uCT_match,1,159,-7.0,-12.0,yellow,R7,"{""R7y"": 1, ""R8y"": 1}",R8y:193391;R7y:553450,,77122.0,44253.0,26025.0,72176.0,41025.0,31952.0,39.8,-22.7,,,
L,7,14,-5,-11,-7,-16,92.11,92.11,-36.46,-0.02967,0.80373,-0.59425,zhao_uCT_match,1,179,-6.0,-12.0,pale,R7,"{""R7p"": 1, ""R8p"": 1, ""Dm8a"": 1, ""Tm5a"": 1}",R7p:550441;R8p:187035,,76809.0,43771.0,25557.0,72246.0,40782.0,31594.0,37.1,-21.6,,,
L,7,15,-4,-11,-8,-15,97.44,97.44,-34.23,-0.10706,0.81978,-0.56258,zhao_uCT_match,1,199,-5.0,-12.0,pale?,Dm8b/Tm5b home,"{""Dm8b"": 1}",R7_unclear:179305;R8_unclear:178146,,76742.0,43060.0,25062.0,72367.0,40238.0,31228.0,35.4,-20.5,,,
L,7,16,-3,-11,-9,-14,102.36,102.36,-31.81,-0.18188,0.83012,-0.52709,zhao_uCT_match,1,218,-4.0,-12.0,yellow,R7,"{""R7y"": 1, ""R8y"": 1, ""Dm8a"": 1}",R8y:187005;R7y:564194,,76505.0,42382.0,24688.0,72450.0,39781.0,30982.0,32.8,-19.2,,,
L,7,17,-2,-11,-10,-13,107.28,107.28,-29.6,-0.25826,0.83028,-0.4939,zhao_uCT_match,1,240,-3.0,-12.0,pale,R7,"{""R7p"": 1, ""R8p"": 1, ""Tm5a"": 1}",R7p:518099;R8p:518104,,76297.0,41834.0,24351.0,72569.0,39520.0,30725.0,30.3,-17.4,,,
L,7,18,-1,-11,-11,-12,112.36,112.36,-28.1,-0.3356,0.81578,-0.47103,zhao_uCT_match,1,258,-2.0,-12.0,yellow,R7,"{""R7y"": 1, ""R8y"": 1, ""Dm8a"": 1}",R8y:520718;R7y:563950,,75892.0,41147.0,23998.0,72507.0,38970.0,30478.0,27.6,-16.6,,,
L,7,19,0,-11,-12,-11,117.73,117.73,-26.55,-0.41618,0.7918,-0.44705,zhao_uCT_match,1,277,-1.0,-12.0,yellow,R7,"{""R7y"": 1, ""R8y"": 1, ""Tm5a"": 1}",R8y:532645;R7y:33421,,75778.0,40374.0,23711.0,72570.0,38410.0,30234.0,26.2,-15.1,,,
L,7,20,1,-11,-13,-10,122.78,122.78,-24.63,-0.49218,0.76423,-0.4168,zhao_uCT_match,1,297,0.0,-12.0,yellow,R7,"{""R7y"": 1, ""R8y"": 1, ""Dm8a"": 2, ""Tm5a"": 1}",R8y:189380;R7y:183163,,75357.0,39763.0,23457.0,72419.0,37860.0,30057.0,24.0,-14.8,,,
L,7,21,2,-11,-14,-9,127.66,127.66,-22.68,-0.56366,0.73046,-0.38564,zhao_uCT_match,1,316,1.0,-12.0,pale,R7,"{""R7p"": 1, ""R8p"": 1, ""Dm8b"": 1, ""Tm5a"": 2}",R7p:129970;R8p:562203,,74788.0,38954.0,23227.0,71884.0,37179.0,29958.0,23.3,-13.6,89201,40438,27661
L,7,22,3,-11,-15,-8,132.44,132.44,-20.64,-0.63156,0.69056,-0.3525,zhao_uCT_match,1,335,2.0,-12.0,pale?,Dm8b/Tm5b home,"{""Dm8b"": 1}",R7_unclear:130575;R8_unclear:178385,,74222.0,38143.0,23022.0,71465.0,36645.0,29833.0,22.0,-11.5,89331,39671,27876
L,7,23,4,-11,-16,-7,140.19,140.19,-20.41,-0.71991,0.6001,-0.34872,zhao_uCT_match,1,356,3.0,-12.0,unclear,,{},R7_unclear:211564;R8_unclear:211728,,73813.0,37239.0,22890.0,71152.0,35892.0,29754.0,21.2,-10.4,90600,38604,28385
L,7,24,5,-11,-17,-6,146.46,146.46,-19.25,-0.78689,0.52163,-0.32972,extrapolated_local_linear,19,-1,,,unclear,,{},,,73053.0,36426.0,22924.0,70539.0,35110.0,29757.0,20.2,-10.2,90711,37739,28545
L,8,1,-18,-10,7,-28,-8.54,-8.54,-62.29,0.45988,-0.06908,-0.88529,extrapolated_local_linear,14,-1,,,unclear,,{},,,77567.0,49712.0,35401.0,72305.0,45427.0,38689.0,58.0,-34.6,,,
L,8,2,-17,-10,6,-27,4.35,4.35,-61.29,0.47897,0.03644,-0.87707,zhao_uCT_match,1,1,-18.0,-11.0,yellow,R7,"{""R7y"": 1, ""R8y"": 1, ""Dm8a"": 1, ""Tm5a"": 1}",R8y:285105;R7y:231905,,77961.0,49596.0,34089.0,72687.0,45240.0,37543.0,56.8,-34.6,,,
L,8,3,-16,-10,5,-26,13.23,13.23,-58.32,0.51129,0.12023,-0.85096,zhao_uCT_match,1,7,-17.0,-11.0,pale,R7,"{""R7p"": 1, ""R8p"": 1, ""Dm8b"": 1}",R7p:252716;R8p:252296,,77840.0,49349.0,33179.0,72546.0,44992.0,36735.0,56.1,-34.3,,,
L,8,4,-15,-10,4,-25,21.9,21.9,-55.47,0.52592,0.21142,-0.82384,zhao_uCT_match,1,15,-16.0,-11.0,pale?,Dm8b/Tm5b home,"{""Tm5b"": 1}",R7_unclear:230791;R8_unclear:240672,,78000.0,49010.0,32325.0,72649.0,44623.0,36129.0,54.6,-33.8,,,
L,8,5,-14,-10,3,-24,29.67,29.67,-53.76,0.51361,0.2926,-0.80659,zhao_uCT_match,1,26,-15.0,-11.0,pale,R7,"{""R7p"": 1, ""R8p"": 1, ""Dm8b"": 1, ""Tm5b"": 1}",R7p:240534;R8p:246150,,77804.0,48683.0,31483.0,72415.0,44251.0,35624.0,52.5,-33.1,,,
L,8,6,-13,-10,2,-23,37.19,37.19,-51.87,0.49182,0.37322,-0.78666,zhao_uCT_match,1,38,-14.0,-11.0,pale?,Dm8b/Tm5b home,"{""Dm8b"": 1}",R7_unclear:252435;R8_unclear:262967,,78038.0,48192.0,30679.0,72563.0,43829.0,35188.0,50.5,-31.6,,,
L,8,7,-12,-10,1,-22,44.36,44.36,-49.46,0.46469,0.45438,-0.76,zhao_uCT_match,1,53,-13.0,-11.0,yellow,R7,"{""R7y"": 1, ""R8y"": 1, ""Dm8a"": 1, ""Tm5a"": 1}",R8y:255082;R7y:216109,,78036.0,47667.0,29955.0,72470.0,43328.0,34718.0,49.4,-30.6,,,
L,8,8,-11,-10,0,-21,50.96,50.96,-47.41,0.42622,0.52563,-0.73624,zhao_uCT_match,1,71,-12.0,-11.0,pale?,Dm8b/Tm5b home,"{""Dm8b"": 1, ""Tm5b"": 1}",R7_unclear:230161;R8_unclear:237546,,78235.0,47046.0,29261.0,72594.0,42821.0,34392.0,47.7,-29.0,,,
L,8,9,-10,-10,-1,-20,57.2,57.2,-44.85,0.38403,0.59591,-0.70527,zhao_uCT_match,1,88,-11.0,-11.0,unclear,,{},R7_unclear:235927;R8_unclear:239492,,78344.0,46498.0,28658.0,72660.0,42461.0,33975.0,46.9,-27.4,,,
L,8,10,-9,-10,-2,-19,63.37,63.37,-42.03,0.33293,0.66404,-0.66948,zhao_uCT_match,1,107,-10.0,-11.0,pale,R7,"{""R7p"": 1, ""R8p"": 1, ""Dm8b"": 1, ""Tm5b"": 1}",R7p:228362;R8p:248000,,78379.0,45862.0,27957.0,72695.0,42065.0,33509.0,45.7,-25.5,,,
L,8,11,-8,-10,-3,-18,69.29,69.29,-39.46,0.27307,0.72218,-0.63552,zhao_uCT_match,1,124,-9.0,-11.0,yellow,R7,"{""R7y"": 1, ""R8y"": 1, ""Dm8a"": 1, ""Tm5a"": 1}",R8y:226251;R7y:202807,,78466.0,45201.0,27404.0,72990.0,41606.0,33089.0,43.9,-24.5,,,
L,8,12,-7,-10,-4,-17,74.28,74.28,-37.39,0.2153,0.76481,-0.60722,zhao_uCT_match,1,143,-8.0,-11.0,pale,R7,"{""R7p"": 1, ""R8p"": 1, ""Dm8b"": 1, ""Tm5b"": 1}",R7p:218213;R8p:235387,,78264.0,44600.0,26779.0,72887.0,41227.0,32619.0,42.6,-23.0,,,
L,8,13,-6,-10,-5,-16,79.35,79.35,-35.36,0.15077,0.8015,-0.57868,zhao_uCT_match,1,162,-7.0,-11.0,pale?,Dm8b/Tm5b home,"{""Dm8b"": 1}",R7_unclear:517472;R8_unclear:563593,,78215.0,43939.0,26253.0,73009.0,40722.0,32273.0,40.9,-22.0,,,
L,8,14,-5,-10,-6,-15,84.46,84.46,-32.94,0.08103,0.8353,-0.54379,zhao_uCT_match,1,182,-6.0,-11.0,pale,R7,"{""R7p"": 1, ""R8p"": 1}",R7p:222155;R8p:218169,,77925.0,43274.0,25733.0,72971.0,40287.0,31900.0,38.8,-20.7,,,
L,8,15,-4,-10,-7,-14,90.03,90.03,-30.46,-0.00044,0.86197,-0.50697,zhao_uCT_match,1,202,-5.0,-11.0,yellow,R7,"{""R7y"": 1, ""R8y"": 1, ""Dm8a"": 1, ""Tm5a"": 1, ""Tm5b"": 1}",R8y:218368;R7y:190339,,77739.0,42703.0,25295.0,73129.0,39929.0,31652.0,35.9,-19.5,,,
L,8,16,-3,-10,-8,-13,95.1,95.1,-28.57,-0.07803,0.87478,-0.47819,zhao_uCT_match,1,222,-4.0,-11.0,pale,R7,"{""R7p"": 1, ""R8p"": 1, ""Dm8b"": 1}",R7p:216671;R8p:249282,,77507.0,42172.0,24946.0,73132.0,39571.0,31394.0,34.2,-18.5,,,
L,8,17,-2,-10,-9,-12,99.59,99.59,-26.68,-0.14879,0.88107,-0.44897,zhao_uCT_match,1,243,-3.0,-11.0,unclear,,{},R7_unclear:205838;R8_unclear:546284,,77381.0,41384.0,24520.0,73326.0,39069.0,31039.0,31.9,-16.8,,,
L,8,18,-1,-10,-10,-11,104.35,104.35,-24.55,-0.22549,0.88123,-0.41543,zhao_uCT_match,1,264,-2.0,-11.0,yellow,R7,"{""R7y"": 1, ""R8y"": 1, ""Tm5b"": 1}",R8y:186746;R7y:171954,,77024.0,40875.0,24162.0,73297.0,38698.0,30711.0,29.6,-16.1,,,
L,8,19,0,-10,-11,-10,109.59,109.59,-23.03,-0.30852,0.86705,-0.39119,zhao_uCT_match,1,284,-1.0,-11.0,pale,R7,"{""R7p"": 1, ""R8p"": 1, ""Dm8a"": 1, ""Dm8b"": 1, ""Tm5a"": 1}",R7p:562262;R8p:166476,,76767.0,40079.0,23831.0,73391.0,38119.0,30484.0,26.9,-14.7,,,
L,8,20,1,-10,-12,-9,114.92,114.92,-21.66,-0.39165,0.84282,-0.36914,zhao_uCT_match,1,303,0.0,-11.0,pale,R7,"{""R7p"": 1, ""R8p"": 1}",R7p:128741;R8p:174482,,76439.0,39223.0,23487.0,73243.0,37407.0,30218.0,25.4,-13.7,,,
L,8,21,2,-10,-13,-8,120.19,120.19,-19.99,-0.47254,0.8123,-0.34188,zhao_uCT_match,1,324,1.0,-11.0,yellow,R7,"{""R7y"": 1, ""R8y"": 1, ""Dm8a"": 1, ""Dm8b"": 1, ""Tm5a"": 1, ""Tm5b"": 1}",R8y:199223;R7y:186734,,75923.0,38684.0,23239.0,73003.0,36990.0,30095.0,23.1,-12.8,,,
L,8,22,3,-10,-14,-7,125.12,125.12,-18.13,-0.54679,0.77728,-0.31123,zhao_uCT_match,1,345,2.0,-11.0,yellow,R7,"{""R7y"": 1, ""R8y"": 1, ""Dm8a"": 1, ""Tm5a"": 1}",R8y:543995;R7y:206630,,75583.0,37793.0,23003.0,72719.0,36360.0,29889.0,22.6,-10.9,89244,39197,27442
L,8,23,4,-10,-15,-6,130.57,130.57,-16.57,-0.62341,0.72804,-0.28517,zhao_uCT_match,1,362,3.0,-11.0,yellow,R7,"{""R7y"": 1, ""R8y"": 1, ""Dm8a"": 1, ""Tm5a"": 1, ""Tm5b"": 1}",R8y:182397;R7y:193090,,75117.0,36922.0,22776.0,72424.0,35583.0,29671.0,21.3,-10.3,89391,38611,27807
L,8,24,5,-10,-16,-5,137.78,137.78,-15.64,-0.71316,0.64706,-0.26967,zhao_uCT_match,1,380,4.0,-11.0,yellow,R7,"{""R7y"": 1, ""R8y"": 1, ""Dm8a"": 1, ""Tm5a"": 1}",R8y:202004;R7y:204215,,74631.0,36190.0,22616.0,72116.0,34904.0,29512.0,20.0,-9.9,89676,37764,28158
L,8,25,6,-10,-17,-4,145.41,145.41,-15.7,-0.79255,0.54646,-0.27066,zhao_uCT_match,1,401,5.0,-11.0,pale,R7,"{""R7p"": 1, ""R8p"": 1, ""Dm8b"": 1}",R7p:568213;R8p:203344,,74171.0,35533.0,22532.0,71894.0,34489.0,29408.0,18.3,-8.2,89617,37058,28248
L,8,26,7,-10,-18,-3,152.34,152.34,-15.26,-0.85446,0.44792,-0.26319,extrapolated_local_linear,19,-1,,,unclear,,{},,,73405.0,34743.0,22576.0,71261.0,33952.0,29375.0,17.5,-6.3,90696,35184,28707
L,9,1,-18,-9,8,-27,-7.22,-7.22,-57.43,0.534,-0.06762,-0.84278,extrapolated_local_linear,15,-1,,,unclear,,{},,,78566.0,49572.0,35411.0,73238.0,45294.0,38916.0,56.7,-33.9,,,
L,9,2,-17,-9,7,-26,3.2,3.2,-56.33,0.55353,0.03098,-0.83226,zhao_uCT_match,1,2,-18.0,-10.0,pale,R7,"{""R7p"": 1, ""R8p"": 1, ""Dm8b"": 1, ""Tm5b"": 1}",R7p:418262;R8p:223386,,78577.0,49491.0,34284.0,73226.0,45200.0,37851.0,56.3,-33.7,,,
L,9,3,-16,-9,6,-25,11.86,11.86,-53.99,0.57541,0.12086,-0.80889,zhao_uCT_match,1,8,-17.0,-10.0,yellow,R7,"{""R7y"": 1, ""R8y"": 1, ""Dm8a"": 1, ""Tm5a"": 1}",R8y:292315;R7y:230035,,78799.0,49177.0,33234.0,73448.0,44856.0,36989.0,54.9,-33.5,,,
L,9,4,-15,-9,5,-24,19.32,19.32,-51.55,0.58675,0.2057,-0.7832,zhao_uCT_match,1,18,-16.0,-10.0,yellow,R7,"{""R7y"": 1, ""R8y"": 1, ""Dm8a"": 1, ""Tm5a"": 1}",R8y:203683;R7y:226490,,78743.0,48842.0,32449.0,73370.0,44487.0,36448.0,53.3,-33.0,,,
L,9,5,-14,-9,4,-23,26.65,26.65,-49.33,0.58243,0.29227,-0.75852,zhao_uCT_match,1,29,-15.0,-10.0,yellow,R7,"{""R7y"": 1, ""R8y"": 1, ""Dm8a"": 1}",R8y:254537;R7y:251637,,78648.0,48481.0,31626.0,73110.0,44117.0,35898.0,52.4,-32.0,,,
L,9,6,-13,-9,3,-22,33.56,33.56,-47.54,0.56257,0.37319,-0.73772,zhao_uCT_match,1,42,-14.0,-10.0,pale?,Dm8b/Tm5b home,"{""Tm5b"": 1}",R7_unclear:240526;R8_unclear:279886,,78890.0,47969.0,30880.0,73254.0,43630.0,35445.0,51.0,-30.9,,,
L,9,7,-12,-9,2,-21,40.0,40.0,-45.61,0.53592,0.44962,-0.71459,zhao_uCT_match,1,57,-13.0,-10.0,pale?,Dm8b/Tm5b home,"{""Dm8b"": 1}",R7_unclear:276371;R8_unclear:533743,,78967.0,47478.0,30153.0,73284.0,43241.0,34927.0,50.0,-29.7,,,
L,9,8,-11,-9,1,-20,46.26,46.26,-43.65,0.50026,0.52281,-0.69022,zhao_uCT_match,1,73,-12.0,-10.0,pale,R7,"{""R7p"": 1, ""R8p"": 1, ""Tm5b"": 1}",R7p:271794;R8p:189202,,79294.0,46811.0,29485.0,73588.0,42675.0,34616.0,48.0,-28.3,,,
L,9,9,-10,-9,0,-19,51.63,51.63,-41.69,0.46355,0.58553,-0.66504,zhao_uCT_match,1,92,-11.0,-10.0,unclear,,"{""Dm8b"": 1, ""Tm5a"": 1, ""Tm5b"": 1}",R7_unclear:248617;R8_unclear:203010,,79298.0,46202.0,28839.0,73541.0,42167.0,34156.0,47.3,-27.2,,,
L,9,10,-9,-9,-1,-18,57.14,57.14,-39.03,0.42152,0.65252,-0.62971,zhao_uCT_match,1,110,-10.0,-10.0,pale,R7,"{""R7p"": 1, ""R8p"": 1}",R7p:258779;R8p:197153,,79398.0,45548.0,28231.0,73642.0,41751.0,33787.0,46.0,-25.4,,,
L,9,11,-8,-9,-2,-17,63.31,63.31,-36.34,0.36182,0.71963,-0.59264,zhao_uCT_match,1,130,-9.0,-10.0,pale,R7,"{""R7p"": 1, ""R8p"": 1, ""Dm8b"": 1, ""Tm5b"": 1}",R7p:246286;R8p:191686,,79256.0,44974.0,27618.0,73569.0,41378.0,33426.0,44.4,-23.9,,,
L,9,12,-7,-9,-3,-16,68.57,68.57,-33.83,0.30349,0.77326,-0.55674,zhao_uCT_match,1,150,-8.0,-10.0,yellow,R7,"{""R7y"": 1, ""R8y"": 1, ""Dm8a"": 1, ""Tm5a"": 1}",R8y:195492;R7y:282681,,79299.0,44204.0,26990.0,73616.0,40855.0,33009.0,43.4,-22.0,,,
L,9,13,-6,-9,-4,-15,73.01,73.01,-31.97,0.24787,0.81129,-0.52949,zhao_uCT_match,1,170,-7.0,-10.0,pale,R7,"{""R7p"": 1, ""R8p"": 1, ""Dm8b"": 1}",R7p:225426;R8p:185194,,79097.0,43562.0,26470.0,73677.0,40418.0,32567.0,41.6,-21.1,,,
L,9,14,-5,-9,-5,-14,78.08,78.08,-29.7,0.17946,0.84986,-0.49551,zhao_uCT_match,1,189,-6.0,-10.0,yellow,R7,"{""R7y"": 1, ""R8y"": 1, ""Dm8a"": 1, ""Tm5a"": 1}",R8y:194458;R7y:175941,,78943.0,43068.0,26053.0,73733.0,40201.0,32347.0,39.6,-19.3,,,
L,9,15,-4,-9,-6,-13,83.4,83.4,-27.2,0.10216,0.88355,-0.45705,zhao_uCT_match,1,211,-5.0,-10.0,unclear,,{},R7_unclear:203679;R8_unclear:550276,,78900.0,42384.0,25668.0,73946.0,39663.0,32072.0,37.7,-18.6,,,
L,9,16,-3,-9,-7,-12,88.7,88.7,-25.04,0.02051,0.90578,-0.42325,zhao_uCT_match,1,232,-4.0,-10.0,pale?,Dm8b/Tm5b home,"{""Dm8b"": 1, ""Tm5b"": 1}",R7_unclear:209941;R8_unclear:202177,,78648.0,41683.0,25171.0,74038.0,39110.0,31690.0,35.3,-17.9,,,
L,9,17,-2,-9,-8,-11,93.1,93.1,-23.47,-0.04957,0.9159,-0.39834,zhao_uCT_match,1,251,-3.0,-10.0,pale,R7,"{""R7p"": 1, ""R8p"": 1}",R7p:213792;R8p:124821,,78498.0,41012.0,24794.0,74123.0,38726.0,31394.0,33.5,-16.1,,,
L,9,18,-1,-9,-9,-10,97.36,97.36,-21.28,-0.11936,0.92412,-0.36297,zhao_uCT_match,1,273,-2.0,-10.0,pale,R7,"{""R7p"": 1, ""R8p"": 1, ""Dm8b"": 1}",R7p:176194;R8p:210911,,78137.0,40369.0,24386.0,74082.0,38192.0,31061.0,31.3,-15.6,,,
L,9,19,0,-9,-10,-9,102.12,102.12,-19.33,-0.19811,0.9226,-0.33099,zhao_uCT_match,1,292,-1.0,-10.0,yellow?,Dm8a/Tm5a home,"{""Tm5a"": 1}",R7_unclear:184481;R8_unclear:226310,,77905.0,39625.0,24064.0,74177.0,37665.0,30874.0,28.7,-14.2,,,
L,9,20,1,-9,-11,-8,107.04,107.04,-17.99,-0.27874,0.90934,-0.30888,zhao_uCT_match,1,313,0.0,-10.0,pale,R7,"{""R7p"": 1, ""R8p"": 1, ""Tm5b"": 1}",R7p:206702;R8p:543731,,77326.0,39091.0,23696.0,73950.0,37338.0,30568.0,26.2,-12.9,,,
L,9,21,2,-9,-12,-7,112.42,112.42,-16.58,-0.36555,0.88599,-0.28528,zhao_uCT_match,1,332,1.0,-10.0,yellow,R7,"{""R7y"": 1, ""R8y"": 1, ""Dm8a"": 1, ""Tm5a"": 1}",R8y:180030;R7y:148701,,76966.0,38240.0,23349.0,73784.0,36741.0,30244.0,24.8,-11.2,89025,39486,26829
L,9,22,3,-9,-13,-6,117.72,117.72,-14.89,-0.44959,0.85546,-0.257,zhao_uCT_match,1,352,2.0,-10.0,yellow,R7,"{""R7y"": 1, ""R8y"": 1, ""Dm8a"": 1, ""Tm5a"": 1}",R8y:182196;R7y:156073,,76533.0,37457.0,23077.0,73669.0,36116.0,30074.0,22.3,-10.1,89122,38676,27075
L,9,23,4,-9,-14,-5,122.51,122.51,-13.22,-0.52326,0.82091,-0.22869,zhao_uCT_match,1,372,3.0,-10.0,yellow,R7,"{""R7y"": 1, ""R8y"": 1, ""Dm8a"": 1}",R8y:189974;R7y:561489,,76175.0,36598.0,22884.0,73455.0,35301.0,29922.0,21.1,-9.8,89238,38048,27419
L,9,24,5,-9,-15,-4,128.26,128.26,-11.97,-0.60577,0.76812,-0.20747,zhao_uCT_match,1,392,4.0,-10.0,pale,R7,"{""R7p"": 1, ""R8p"": 1, ""Tm5a"": 1}",R7p:196784;R8p:549954,,75690.0,35858.0,22698.0,73060.0,34712.0,29742.0,20.5,-8.7,89374,37336,27737
L,9,25,6,-9,-16,-3,135.24,135.24,-11.79,-0.69508,0.68929,-0.20431,zhao_uCT_match,1,412,5.0,-10.0,pale?,Dm8b/Tm5b home,"{""Tm5b"": 1}",R7_unclear:549663;R8_unclear:549662,,75550.0,35234.0,22492.0,73227.0,34325.0,29522.0,18.3,-7.0,89558,36511,28077
L,9,26,7,-9,-17,-2,143.52,143.52,-12.7,-0.7844,0.57998,-0.21986,zhao_uCT_match,1,427,6.0,-10.0,pale?,Dm8b/Tm5b home,"{""Dm8b"": 2}",R7_unclear:107527;R8_unclear:143595,,74920.0,34526.0,22353.0,72739.0,33821.0,29210.0,17.6,-5.6,90339,35483,28257
L,9,27,8,-9,-18,-1,150.96,150.96,-11.19,-0.85768,0.47616,-0.19404,zhao_uCT_match,1,446,7.0,-10.0,pale,R7,"{""R7p"": 1, ""R8p"": 1, ""Dm8b"": 1, ""Tm5b"": 1}",R7p:102573;R8p:192213,,74390.0,33642.0,22241.0,72301.0,33067.0,29039.0,17.1,-4.6,90755,34475,28630
L,9,28,9,-9,-19,0,158.46,158.46,-10.22,-0.91541,0.3613,-0.17742,extrapolated_local_linear,17,-1,,,unclear,,{},,,73454.0,33488.0,22411.0,71402.0,33005.0,29082.0,17.1,-4.0,89753,33855,28423
L,10,1,-18,-8,9,-26,-7.14,-7.14,-52.53,0.60358,-0.07558,-0.79372,extrapolated_local_linear,16,-1,,,unclear,,{},,,79192.0,49407.0,35416.0,73859.0,45206.0,39024.0,55.9,-33.1,,,
L,10,2,-17,-8,8,-25,1.67,1.67,-51.04,0.62852,0.01838,-0.77758,zhao_uCT_match,1,6,-18.0,-9.0,pale?,Dm8b/Tm5b home,"{""Tm5b"": 1}",R7_unclear:366488;R8_unclear:296369,,79268.0,49336.0,34485.0,73914.0,45059.0,38323.0,54.4,-33.0,,,
L,10,3,-16,-8,7,-24,9.97,9.97,-49.32,0.64195,0.11282,-0.7584,zhao_uCT_match,1,14,-17.0,-9.0,yellow,R7,"{""R7y"": 1, ""R8y"": 1, ""Dm8a"": 1, ""Tm5a"": 1}",R8y:333372;R7y:356457,,79493.0,49070.0,33649.0,74121.0,44792.0,37620.0,53.5,-32.6,,,
L,10,4,-15,-8,6,-23,16.78,16.78,-47.39,0.64822,0.19543,-0.73595,zhao_uCT_match,1,23,-16.0,-9.0,pale?,Dm8b/Tm5b home,"{""Tm5b"": 1}",R7_unclear:357482;R8_unclear:346748,,79555.0,48695.0,32721.0,74017.0,44404.0,36861.0,53.2,-31.8,,,
L,10,5,-14,-8,5,-22,23.28,23.28,-45.65,0.64219,0.27628,-0.71503,zhao_uCT_match,1,35,-15.0,-9.0,pale,R7,"{""R7p"": 1, ""R8p"": 1, ""Dm8b"": 1}",R7p:369808;R8p:322799,,79602.0,48273.0,31914.0,73965.0,43934.0,36423.0,51.3,-31.0,,,
L,10,6,-13,-8,4,-21,29.88,29.88,-43.69,0.62697,0.36016,-0.69079,zhao_uCT_match,1,49,-14.0,-9.0,pale,R7,"{""R7p"": 1, ""R8p"": 1, ""Dm8b"": 1, ""Tm5a"": 1, ""Tm5b"": 1}",R7p:410617;R8p:423656,,79730.0,47777.0,31164.0,74025.0,43540.0,35860.0,50.5,-29.8,,,
L,10,7,-12,-8,3,-20,35.99,35.99,-41.87,0.60248,0.43761,-0.66747,zhao_uCT_match,1,65,-13.0,-9.0,pale,R7,"{""R7p"": 1, ""R8p"": 1}",R7p:319131;R8p:363743,,79907.0,47217.0,30466.0,74068.0,43041.0,35349.0,50.1,-28.8,,,
L,10,8,-11,-8,2,-19,41.81,41.81,-40.14,0.56979,0.5097,-0.64463,zhao_uCT_match,1,83,-12.0,-9.0,pale,R7,"{""R7p"": 1, ""R8p"": 1, ""Dm8a"": 1, ""Dm8b"": 1, ""Tm5b"": 1}",R7p:260572;R8p:267808,,80210.0,46566.0,29787.0,74294.0,42501.0,34918.0,49.1,-27.4,,,
L,10,9,-10,-8,1,-18,46.97,46.97,-38.43,0.53452,0.57263,-0.6216,zhao_uCT_match,1,99,-11.0,-9.0,pale?,Dm8b/Tm5b home,"{""Dm8b"": 1, ""Tm5b"": 1}",R7_unclear:249575;R8_unclear:249265,,80381.0,45850.0,29147.0,74438.0,41894.0,34464.0,48.2,-26.4,,,
L,10,10,-9,-8,0,-17,52.21,52.21,-35.91,0.49633,0.6401,-0.58645,zhao_uCT_match,1,118,-10.0,-9.0,yellow,R7,"{""R7y"": 1, ""R8y"": 1, ""Dm8a"": 1, ""Tm5a"": 1}",R8y:233614;R7y:224208,,80392.0,45162.0,28490.0,74449.0,41365.0,34046.0,46.9,-25.0,,,
L,10,11,-8,-8,-1,-16,57.7,57.7,-33.32,0.44649,0.70637,-0.54926,zhao_uCT_match,1,135,-9.0,-9.0,yellow,R7,"{""R7y"": 1, ""R8y"": 1, ""Dm8a"": 1, ""Tm5a"": 1}",R8y:226235;R7y:192577,,80414.0,44571.0,27942.0,74471.0,40975.0,33750.0,45.7,-23.4,,,
L,10,12,-7,-8,-2,-15,63.18,63.18,-30.67,0.38805,0.76762,-0.51008,zhao_uCT_match,1,157,-8.0,-9.0,pale?,Dm8b/Tm5b home,"{""Dm8b"": 1, ""Tm5b"": 1}",R7_unclear:229426;R8_unclear:220072,,80278.0,44075.0,27418.0,74396.0,40727.0,33437.0,44.3,-21.7,,,
L,10,13,-6,-8,-3,-14,67.91,67.91,-28.63,0.33006,0.81331,-0.47915,zhao_uCT_match,1,177,-7.0,-9.0,yellow,R7,"{""R7y"": 1, ""R8y"": 1, ""Dm8a"": 1, ""Tm5a"": 1}",R8y:210918;R7y:192103,,80069.0,43327.0,26854.0,74382.0,40183.0,33021.0,42.7,-20.5,,,
L,10,14,-5,-8,-4,-13,72.5,72.5,-26.64,0.26871,0.85248,-0.4484,zhao_uCT_match,1,196,-6.0,-9.0,pale?,Dm8b/Tm5b home,"{""Dm8b"": 1}",R7_unclear:940825;R8_unclear:185567,,79829.0,42784.0,26393.0,74366.0,39917.0,32688.0,41.0,-19.0,,,
L,10,15,-4,-8,-5,-12,77.46,77.46,-24.16,0.19804,0.89068,-0.40924,zhao_uCT_match,1,217,-5.0,-9.0,pale,R7,"{""R7p"": 1, ""R8p"": 1, ""Dm8b"": 1, ""Tm5b"": 1}",R7p:267881;R8p:191642,,79747.0,42065.0,25948.0,74536.0,39451.0,32396.0,38.9,-17.5,,,
L,10,16,-3,-8,-6,-11,82.53,82.53,-21.9,0.12062,0.91997,-0.37297,zhao_uCT_match,1,239,-4.0,-9.0,yellow,R7,"{""R7y"": 1, ""R8y"": 1, ""Dm8a"": 1, ""Tm5a"": 1}",R8y:187977;R7y:562515,,79523.0,41302.0,25457.0,74568.0,38887.0,32006.0,37.1,-16.4,,,
L,10,17,-2,-8,-7,-10,87.43,87.43,-20.14,0.04206,0.93793,-0.34426,zhao_uCT_match,1,260,-3.0,-9.0,pale,R7,"{""R7p"": 1, ""R8p"": 1, ""Dm8b"": 1}",R7p:186807;R8p:179830,,79350.0,40601.0,25055.0,74740.0,38356.0,31708.0,34.7,-15.5,,,
L,10,18,-1,-8,-8,-9,91.56,91.56,-18.37,-0.02587,0.94867,-0.31521,zhao_uCT_match,1,280,-2.0,-9.0,pale?,Dm8b/Tm5b home,"{""Tm5b"": 1}",R7_unclear:517961;R8_unclear:517962,,79043.0,39945.0,24643.0,74712.0,37825.0,31363.0,32.8,-14.9,,,
L,10,19,0,-8,-9,-8,95.87,95.87,-16.05,-0.09828,0.95599,-0.27646,zhao_uCT_match,1,301,-1.0,-9.0,pale?,Dm8b/Tm5b home,"{""Dm8b"": 1}",R7_unclear:215448;R8_unclear:524955,,78766.0,39167.0,24273.0,74805.0,37351.0,31112.0,30.1,-12.9,,,
L,10,20,1,-8,-10,-7,100.54,100.54,-14.42,-0.17717,0.95216,-0.24901,zhao_uCT_match,1,322,0.0,-9.0,pale,R7,"{""R7p"": 1, ""R8p"": 1, ""Dm8a"": 1, ""Dm8b"": 1, ""Tm5b"": 1}",R7p:176210;R8p:534024,,78391.0,38471.0,23898.0,74701.0,36806.0,30794.0,28.2,-12.0,88781,39590,26161
L,10,21,2,-8,-11,-6,105.42,105.42,-12.99,-0.25901,0.93934,-0.22483,zhao_uCT_match,1,344,1.0,-9.0,yellow,R7,"{""R7y"": 1, ""R8y"": 1, ""Dm8a"": 1, ""Tm5a"": 1}",R8y:230203;R7y:200599,,77964.0,37714.0,23565.0,74635.0,36281.0,30562.0,25.4,-10.5,,,
L,10,22,3,-8,-12,-5,110.76,110.76,-11.24,-0.3477,0.91713,-0.19486,zhao_uCT_match,1,363,2.0,-9.0,pale?,Dm8b/Tm5b home,"{""Dm8b"": 1, ""Tm5b"": 1}",R7_unclear:209559;R8_unclear:176209,,77590.0,36973.0,23262.0,74469.0,35667.0,30312.0,23.9,-9.6,88960,38168,26794
L,10,23,4,-8,-13,-4,115.49,115.49,-9.7,-0.42426,0.88974,-0.16843,zhao_uCT_match,1,383,3.0,-9.0,pale,R7,"{""R7p"": 1, ""R8p"": 1}",R7p:207849;R8p:213296,,77233.0,36274.0,22993.0,74369.0,35128.0,30056.0,22.1,-8.6,89202,37460,27119
L,10,24,5,-8,-14,-3,120.68,120.68,-8.47,-0.50462,0.85068,-0.14731,zhao_uCT_match,1,404,4.0,-9.0,yellow,R7,"{""R7y"": 1, ""R8y"": 1, ""Tm5a"": 1}",R8y:170543;R7y:525157,,76748.0,35525.0,22780.0,74115.0,34530.0,29898.0,20.3,-7.5,89211,36693,27353
L,10,25,6,-8,-15,-2,126.72,126.72,-7.39,-0.59297,0.79488,-0.12868,zhao_uCT_match,1,424,5.0,-9.0,yellow,R7,"{""R7y"": 1, ""R8y"": 1, ""Dm8a"": 1, ""Tm5a"": 1}",R8y:227998;R7y:92057,,76376.0,34575.0,22544.0,73863.0,33786.0,29619.0,19.6,-6.0,89434,36129,27579
L,10,26,7,-8,-16,-1,133.54,133.54,-7.16,-0.68343,0.7193,-0.12461,zhao_uCT_match,1,442,6.0,-9.0,pale,R7,"{""R7p"": 1, ""R8p"": 1, ""Dm8a"": 1}",R7p:562483;R8p:512962,,75872.0,33864.0,22361.0,73618.0,33268.0,29392.0,17.8,-4.6,89395,35138,27755
L,10,27,8,-8,-17,0,141.1,141.1,-6.86,-0.77267,0.62348,-0.11943,zhao_uCT_match,1,460,7.0,-9.0,unclear,,"{""Tm5a"": 1, ""Tm5b"": 2}",R7_unclear:901416;R8_unclear:532089,,75341.0,33153.0,22228.0,73234.0,32670.0,29042.0,17.2,-3.9,89558,34226,28039
L,10,28,9,-8,-18,1,149.79,149.79,-6.37,-0.85886,0.50005,-0.11095,zhao_uCT_match,1,477,8.0,-9.0,yellow?,Dm8a/Tm5a home,"{""Tm5a"": 1}",R7_unclear:163572;R8_unclear:160966,,74918.0,32312.0,22103.0,72847.0,31937.0,28882.0,17.0,-3.0,89681,33252,28428
L,10,29,10,-8,-19,2,158.0,158.0,-6.34,-0.92149,0.37235,-0.11049,extrapolated_local_linear,18,-1,,,unclear,,{},,,73876.0,32091.0,22208.0,71820.0,31772.0,28838.0,17.2,-2.6,90775,32126,29053
L,11,1,-18,-7,10,-25,-7.15,-7.15,-47.88,0.66542,-0.08346,-0.74179,extrapolated_local_linear,15,-1,,,unclear,,{},,,79819.0,49241.0,35420.0,74459.0,45073.0,39405.0,53.4,-32.0,,,
L,11,2,-17,-7,9,-24,0.46,0.46,-46.58,0.68732,0.0055,-0.72634,zhao_uCT_match,1,12,-18.0,-8.0,yellow?,Dm8a/Tm5a home,"{""Tm5a"": 1}",R7_unclear:363173;R8_unclear:251987,,80171.0,49010.0,34643.0,74797.0,44842.0,38641.0,53.4,-31.9,,,
L,11,3,-16,-7,8,-23,8.07,8.07,-45.35,0.69585,0.09861,-0.71138,zhao_uCT_match,1,17,-17.0,-8.0,pale?,Dm8b/Tm5b home,"{""Dm8b"": 1}",R7_unclear:262110;R8_unclear:105083813,,80302.0,48710.0,33691.0,74866.0,44509.0,37832.0,52.7,-31.6,,,
L,11,4,-15,-7,7,-22,14.53,14.53,-43.64,0.70055,0.1816,-0.6901,zhao_uCT_match,1,28,-16.0,-8.0,pale,R7,"{""R7p"": 1, ""Tm5b"": 1}",R7p:260823,,80487.0,48362.0,32952.0,74921.0,44128.0,37193.0,52.7,-31.2,,,
L,11,5,-14,-7,6,-21,20.53,20.53,-41.84,0.69772,0.26128,-0.66702,zhao_uCT_match,1,40,-15.0,-8.0,pale?,Dm8b/Tm5b home,"{""Dm8b"": 1}",R8_unclear:306289,,80507.0,48044.0,32234.0,74802.0,43810.0,36756.0,51.6,-30.2,,,
L,11,6,-13,-7,5,-20,26.47,26.47,-40.25,0.68321,0.34021,-0.64613,zhao_uCT_match,1,54,-14.0,-8.0,pale?,Dm8b/Tm5b home,"{""Tm5b"": 1}",R7_unclear:272789;R8_unclear:286761,,80741.0,47497.0,31418.0,74901.0,43329.0,36181.0,50.8,-28.9,,,
L,11,7,-12,-7,4,-19,32.53,32.53,-38.42,0.66056,0.42128,-0.62144,zhao_uCT_match,1,70,-13.0,-8.0,yellow,R7,"{""R7y"": 1, ""R8y"": 1, ""Dm8a"": 1, ""Tm5a"": 1}",R8y:276378;R7y:287874,,80877.0,46934.0,30753.0,74935.0,42845.0,35768.0,49.8,-27.7,,,
L,11,8,-11,-7,3,-18,38.12,38.12,-36.3,0.63399,0.49754,-0.59204,zhao_uCT_match,1,87,-12.0,-8.0,yellow,R7,"{""R7y"": 1, ""R8y"": 1, ""Tm5a"": 1}",R8y:343992;R7y:234548,,81101.0,46338.0,30156.0,75027.0,42301.0,35287.0,49.8,-26.9,,,
L,11,9,-10,-7,2,-17,43.03,43.03,-34.61,0.60164,0.56167,-0.56794,zhao_uCT_match,1,106,-11.0,-8.0,pale,R7,"{""R7p"": 1, ""R8p"": 1, ""Dm8b"": 1, ""Tm5b"": 1}",R7p:256432;R8p:244412,,81327.0,45636.0,29603.0,75146.0,41839.0,34920.0,49.3,-25.0,,,
L,11,10,-9,-7,1,-16,47.86,47.86,-32.51,0.56585,0.62533,-0.53737,zhao_uCT_match,1,123,-10.0,-8.0,pale,R7,"{""R7p"": 1, ""R8p"": 1, ""Dm8b"": 1}",R7p:228188;R8p:229138,,81272.0,45006.0,28931.0,75068.0,41411.0,34487.0,48.2,-23.3,,,
L,11,11,-8,-7,0,-15,53.18,53.18,-30.0,0.51906,0.69321,-0.50003,zhao_uCT_match,1,142,-9.0,-8.0,pale,R7,"{""R7p"": 1, ""R8p"": 1, ""Dm8b"": 1, ""Tm5b"": 1}",R7p:240437;R8p:228492,,81349.0,44136.0,28243.0,75168.0,40762.0,34051.0,46.8,-21.7,,,
L,11,12,-7,-7,-1,-14,58.17,58.17,-27.57,0.46751,0.75316,-0.46279,zhao_uCT_match,1,163,-8.0,-8.0,yellow,R7,"{""R7y"": 1, ""R8y"": 1, ""Dm8a"": 1, ""Tm5a"": 1}",R8y:224899;R7y:209812,,81215.0,43539.0,27698.0,75272.0,40347.0,33717.0,44.6,-20.7,,,
L,11,13,-6,-7,-2,-13,63.03,63.03,-25.37,0.40984,0.80525,-0.4285,zhao_uCT_match,1,183,-7.0,-8.0,pale,R7,"{""R7p"": 1, ""R8p"": 1, ""Dm8b"": 1, ""Tm5b"": 1}",R7p:170982;R8p:228491,,81017.0,42991.0,27190.0,75136.0,39846.0,33343.0,43.7,-20.3,,,
L,11,14,-5,-7,-3,-12,67.69,67.69,-23.33,0.34852,0.84952,-0.39603,zhao_uCT_match,1,204,-6.0,-8.0,yellow,R7,"{""R7y"": 1, ""R8y"": 1, ""Dm8a"": 1, ""Tm5a"": 1}",R8y:248699;R7y:191685,,80839.0,42292.0,26727.0,75156.0,39426.0,33022.0,42.1,-18.7,,,
L,11,15,-4,-7,-4,-11,72.3,72.3,-21.31,0.28319,0.88752,-0.36347,zhao_uCT_match,1,223,-5.0,-8.0,pale?,Dm8b/Tm5b home,"{""Dm8b"": 1, ""Tm5b"": 1}",R7_unclear:216404;R8_unclear:219581,,80655.0,41502.0,26218.0,75235.0,38929.0,32737.0,39.7,-16.9,,,
L,11,16,-3,-7,-5,-10,77.03,77.03,-19.23,0.21196,0.92008,-0.32944,zhao_uCT_match,1,244,-4.0,-8.0,pale,R7,"{""R7p"": 1, ""R8p"": 1, ""Dm8b"": 1}",R7p:212138;R8p:212832,,80507.0,40834.0,25843.0,75301.0,38464.0,32443.0,38.3,-15.7,,,
L,11,17,-2,-7,-6,-9,82.09,82.09,-17.04,0.13163,0.94699,-0.29307,zhao_uCT_match,1,267,-3.0,-8.0,pale,R7,"{""R7p"": 1, ""R8p"": 1}",R7p:203454;R8p:229929,,80239.0,40130.0,25405.0,75294.0,37954.0,32113.0,36.4,-14.6,,,
L,11,18,-1,-7,-7,-8,86.56,86.56,-15.43,0.05788,0.96223,-0.26601,zhao_uCT_match,1,288,-2.0,-8.0,pale,R7,"{""R7p"": 1, ""R8p"": 1, ""Dm8b"": 1, ""Tm5b"": 1}",R7p:195829;R8p:204799,,79807.0,39505.0,24898.0,75241.0,37544.0,31714.0,33.8,-13.4,,,
L,11,19,0,-7,-8,-7,90.61,90.61,-13.36,-0.01041,0.97287,-0.23112,zhao_uCT_match,1,309,-1.0,-8.0,yellow,R7,"{""R7y"": 1, ""R8y"": 1, ""Dm8a"": 1, ""Tm5a"": 1}",R8y:194217;R7y:136538,,79508.0,38613.0,24483.0,75384.0,36860.0,31370.0,30.9,-12.3,,,
L,11,20,1,-7,-9,-6,95.03,95.03,-11.26,-0.08591,0.97698,-0.19526,zhao_uCT_match,1,331,0.0,-8.0,pale?,Dm8b/Tm5b home,"{""Dm8b"": 1}",R7_unclear:139813;R8_unclear:176752,,79167.0,37843.0,24090.0,75271.0,36344.0,31052.0,29.2,-10.6,,,
L,11,21,2,-7,-10,-5,99.42,99.42,-9.51,-0.16137,0.97296,-0.16527,zhao_uCT_match,1,354,1.0,-8.0,unclear,,{},R7_unclear:535245;R8_unclear:174634,,78794.0,37143.0,23739.0,75162.0,35809.0,30771.0,27.3,-9.6,89079,38351,26204
L,11,22,3,-7,-11,-4,104.28,104.28,-7.76,-0.2444,0.96023,-0.13498,zhao_uCT_match,1,375,2.0,-8.0,yellow,R7,"{""R7y"": 1, ""R8y"": 1, ""Dm8a"": 1, ""Tm5a"": 1, ""Tm5b"": 1}",R8y:549570;R7y:132777,,78425.0,36348.0,23424.0,75143.0,35202.0,30478.0,25.0,-8.4,88996,37611,26489
L,11,23,4,-7,-12,-3,109.26,109.26,-6.47,-0.32771,0.93805,-0.11261,zhao_uCT_match,1,395,3.0,-8.0,yellow,R7,"{""R7y"": 1, ""R8y"": 1, ""Dm8a"": 1, ""Tm5a"": 1}",R8y:226000;R7y:174103,,78047.0,35625.0,23163.0,74926.0,34629.0,30267.0,23.7,-7.3,89178,36950,26793
L,11,24,5,-7,-13,-2,113.89,113.89,-5.03,-0.40336,0.91084,-0.08764,zhao_uCT_match,1,416,4.0,-8.0,pale,R7,"{""R7p"": 1, ""R8p"": 1}",R7p:20107;R8p:563493,,77841.0,34741.0,22914.0,74977.0,33892.0,30031.0,21.9,-6.3,89195,36081,27030
L,11,25,6,-7,-14,-1,119.2,119.2,-3.7,-0.48678,0.87113,-0.06459,zhao_uCT_match,1,437,5.0,-8.0,pale,R7,"{""R7p"": 1, ""R8p"": 1, ""Dm8b"": 1, ""Tm5b"": 1}",R7p:40159;R8p:208510,,77220.0,34051.0,22670.0,74587.0,33421.0,29765.0,20.4,-4.8,89363,35297,27248
L,11,26,7,-7,-15,0,125.53,125.53,-2.65,-0.58045,0.81298,-0.04622,zhao_uCT_match,1,458,6.0,-8.0,unclear,,{},R7_unclear:203048;R8_unclear:161831,,76765.0,33138.0,22443.0,74471.0,32568.0,29497.0,18.0,-4.4,89403,34404,27493
L,11,27,8,-7,-16,1,132.32,132.32,-2.31,-0.67279,0.73874,-0.04027,zhao_uCT_match,1,475,7.0,-8.0,pale?,Dm8b/Tm5b home,"{""Dm8b"": 1}",R7_unclear:526099;R8_unclear:174219,,76354.0,32533.0,22291.0,74178.0,32145.0,29260.0,17.3,-3.0,89437,33441,27771
L,11,28,9,-7,-17,2,140.31,140.31,-2.3,-0.76894,0.63806,-0.04011,zhao_uCT_match,1,493,8.0,-8.0,unclear,,{},R7_unclear:561132;R8_unclear:561131,,75824.0,31701.0,22150.0,73741.0,31369.0,28963.0,17.0,-2.7,89604,32670,28093
L,11,29,10,-7,-18,3,150.7,150.7,-2.07,-0.8715,0.48906,-0.03613,zhao_uCT_match,1,507,9.0,-8.0,pale?,Dm8b/Tm5b home,"{""Dm8b"": 2, ""Tm5b"": 1}",R7_unclear:201060;R8_unclear:253051,,75421.0,31040.0,22097.0,73338.0,30757.0,28769.0,17.3,-2.3,90721,31477,28812
L,11,30,11,-7,-19,4,157.97,157.97,-3.2,-0.92554,0.37452,-0.05582,extrapolated_local_linear,18,-1,,,unclear,,{},,,74673.0,29795.0,22157.0,72621.0,29738.0,28745.0,17.3,-0.5,90653,30832,29243
L,12,1,-18,-6,11,-24,-7.94,-7.94,-43.48,0.71871,-0.10027,-0.68804,extrapolated_local_linear,14,-1,,,unclear,,{},,,80558.0,48960.0,35639.0,75188.0,44799.0,39780.0,52.4,-31.5,,,
L,12,2,-17,-6,10,-23,-0.45,-0.45,-42.84,0.73328,-0.00571,-0.6799,zhao_uCT_match,1,16,-18.0,-7.0,yellow?,Dm8a/Tm5a home,"{""Dm8a"": 1}",R7_unclear:886175749;R8_unclear:126832166,,80844.0,48795.0,34847.0,75415.0,44631.0,39044.0,52.3,-31.2,,,
L,12,3,-16,-6,9,-22,5.94,5.94,-41.5,0.74489,0.0775,-0.66267,zhao_uCT_match,1,25,-17.0,-7.0,unclear,,"{""Tm5a"": 1, ""Tm5b"": 1}",R7_unclear:262043;R8_unclear:146572401,,80956.0,48505.0,33897.0,75471.0,44344.0,38115.0,52.4,-31.0,,,
L,12,4,-15,-6,8,-21,12.44,12.44,-40.31,0.74469,0.16433,-0.64687,zhao_uCT_match,1,36,-16.0,-7.0,yellow,R7,"{""R7y"": 1, ""R8y"": 1, ""Dm8a"": 1, ""Tm5a"": 1}",R8y:146970722;R7y:370769,,81177.0,48102.0,33058.0,75483.0,43966.0,37461.0,52.3,-29.9,,,
L,12,5,-14,-6,7,-20,18.01,18.01,-38.7,0.74222,0.24137,-0.62518,zhao_uCT_match,1,47,-15.0,-7.0,pale,R7,"{""R7p"": 1, ""R8p"": 1, ""Dm8b"": 1}",R7p:449558;R8p:331718,,81333.0,47650.0,32343.0,75577.0,43562.0,36942.0,51.4,-29.0,,,
L,12,6,-13,-6,6,-19,23.61,23.61,-36.89,0.73283,0.32033,-0.60029,zhao_uCT_match,1,61,-14.0,-7.0,pale?,Dm8b/Tm5b home,"{""Tm5b"": 1}",R8_unclear:318682,,81419.0,47151.0,31583.0,75478.0,43063.0,36358.0,51.2,-28.2,,,
L,12,7,-12,-6,5,-18,29.37,29.37,-35.1,0.71298,0.4013,-0.57499,zhao_uCT_match,1,76,-13.0,-7.0,pale,R7,"{""R7p"": 1, ""R8p"": 1, ""Dm8b"": 1, ""Tm5b"": 1}",R7p:126121965;R8p:397708,,81759.0,46589.0,30994.0,75640.0,42534.0,36009.0,50.7,-27.1,,,
L,12,8,-11,-6,4,-17,34.8,34.8,-33.03,0.68844,0.47851,-0.54505,zhao_uCT_match,1,93,-12.0,-7.0,yellow,R7,"{""R7y"": 1, ""R8y"": 1, ""Dm8a"": 1, ""Tm5a"": 1}",R8y:416483361;R7y:309364,,82037.0,45945.0,30411.0,75832.0,41988.0,35542.0,50.4,-26.2,,,
L,12,9,-10,-6,3,-16,39.43,39.43,-31.02,0.66201,0.54427,-0.51528,zhao_uCT_match,1,111,-11.0,-7.0,yellow,R7,"{""R7y"": 1, ""R8y"": 1, ""Dm8a"": 1, ""Tm5a"": 1}",R8y:322574;R7y:248362,,82197.0,45274.0,29897.0,75877.0,41476.0,35213.0,49.9,-24.7,,,
L,12,10,-9,-6,2,-15,43.98,43.98,-29.07,0.62897,0.60688,-0.48589,zhao_uCT_match,1,132,-10.0,-7.0,yellow,R7,"{""R7y"": 1, ""R8y"": 1, ""Dm8a"": 1, ""Tm5a"": 1}",R8y:279790;R7y:246650,,82192.0,44640.0,29270.0,75833.0,41045.0,34823.0,48.9,-23.1,,,
L,12,11,-8,-6,1,-14,48.71,48.71,-26.84,0.58882,0.67041,-0.45149,zhao_uCT_match,1,151,-9.0,-7.0,pale,R7,"{""R7p"": 1, ""R8p"": 1, ""Dm8b"": 1}",R7p:268967;R8p:256671,,82144.0,43928.0,28665.0,75794.0,40555.0,34391.0,48.0,-21.5,,,
L,12,12,-7,-6,0,-13,53.63,53.63,-24.61,0.53919,0.73204,-0.4164,zhao_uCT_match,1,172,-8.0,-7.0,pale,R7,"{""R7p"": 1, ""R8p"": 1, ""Dm8b"": 1, ""Tm5b"": 1}",R7p:243510;R8p:240922,,82117.0,43166.0,28117.0,75815.0,39974.0,34047.0,46.7,-20.2,,,
L,12,13,-6,-6,-1,-12,58.38,58.38,-22.35,0.48488,0.78757,-0.3803,zhao_uCT_match,1,192,-7.0,-7.0,yellow,R7,"{""R7y"": 1, ""R8y"": 1, ""Dm8a"": 1, ""Tm5a"": 1}",R8y:180340;R7y:223173,,81854.0,42454.0,27521.0,75910.0,39529.0,33617.0,44.3,-19.0,,,
L,12,14,-5,-6,-2,-11,62.99,62.99,-20.24,0.42604,0.83594,-0.34598,zhao_uCT_match,1,212,-6.0,-7.0,pale,R7,"{""R7p"": 1, ""R8p"": 1, ""Dm8b"": 1, ""Tm5b"": 1}",R7p:223268;R8p:187999,,81779.0,41763.0,27088.0,75898.0,39150.0,33383.0,43.1,-16.9,,,
L,12,15,-4,-6,-3,-10,67.44,67.44,-18.24,0.36431,0.87709,-0.31303,zhao_uCT_match,1,234,-5.0,-7.0,yellow,R7,"{""R7y"": 1, ""R8y"": 1, ""Dm8a"": 1, ""Tm5a"": 1}",R8y:191338;R7y:201768,,81483.0,41108.0,26597.0,75851.0,38540.0,33044.0,41.1,-16.7,,,
L,12,16,-3,-6,-4,-9,71.96,71.96,-16.23,0.29731,0.91297,-0.27944,zhao_uCT_match,1,254,-4.0,-7.0,yellow,R7,"{""R7y"": 1, ""R8y"": 1, ""Dm8a"": 1, ""Tm5a"": 1}",R8y:199857;R7y:201197,,81348.0,40235.0,26122.0,75885.0,37872.0,32656.0,39.9,-15.5,,,
L,12,17,-2,-6,-5,-8,76.66,76.66,-14.2,0.22372,0.94326,-0.24536,zhao_uCT_match,1,276,-3.0,-7.0,pale,R7,"{""R7p"": 1, ""R8p"": 1, ""Dm8b"": 1, ""Tm5b"": 1}",R7p:206301;R8p:222178,,80988.0,39520.0,25692.0,76000.0,37441.0,32367.0,36.8,-14.0,,,
L,12,18,-1,-6,-6,-7,81.36,81.36,-12.25,0.14681,0.96616,-0.2121,zhao_uCT_match,1,299,-2.0,-7.0,yellow,R7,"{""R7y"": 1, ""R8y"": 1, ""Dm8a"": 1, ""Tm5a"": 1}",R8y:223607;R7y:198312,,80653.0,38747.0,25223.0,75933.0,36931.0,32005.0,34.8,-12.4,,,
L,12,19,0,-6,-7,-6,85.65,85.65,-10.48,0.07451,0.98051,-0.18181,zhao_uCT_match,1,320,-1.0,-7.0,pale?,Dm8b/Tm5b home,"{""Dm8b"": 1}",R7_unclear:206484;R8_unclear:231879,,80421.0,38125.0,24882.0,75994.0,36502.0,31753.0,32.8,-11.2,,,
L,12,20,1,-6,-8,-5,89.93,89.93,-8.53,0.00129,0.98894,-0.14829,zhao_uCT_match,1,342,0.0,-7.0,yellow,R7,"{""R7y"": 1, ""R8y"": 1, ""Dm8a"": 1, ""Tm5a"": 1, ""Tm5b"": 1}",R8y:175418;R7y:186254,,80163.0,37286.0,24491.0,76043.0,35853.0,31402.0,30.8,-10.1,88222,38547,25824
L,12,21,2,-6,-9,-4,94.39,94.39,-6.67,-0.07595,0.99032,-0.1162,zhao_uCT_match,1,365,1.0,-7.0,yellow,R7,"{""R7y"": 1, ""R8y"": 1, ""Dm8a"": 1, ""Tm5a"": 1}",R8y:170039;R7y:145705,,79659.0,36632.0,24100.0,75873.0,35383.0,31097.0,28.4,-8.9,86358,38325,23279
L,12,22,3,-6,-10,-3,98.79,98.79,-4.72,-0.15229,0.98491,-0.08228,zhao_uCT_match,1,386,2.0,-7.0,pale,R7,"{""R7p"": 1, ""R8p"": 1}",R7p:199547;R8p:172965,,79288.0,35867.0,23700.0,75803.0,34872.0,30751.0,26.3,-7.2,89181,37088,26149
L,12,23,4,-6,-11,-2,103.16,103.16,-3.28,-0.22734,0.97213,-0.05722,zhao_uCT_match,1,407,3.0,-7.0,pale,R7,"{""R7p"": 1, ""R8p"": 1, ""Dm8b"": 1, ""Tm5b"": 1}",R7p:535247;R8p:156306,,78985.0,35034.0,23423.0,75724.0,34158.0,30527.0,24.7,-6.4,89083,36342,26545
L,12,24,5,-6,-12,-1,107.51,107.51,-1.94,-0.30069,0.95312,-0.03393,zhao_uCT_match,1,430,4.0,-7.0,pale,R7,"{""R7p"": 1, ""R8p"": 1, ""Dm8b"": 1, ""Tm5b"": 1}",R7p:97156;R8p:172906,,78646.0,34214.0,23179.0,75588.0,33546.0,30297.0,23.2,-4.9,89190,35274,26669
L,12,25,6,-6,-13,0,112.49,112.49,-0.61,-0.38249,0.9239,-0.01063,zhao_uCT_match,1,451,5.0,-7.0,yellow,R7,"{""R7y"": 1, ""R8y"": 1, ""Dm8a"": 1, ""Tm5a"": 1}",R8y:174637;R7y:104489,,78199.0,33420.0,22901.0,75371.0,32845.0,29997.0,21.7,-4.3,89414,34550,26934
L,12,26,7,-6,-14,1,118.43,118.43,0.6,-0.47602,0.87938,0.01043,zhao_uCT_match,1,471,6.0,-7.0,yellow,R7,"{""R7y"": 1, ""R8y"": 1, ""Dm8a"": 1}",R8y:562744;R7y:103505,,77677.0,32706.0,22670.0,75098.0,32304.0,29710.0,20.1,-3.1,89486,33770,27209
L,12,27,8,-6,-15,2,125.02,125.02,1.08,-0.57371,0.81884,0.01877,zhao_uCT_match,1,490,7.0,-7.0,unclear,,"{""Dm8a"": 1, ""Tm5a"": 1, ""Tm5b"": 1}",R7_unclear:203581;R8_unclear:196863,,77176.0,31740.0,22468.0,74882.0,31394.0,29490.0,18.1,-2.7,89504,32714,27474
L,12,28,9,-6,-16,3,132.03,132.03,1.05,-0.66936,0.74271,0.01839,zhao_uCT_match,1,508,8.0,-7.0,pale,R7,"{""R7p"": 1, ""R8p"": 1}",R7p:209073;R8p:192992,,76609.0,31123.0,22301.0,74430.0,30839.0,29170.0,17.6,-2.3,89458,31911,27820
L,12,29,10,-6,-17,4,140.12,140.12,0.89,-0.76732,0.64108,0.01552,zhao_uCT_match,1,521,9.0,-7.0,yellow,R7,"{""R7y"": 1, ""R8y"": 1, ""Dm8a"": 1, ""Tm5a"": 2, ""Tm5b"": 1}",R8y:189843;R7y:584035,,76249.0,30190.0,22208.0,74119.0,30134.0,28987.0,17.4,-0.5,89446,30954,28158
L,12,30,11,-6,-18,5,149.81,149.81,-0.52,-0.86436,0.50279,-0.00912,zhao_uCT_match,1,533,10.0,-7.0,yellow,R7,"{""R7y"": 1, ""R8y"": 1, ""Dm8a"": 1}",R8y:513323;R7y:249473,,75501.0,28988.0,22152.0,73418.0,29203.0,28769.0,17.5,1.8,90597,30160,29017
L,12,31,12,-6,-19,6,158.27,158.27,-0.25,-0.92894,0.3702,-0.00439,extrapolated_local_linear,18,-1,,,unclear,,{},,,74926.0,28076.0,22317.0,72858.0,28430.0,28895.0,17.5,2.9,90651,29641,29435
L,13,1,-18,-5,12,-23,-9.97,-9.97,-39.9,0.75561,-0.13279,-0.64142,extrapolated_local_linear,13,-1,,,unclear,,{},,,81137.0,48725.0,35685.0,75764.0,44691.0,39886.0,52.0,-30.6,,,
L,13,2,-17,-5,11,-22,-2.78,-2.78,-38.65,0.78007,-0.03793,-0.62455,zhao_uCT_match,1,27,-18.0,-6.0,yellow,R7,"{""R7y"": 1, ""R8y"": 1, ""Dm8a"": 1}",R8y:250050;R7y:322928,,81616.0,48380.0,34906.0,76175.0,44336.0,39124.0,52.2,-30.4,,,
L,13,3,-16,-5,10,-21,3.49,3.49,-37.85,0.78815,0.04804,-0.61361,zhao_uCT_match,1,34,-17.0,-6.0,yellow,R7,"{""R7y"": 1, ""R8y"": 1, ""Dm8a"": 1, ""Tm5a"": 1}",R8y:108471184;R7y:350714,,81527.0,48286.0,34160.0,76042.0,44231.0,38410.0,52.2,-30.3,,,
L,13,4,-15,-5,9,-20,9.74,9.74,-36.63,0.79093,0.13572,-0.59666,zhao_uCT_match,1,41,-16.0,-6.0,pale?,Dm8b/Tm5b home,"{""Dm8b"": 1, ""Tm5b"": 1}",,,81892.0,47837.0,33377.0,76186.0,43782.0,37816.0,52.1,-29.3,,,
L,13,5,-14,-5,8,-19,15.2,15.2,-35.39,0.78668,0.21372,-0.57919,zhao_uCT_match,1,55,-15.0,-6.0,unclear,,"{""Dm8a"": 1, ""Tm5a"": 1, ""Tm5b"": 1}",,,82210.0,47210.0,32519.0,76341.0,43146.0,37155.0,51.7,-28.5,,,
L,13,6,-13,-5,7,-18,20.51,20.51,-33.62,0.77995,0.29169,-0.55371,zhao_uCT_match,1,69,-14.0,-6.0,yellow,R7,"{""R7y"": 1, ""R8y"": 1, ""Dm8a"": 1, ""Tm5a"": 1}",R8y:386701;R7y:324294,,82250.0,46783.0,31908.0,76176.0,42742.0,36768.0,51.3,-27.5,,,
L,13,7,-12,-5,6,-17,26.04,26.04,-31.73,0.76426,0.37334,-0.52585,zhao_uCT_match,1,85,-13.0,-6.0,pale?,Dm8b/Tm5b home,"{""Dm8b"": 1}",R7_unclear:172017212;R8_unclear:120431973,,82625.0,46138.0,31376.0,76380.0,42132.0,36387.0,51.3,-26.6,,,
L,13,8,-11,-5,5,-16,31.35,31.35,-29.82,0.74093,0.45131,-0.49734,zhao_uCT_match,1,102,-12.0,-6.0,yellow,R7,"{""R7y"": 1, ""R8y"": 1, ""Dm8a"": 1, ""Tm5a"": 1}",R8y:410577;R7y:178296437,,82833.0,45603.0,30865.0,76483.0,41685.0,35973.0,51.2,-25.7,,,
L,13,9,-10,-5,4,-15,35.87,35.87,-28.0,0.71551,0.51735,-0.46946,zhao_uCT_match,1,120,-11.0,-6.0,pale,R7,"{""R7p"": 1, ""R8p"": 1, ""Dm8b"": 1}",R7p:369772;R8p:327688,,82838.0,45023.0,30278.0,76426.0,41226.0,35540.0,50.6,-24.6,,,
L,13,10,-9,-5,3,-14,40.24,40.24,-26.03,0.68596,0.58041,-0.43884,zhao_uCT_match,1,139,-10.0,-6.0,pale?,Dm8b/Tm5b home,"{""Dm8b"": 1, ""Tm5b"": 1}",R7_unclear:347191;R8_unclear:109191385,,83166.0,44217.0,29701.0,76678.0,40621.0,35105.0,50.2,-23.1,,,
L,13,11,-8,-5,2,-13,45.05,45.05,-23.7,0.64694,0.64798,-0.40199,zhao_uCT_match,1,160,-9.0,-6.0,pale,R7,"{""R7p"": 1, ""R8p"": 1, ""Tm5b"": 1}",R7p:335801;R8p:327707,,83173.0,43374.0,29062.0,76686.0,40000.0,34664.0,49.2,-21.5,,,
L,13,12,-7,-5,1,-12,49.59,49.59,-21.5,0.60313,0.70847,-0.36648,zhao_uCT_match,1,181,-8.0,-6.0,pale,R7,"{""R7p"": 1, ""R8p"": 1, ""Dm8b"": 1, ""Tm5b"": 1}",R7p:247117;R8p:265066,,83066.0,42588.0,28513.0,76579.0,39396.0,34294.0,48.3,-20.2,,,
L,13,13,-6,-5,0,-11,53.97,53.97,-19.38,0.55483,0.76289,-0.3319,zhao_uCT_match,1,200,-7.0,-6.0,pale,R7,"{""R7p"": 1, ""R8p"": 1}",R7p:318084;R8p:271955,,82848.0,41900.0,27954.0,76546.0,38976.0,33976.0,46.3,-18.5,,,
L,13,14,-5,-5,-1,-10,58.49,58.49,-17.29,0.49898,0.81408,-0.29713,zhao_uCT_match,1,221,-6.0,-6.0,yellow,R7,"{""R7y"": 1, ""R8y"": 1, ""Dm8a"": 1, ""Tm5a"": 1}",R8y:224514;R7y:218466,,82704.0,41088.0,27461.0,76425.0,38474.0,33613.0,45.6,-16.6,,,
L,13,15,-4,-5,-2,-9,62.71,62.71,-15.32,0.44215,0.85713,-0.26427,zhao_uCT_match,1,242,-5.0,-6.0,pale,R7,"{""R7p"": 1, ""R8p"": 1}",R7p:229387;R8p:239301,,82305.0,40504.0,26926.0,76499.0,38089.0,33221.0,42.7,-15.7,,,
L,13,16,-3,-5,-3,-8,67.07,67.07,-13.2,0.37928,0.89667,-0.22832,zhao_uCT_match,1,263,-4.0,-6.0,pale,R7,"{""R7p"": 1, ""R8p"": 1, ""Dm8b"": 1, ""Tm5b"": 1}",R7p:529972;R8p:181193,,82170.0,39550.0,26445.0,76538.0,37367.0,32928.0,41.0,-14.3,,,
L,13,17,-2,-5,-4,-7,71.55,71.55,-11.26,0.31037,0.93033,-0.19533,zhao_uCT_match,1,286,-3.0,-6.0,pale,R7,"{""R7p"": 1, ""R8p"": 1, ""Dm8b"": 1, ""Tm5b"": 1}",R7p:176577;R8p:166788,,81752.0,38808.0,25947.0,76439.0,36949.0,32511.0,39.0,-12.4,,,
L,13,18,-1,-5,-5,-6,76.0,76.0,-9.39,0.23873,0.95728,-0.16315,zhao_uCT_match,1,308,-2.0,-6.0,pale?,Dm8b/Tm5b home,"{""Dm8b"": 1, ""Tm5b"": 1}",R7_unclear:220834;R8_unclear:179253,,81557.0,38090.0,25598.0,76601.0,36425.0,32318.0,36.4,-11.3,,,
L,13,19,0,-5,-6,-5,80.44,80.44,-7.38,0.16474,0.97793,-0.1285,zhao_uCT_match,1,330,-1.0,-6.0,yellow,R7,"{""R7y"": 1, ""R8y"": 1, ""Dm8a"": 1, ""Tm5a"": 1}",R8y:562685;R7y:530540,,81221.0,37341.0,25210.0,76648.0,35842.0,32038.0,33.8,-10.3,,,
L,13,20,1,-5,-7,-4,84.84,84.84,-5.71,0.08945,0.99101,-0.09946,zhao_uCT_match,1,353,0.0,-6.0,yellow,R7,"{""R7y"": 1, ""R8y"": 1, ""Dm8a"": 1, ""Tm5a"": 1}",R8y:202172;R7y:199037,,80911.0,36595.0,24838.0,76586.0,35292.0,31732.0,32.1,-9.1,,,
L,13,21,2,-5,-8,-3,89.16,89.16,-3.75,0.0147,0.99775,-0.06543,zhao_uCT_match,1,377,1.0,-6.0,pale,R7,"{""R7p"": 1, ""R8p"": 1, ""Dm8b"": 1, ""Tm5b"": 1}",R7p:203464;R8p:902833,,80546.0,35807.0,24474.0,76568.0,34699.0,31411.0,29.8,-7.9,88681,37336,25742
L,13,22,3,-5,-9,-2,93.6,93.6,-2.01,-0.06279,0.99741,-0.03515,zhao_uCT_match,1,396,2.0,-6.0,yellow,R7,"{""R7y"": 1, ""R8y"": 1, ""Dm8a"": 1, ""Tm5a"": 1}",R8y:232029;R7y:198583,,80257.0,35147.0,24168.0,76489.0,34245.0,31165.0,28.3,-6.5,89067,36515,25942
L,13,23,4,-5,-10,-1,97.96,97.96,-0.26,-0.13857,0.99034,-0.00453,zhao_uCT_match,1,420,3.0,-6.0,pale,R7,"{""R7p"": 1, ""R8p"": 1, ""Dm8b"": 1}",R7p:205464;R8p:197063,,79914.0,34321.0,23846.0,76442.0,33653.0,30896.0,26.2,-4.9,89126,35688,26264
L,13,24,5,-5,-11,0,101.95,101.95,0.92,-0.20695,0.97822,0.01613,zhao_uCT_match,1,441,4.0,-6.0,unclear,,"{""Tm5a"": 1, ""Tm5b"": 1}",R7_unclear:193316;R8_unclear:194385,,79415.0,33573.0,23473.0,76239.0,32993.0,30568.0,24.1,-4.3,89322,34626,26388
L,13,25,6,-5,-12,1,106.55,106.55,2.03,-0.28459,0.95799,0.0355,zhao_uCT_match,1,462,5.0,-6.0,pale,R7,"{""R7p"": 1, ""R8p"": 1, ""Dm8b"": 1}",R7p:196319;R8p:173712,,78963.0,32736.0,23172.0,76078.0,32301.0,30212.0,22.3,-3.3,89369,33779,26609
L,13,26,7,-5,-13,2,112.08,112.08,3.31,-0.3752,0.92514,0.05773,zhao_uCT_match,1,484,6.0,-6.0,pale?,Dm8b/Tm5b home,"{""Tm5b"": 1}",R7_unclear:187525;R8_unclear:179576,,78484.0,32004.0,22927.0,75830.0,31659.0,29958.0,20.7,-2.6,89456,33072,26949
L,13,27,8,-5,-14,3,118.1,118.1,3.78,-0.46993,0.88024,0.06594,zhao_uCT_match,1,505,7.0,-6.0,pale?,Dm8b/Tm5b home,"{""Dm8b"": 1}",R7_unclear:217341;R8_unclear:564498,,77989.0,31171.0,22739.0,75561.0,30887.0,29675.0,19.3,-2.2,89427,32033,27124
L,13,28,9,-5,-15,4,124.79,124.79,4.0,-0.56911,0.81929,0.06977,zhao_uCT_match,1,520,8.0,-6.0,pale?,Dm8b/Tm5b home,"{""Dm8b"": 1, ""Tm5b"": 1}",R7_unclear:551510;R8_unclear:209213,,77602.0,30204.0,22622.0,75308.0,30148.0,29517.0,18.4,-0.4,89403,31310,27475
L,13,29,10,-5,-16,5,132.1,132.1,4.29,-0.66853,0.73991,0.07483,zhao_uCT_match,1,540,9.0,-6.0,pale?,Dm8b/Tm5b home,"{""Dm8b"": 1, ""Tm5b"": 1}",R7_unclear:205148;R8_unclear:202586,,76837.0,29454.0,22374.0,74624.0,29669.0,29160.0,18.1,1.7,89443,30260,27951
L,13,30,11,-5,-17,6,141.02,141.02,4.06,-0.77547,0.62741,0.07078,zhao_uCT_match,1,552,10.0,-6.0,yellow,R7,"{""R7y"": 1, ""R8y"": 1, ""Dm8a"": 1, ""Tm5a"": 1}",R8y:187169;R7y:162645,,76256.0,28540.0,22321.0,74069.0,28906.0,28930.0,18.3,3.0,89903,29621,28512
L,13,31,12,-5,-18,7,151.26,151.26,3.02,-0.87562,0.48011,0.05265,zhao_uCT_match,1,561,11.0,-6.0,pale?,Dm8b/Tm5b home,"{""Tm5b"": 1}",R7_unclear:156910;R8_unclear:583028,,75654.0,27543.0,22311.0,73466.0,28004.0,28874.0,18.4,3.8,90450,28995,29140
L,13,32,13,-5,-19,8,159.02,159.02,3.1,-0.93232,0.35755,0.05413,extrapolated_local_linear,17,-1,,,unclear,,{},,,74933.0,26346.0,22697.0,72745.0,26877.0,29139.0,18.8,4.5,90381,28561,29589
L,14,2,-17,-4,12,-21,-6.57,-6.57,-36.51,0.79845,-0.09197,-0.595,extrapolated_local_linear,19,-1,,,yellow,R7,"{""R7y"": 1, ""R8y"": 1, ""Dm8a"": 1, ""Tm5a"": 1}",R8y:237424260;R7y:282709,,82204.0,48118.0,35314.0,76720.0,44139.0,39543.0,52.4,-29.9,,,
L,14,3,-16,-4,11,-20,-0.2,-0.2,-34.73,0.82181,-0.0029,-0.56975,zhao_uCT_match,1,39,-17.0,-5.0,pale,R7,"{""R7p"": 1, ""R8p"": 1}",R7p:144537152;R8p:473822,,82429.0,47784.0,34461.0,76780.0,43778.0,38711.0,53.0,-29.5,,,
L,14,4,-15,-4,10,-19,6.55,6.55,-33.62,0.82726,0.09496,-0.55374,zhao_uCT_match,1,51,-16.0,-5.0,yellow?,Dm8a/Tm5a home,"{""Dm8a"": 1, ""Tm5a"": 1}",,,82731.0,47431.0,33743.0,76976.0,43415.0,38181.0,52.4,-28.9,,,
L,14,5,-14,-4,9,-18,12.05,12.05,-32.04,0.82902,0.17695,-0.53048,zhao_uCT_match,1,63,-15.0,-5.0,pale,R7,"{""R7p"": 1, ""R8p"": 1, ""Dm8b"": 1}",R7p:997019444;R8p:102627895,,83050.0,46864.0,33036.0,77095.0,42839.0,37600.0,52.5,-28.2,,,
L,14,6,-13,-4,8,-17,17.09,17.09,-30.39,0.82449,0.25353,-0.5059,zhao_uCT_match,1,75,-14.0,-5.0,pale?,Dm8b/Tm5b home,"{""Tm5b"": 1}",R8_unclear:399751849,,83269.0,46304.0,32391.0,77088.0,42347.0,37087.0,52.8,-27.0,,,
L,14,7,-12,-4,7,-16,22.26,22.26,-28.51,0.81318,0.33293,-0.47738,zhao_uCT_match,1,91,-13.0,-5.0,pale,R7,"{""R7p"": 1, ""R8p"": 1, ""Dm8b"": 1, ""Tm5b"": 1}",R7p:123674560;R8p:105398229,,83517.0,45716.0,31799.0,77167.0,41789.0,36682.0,52.4,-26.1,,,
L,14,8,-11,-4,6,-15,27.76,27.76,-26.43,0.79236,0.41713,-0.44517,zhao_uCT_match,1,108,-12.0,-5.0,pale,R7,"{""R7p"": 1, ""R8p"": 1, ""Dm8b"": 1}",R7p:443190;R8p:109883807,,83693.0,45078.0,31234.0,77235.0,41242.0,36307.0,51.8,-25.0,,,
L,14,9,-10,-4,5,-14,32.39,32.39,-24.55,0.76806,0.48723,-0.41556,zhao_uCT_match,1,127,-11.0,-5.0,unclear,,"{""Dm8a"": 1, ""Tm5a"": 1, ""Tm5b"": 1}",,,83857.0,44389.0,30670.0,77343.0,40702.0,35862.0,51.4,-23.9,,,
L,14,10,-9,-4,4,-13,36.89,36.89,-22.91,0.73673,0.55288,-0.38931,zhao_uCT_match,1,146,-10.0,-5.0,yellow,R7,"{""R7y"": 1, ""R8y"": 1, ""Dm8a"": 1, ""Tm5a"": 1}",R8y:143069555;R7y:241506,,84077.0,43724.0,30168.0,77471.0,40137.0,35430.0,51.5,-23.0,,,
L,14,11,-8,-4,3,-12,41.55,41.55,-20.76,0.6998,0.62017,-0.3545,zhao_uCT_match,1,166,-9.0,-5.0,pale?,Dm8b/Tm5b home,"{""Dm8b"": 1, ""Tm5b"": 1}",R7_unclear:291469;R8_unclear:368279,,84058.0,43092.0,29614.0,77390.0,39719.0,35018.0,51.0,-21.5,,,
L,14,12,-7,-4,2,-11,45.99,45.99,-18.59,0.6585,0.68169,-0.31887,zhao_uCT_match,1,188,-8.0,-5.0,pale,R7,"{""R7p"": 1, ""R8p"": 1, ""Dm8a"": 1, ""Dm8b"": 1}",R7p:746770334;R8p:266401,,83937.0,42378.0,29113.0,77269.0,39186.0,34716.0,50.0,-20.1,,,
L,14,13,-6,-4,1,-10,50.15,50.15,-16.66,0.61393,0.73548,-0.28662,zhao_uCT_match,1,210,-7.0,-5.0,pale?,Dm8b/Tm5b home,"{""Dm8b"": 1, ""Tm5b"": 1}",R7_unclear:236568;R8_unclear:252679,,83801.0,41582.0,28500.0,77313.0,38699.0,34308.0,48.2,-18.3,,,
L,14,14,-5,-4,0,-9,54.03,54.03,-14.48,0.56871,0.78361,-0.25006,zhao_uCT_match,1,231,-6.0,-5.0,pale,R7,"{""R7p"": 1, ""R8p"": 1, ""Dm8b"": 1}",R7p:223411;R8p:265205,,83751.0,40573.0,28041.0,77339.0,38005.0,34063.0,46.8,-16.3,,,
L,14,15,-4,-4,-1,-8,58.29,58.29,-12.46,0.51324,0.83066,-0.21584,zhao_uCT_match,1,253,-5.0,-5.0,pale?,Dm8b/Tm5b home,"{""Dm8b"": 1, ""Tm5b"": 1}",R7_unclear:217399;R8_unclear:251450,,83342.0,39959.0,27465.0,77040.0,37597.0,33617.0,45.7,-15.0,,,
L,14,16,-3,-4,-2,-7,62.34,62.34,-10.39,0.45667,0.87118,-0.18028,zhao_uCT_match,1,274,-4.0,-5.0,pale?,Dm8b/Tm5b home,"{""Dm8b"": 1, ""Tm5b"": 1}",R7_unclear:230916;R8_unclear:931023,,82875.0,39114.0,26887.0,77069.0,37012.0,33182.0,42.7,-13.8,,,
L,14,17,-2,-4,-3,-6,66.76,66.76,-8.41,0.39042,0.90896,-0.14618,zhao_uCT_match,1,295,-3.0,-5.0,yellow,R7,"{""R7y"": 1, ""R8y"": 1, ""Dm8a"": 1, ""Tm5a"": 1}",R8y:211262;R7y:194838,,82608.0,38257.0,26413.0,76976.0,36421.0,32896.0,41.0,-12.1,,,
L,14,18,-1,-4,-4,-5,71.28,71.28,-6.83,0.31874,0.94035,-0.11893,zhao_uCT_match,1,319,-2.0,-5.0,yellow,R7,"{""R7y"": 1, ""R8y"": 1, ""Dm8a"": 1, ""Tm5a"": 1}",R8y:218542;R7y:199725,,82453.0,37430.0,26077.0,77246.0,35811.0,32641.0,38.4,-10.9,,,
L,14,19,0,-4,-5,-4,75.71,75.71,-4.9,0.24596,0.9655,-0.08547,zhao_uCT_match,1,341,-1.0,-5.0,pale,R7,"{""R7p"": 1, ""R8p"": 1, ""Dm8b"": 1}",R7p:193978;R8p:176211,,82006.0,36827.0,25576.0,77209.0,35394.0,32311.0,35.5,-9.8,,,
L,14,20,1,-4,-6,-3,79.92,79.92,-2.95,0.17475,0.98327,-0.05148,zhao_uCT_match,1,366,0.0,-5.0,unclear,,{},R7_unclear:174365;R8_unclear:184275,,81747.0,35944.0,25263.0,77191.0,34695.0,32057.0,33.8,-8.7,,,
L,14,21,2,-4,-7,-2,83.96,83.96,-1.19,0.10525,0.99423,-0.02085,zhao_uCT_match,1,388,1.0,-5.0,pale,R7,"{""R7p"": 1, ""R8p"": 1, ""Dm8b"": 1}",R7p:217227;R8p:170184,,81384.0,35103.0,24883.0,77139.0,34107.0,31754.0,31.7,-7.0,,,
L,14,22,3,-4,-8,-1,88.24,88.24,0.33,0.03076,0.99951,0.00576,zhao_uCT_match,1,411,2.0,-5.0,yellow,R7,"{""R7y"": 1, ""R8y"": 1, ""Dm8a"": 1, ""Tm5a"": 1}",R8y:517139;R7y:170815,,81125.0,34170.0,24582.0,77161.0,33412.0,31484.0,29.9,-5.4,88939,35882,25717
L,14,23,4,-4,-9,0,92.82,92.82,1.8,-0.04917,0.9983,0.03135,zhao_uCT_match,1,435,3.0,-5.0,unclear,,{},R7_unclear:168384;R8_unclear:282573,,80702.0,33662.0,24251.0,76934.0,33074.0,31187.0,28.5,-4.3,89231,35084,25863
L,14,24,5,-4,-10,1,97.45,97.45,3.26,-0.12938,0.98996,0.05687,zhao_uCT_match,1,456,4.0,-5.0,pale,R7,"{""R7p"": 1, ""R8p"": 1, ""Dm8b"": 1, ""Tm5b"": 1}",R7p:216071;R8p:216001,,80206.0,32932.0,23909.0,76903.0,32474.0,30897.0,25.3,-3.4,89180,34078,26065
L,14,25,6,-4,-11,2,101.6,101.6,3.97,-0.20063,0.97722,0.06925,zhao_uCT_match,1,474,5.0,-5.0,yellow,R7,"{""R7y"": 1, ""R8y"": 1, ""Dm8a"": 1, ""Tm5a"": 1}",R8y:219198;R7y:521181,,79719.0,32113.0,23578.0,76660.0,31768.0,30566.0,23.6,-2.6,89191,33118,26285
L,14,26,7,-4,-12,3,106.6,106.6,5.47,-0.2844,0.95396,0.09525,zhao_uCT_match,1,497,6.0,-5.0,pale,R7,"{""R7p"": 1, ""R8p"": 1, ""Dm8b"": 1, ""Tm5b"": 1}",R7p:113034;R8p:139431,,79211.0,31218.0,23276.0,76383.0,30999.0,30213.0,22.2,-1.7,89361,32413,26620
L,14,27,8,-4,-13,4,112.34,112.34,6.37,-0.37781,0.9192,0.11101,zhao_uCT_match,1,516,7.0,-5.0,yellow,R7,"{""R7y"": 1, ""R8y"": 1, ""Dm8a"": 1, ""Tm5a"": 1}",R8y:164001;R7y:120417,,78635.0,30414.0,23048.0,76055.0,30357.0,29953.0,20.5,-0.4,89267,31337,26921
L,14,28,9,-4,-14,5,118.26,118.26,7.03,-0.46994,0.87416,0.12244,zhao_uCT_match,1,537,8.0,-5.0,pale?,Dm8b/Tm5b home,"{""Dm8b"": 1}",R7_unclear:84717;R8_unclear:221674,,78178.0,29418.0,22894.0,75750.0,29634.0,29716.0,19.6,1.7,89216,30516,27308
L,14,29,10,-4,-15,6,125.32,125.32,7.68,-0.57295,0.80862,0.13364,zhao_uCT_match,1,556,9.0,-5.0,pale,R7,"{""R7p"": 1, ""R8p"": 1, ""Dm8b"": 1}",R7p:208377;R8p:231611,,77599.0,28681.0,22678.0,75305.0,29054.0,29376.0,18.9,3.0,89321,29701,27689
L,14,30,11,-4,-16,7,133.34,133.34,8.08,-0.67955,0.72005,0.14048,zhao_uCT_match,1,570,10.0,-5.0,unclear,,"{""Tm5a"": 1, ""Tm5b"": 2}",R7_unclear:55348;R8_unclear:201551,,76835.0,27810.0,22522.0,74575.0,28279.0,29131.0,18.9,3.8,89275,29126,28056
L,14,31,12,-4,-17,8,142.87,142.87,7.76,-0.78992,0.59814,0.1351,zhao_uCT_match,1,581,11.0,-5.0,pale?,Dm8b/Tm5b home,"{""Dm8b"": 1}",R7_unclear:194970;R8_unclear:186061,,76254.0,26924.0,22510.0,74042.0,27492.0,29005.0,18.8,4.7,90307,28449,28866
L,14,32,13,-4,-18,9,151.8,151.8,7.87,-0.87296,0.46817,0.13697,zhao_uCT_match,1,589,12.0,-5.0,DRA,R7d/R8d,"{""R7d"": 1, ""R8d"": 1, ""Dm-DRA1"": 1, ""Dm-DRA2"": 1}",R7d:901620;R8d:514178,,75575.0,25999.0,22617.0,73362.0,26622.0,29059.0,19.0,5.2,90320,27971,29566
L,15,2,-17,-3,13,-20,-9.59,-9.59,-33.87,0.81869,-0.13831,-0.55732,extrapolated_local_linear,17,-1,,,unclear,,{},,,83382.0,47410.0,35895.0,77757.0,43481.0,40124.0,53.1,-29.2,,,
L,15,3,-16,-3,12,-19,-3.82,-3.82,-33.95,0.82772,-0.05533,-0.5584,zhao_uCT_match,1,48,-17.0,-4.0,pale,R7,"{""R7p"": 1, ""R8p"": 1, ""Dm8b"": 1, ""Tm5b"": 1}",R7p:468185;R8p:164554120,,83226.0,47447.0,35162.0,77476.0,43491.0,39413.0,53.5,-29.0,,,
L,15,4,-15,-3,11,-18,3.03,3.03,-31.09,0.85518,0.04524,-0.51636,zhao_uCT_match,1,56,-16.0,-4.0,yellow?,Dm8a/Tm5a home,"{""Dm8a"": 1, ""Tm5a"": 1}",,,83549.0,47009.0,34367.0,77734.0,43067.0,38725.0,53.2,-28.5,,,
L,15,5,-14,-3,10,-17,8.96,8.96,-29.25,0.86184,0.1359,-0.48864,zhao_uCT_match,1,72,-15.0,-4.0,unclear,,"{""Dm8b"": 1, ""Tm5a"": 1, ""Tm5b"": 1}",,,83851.0,46476.0,33606.0,77875.0,42534.0,38127.0,52.9,-27.7,,,
L,15,6,-13,-3,9,-16,13.98,13.98,-27.22,0.86294,0.21476,-0.4574,zhao_uCT_match,1,86,-14.0,-4.0,yellow?,Dm8a/Tm5a home,"{""Dm8a"": 1, ""Tm5a"": 1}",,,84024.0,46027.0,32936.0,77703.0,42109.0,37632.0,53.4,-26.5,,,
L,15,7,-12,-3,8,-15,18.88,18.88,-25.3,0.85544,0.29255,-0.42736,zhao_uCT_match,1,101,-13.0,-4.0,pale?,Dm8b/Tm5b home,"{""Dm8b"": 1}",,,84141.0,45485.0,32335.0,77737.0,41623.0,37195.0,52.8,-25.7,,,
L,15,8,-11,-3,7,-14,24.14,24.14,-23.52,0.83675,0.37502,-0.39901,zhao_uCT_match,1,119,-12.0,-4.0,pale?,Dm8b/Tm5b home,"{""Tm5b"": 1}",R8_unclear:282023,,84454.0,44758.0,31751.0,77892.0,41060.0,36730.0,52.8,-24.2,,,
L,15,9,-10,-3,6,-13,29.11,29.11,-21.41,0.81341,0.45295,-0.36496,zhao_uCT_match,1,138,-11.0,-4.0,pale?,Dm8b/Tm5b home,"{""Dm8b"": 1, ""Tm5b"": 1}",,,84659.0,44138.0,31313.0,77991.0,40542.0,36403.0,52.6,-23.2,,,
L,15,10,-9,-3,5,-12,33.56,33.56,-19.52,0.78544,0.521,-0.33412,zhao_uCT_match,1,156,-10.0,-4.0,yellow,R7,"{""R7y"": 1, ""R8y"": 1, ""Dm8a"": 2, ""Tm5a"": 1}",R8y:350172;R7y:940723,,84800.0,43311.0,30640.0,78032.0,39872.0,35832.0,52.5,-22.0,,,
L,15,11,-8,-3,4,-11,38.03,38.03,-17.72,0.75032,0.58682,-0.30442,zhao_uCT_match,1,178,-9.0,-4.0,pale?,Dm8b/Tm5b home,"{""Dm8b"": 1}",R7_unclear:212116208;R8_unclear:357240,,84884.0,42569.0,30129.0,78062.0,39283.0,35445.0,52.1,-20.8,,,
L,15,12,-7,-3,3,-10,42.32,42.32,-15.86,0.71129,0.64759,-0.2733,zhao_uCT_match,1,198,-8.0,-4.0,pale?,Dm8b/Tm5b home,"{""Dm8b"": 1, ""Tm5b"": 1}",R7_unclear:360088;R8_unclear:301829,,84721.0,42083.0,29574.0,77898.0,38995.0,35017.0,51.4,-19.5,,,
L,15,13,-6,-3,2,-9,46.63,46.63,-14.06,0.66618,0.70513,-0.24289,zhao_uCT_match,1,220,-7.0,-4.0,yellow,R7,"{""R7y"": 1, ""R8y"": 1, ""Dm8a"": 1, ""Dm8b"": 1, ""Tm5a"": 1, ""Tm5b"": 1}",R8y:251769;R7y:940850,,84706.0,41107.0,29081.0,77973.0,38224.0,34683.0,50.2,-18.2,,,
L,15,14,-5,-3,1,-8,50.49,50.49,-12.16,0.6219,0.75423,-0.21065,zhao_uCT_match,1,241,-6.0,-4.0,yellow,R7,"{""R7y"": 1, ""R8y"": 1, ""Dm8a"": 1, ""Tm5a"": 1}",R8y:589572;R7y:255611,,84625.0,40187.0,28617.0,77913.0,37619.0,34398.0,49.3,-16.2,,,
L,15,15,-4,-3,0,-7,54.04,54.04,-9.85,0.57861,0.79747,-0.17107,zhao_uCT_match,1,262,-5.0,-4.0,yellow,R7,"{""R7y"": 1, ""R8y"": 1, ""Dm8a"": 1, ""Tm5a"": 1}",R8y:238882;R7y:217903,,84216.0,39266.0,27934.0,77728.0,36929.0,33956.0,47.1,-14.8,,,
L,15,16,-3,-3,-1,-6,57.96,57.96,-7.75,0.52571,0.83989,-0.13492,zhao_uCT_match,1,283,-4.0,-4.0,pale?,Dm8b/Tm5b home,"{""Tm5b"": 1}",R7_unclear:339478;R8_unclear:266406,,83875.0,38442.0,27440.0,77572.0,36472.0,33593.0,45.7,-12.6,,,
L,15,17,-2,-3,-2,-5,62.11,62.11,-5.9,0.46527,0.87918,-0.10277,zhao_uCT_match,1,306,-3.0,-4.0,pale,R7,"{""R7p"": 1, ""R8p"": 1, ""Dm8b"": 1, ""Tm5b"": 1}",R7p:588096;R8p:228277,,83562.0,37725.0,26979.0,77757.0,36061.0,33266.0,42.7,-11.0,,,
L,15,18,-1,-3,-3,-4,66.3,66.3,-4.19,0.40086,0.91322,-0.07305,zhao_uCT_match,1,328,-2.0,-4.0,pale,R7,"{""R7p"": 1, ""R8p"": 1, ""Dm8b"": 1}",R7p:211712;R8p:223467,,83434.0,36877.0,26651.0,77802.0,35379.0,33010.0,41.5,-10.0,,,
L,15,19,0,-3,-4,-3,70.9,70.9,-2.53,0.32692,0.94402,-0.04418,zhao_uCT_match,1,351,-1.0,-4.0,pale?,Dm8b/Tm5b home,"{""Dm8b"": 1}",R7_unclear:212652;R8_unclear:214617,,82915.0,36197.0,26180.0,77737.0,34944.0,32715.0,38.4,-8.5,,,
L,15,20,1,-3,-5,-2,75.27,75.27,-0.91,0.25417,0.96703,-0.01593,zhao_uCT_match,1,376,0.0,-4.0,pale,R7,"{""R7p"": 1, ""R8p"": 1, ""Dm8b"": 1, ""Tm5b"": 1}",R7p:223717;R8p:208600,,82490.0,35370.0,25712.0,77693.0,34268.0,32312.0,36.0,-7.7,,,
L,15,21,2,-3,-6,-1,79.29,79.29,0.77,0.18584,0.98249,0.01342,zhao_uCT_match,1,400,1.0,-4.0,pale,R7,"{""R7p"": 1, ""R8p"": 1, ""Dm8b"": 1, ""Tm5b"": 1}",R7p:158143;R8p:197773,,82087.0,34492.0,25279.0,77610.0,33605.0,32048.0,33.5,-6.2,,,
L,15,22,3,-3,-7,0,83.25,83.25,2.21,0.11748,0.99233,0.03849,zhao_uCT_match,1,422,2.0,-4.0,yellow,R7,"{""R7y"": 1, ""R8y"": 1, ""Dm8a"": 1, ""Tm5a"": 1}",R8y:182000;R7y:46105,,81804.0,33574.0,25012.0,77622.0,32944.0,31807.0,31.6,-4.5,,,
L,15,23,4,-3,-8,1,87.89,87.89,3.19,0.03679,0.99777,0.0557,zhao_uCT_match,1,445,3.0,-4.0,pale,R7,"{""R7p"": 1, ""R8p"": 1, ""Dm8b"": 1, ""Tm5b"": 1}",R7p:952955;R8p:155320,,81526.0,32783.0,24737.0,77630.0,32326.0,31539.0,29.8,-3.3,88818,34390,25661
L,15,24,5,-3,-9,2,92.75,92.75,4.61,-0.04786,0.99562,0.0803,zhao_uCT_match,1,467,4.0,-4.0,pale,R7,"{""R7p"": 1, ""R8p"": 1, ""Dm8b"": 1}",R7p:224148;R8p:188826,,80948.0,32262.0,24369.0,77270.0,31928.0,31171.0,28.4,-2.5,89214,33461,25769
L,15,25,6,-3,-10,3,97.62,97.62,5.89,-0.13183,0.98595,0.10259,zhao_uCT_match,1,487,5.0,-4.0,yellow,R7,"{""R7y"": 1, ""R8y"": 1, ""Dm8a"": 1, ""Tm5a"": 1}",R8y:548769;R7y:205482,,80448.0,31384.0,24059.0,77197.0,31204.0,30953.0,25.2,-1.4,89138,32410,26043
L,15,26,7,-3,-11,4,102.08,102.08,7.52,-0.20752,0.96943,0.13089,zhao_uCT_match,1,510,6.0,-4.0,yellow,R7,"{""R7y"": 1, ""R8y"": 1, ""Dm8a"": 1, ""Tm5a"": 1}",R8y:221057;R7y:202543,,79987.0,30468.0,23811.0,76947.0,30459.0,30706.0,23.8,-0.1,89194,31760,26477
L,15,27,8,-3,-12,5,107.61,107.61,9.32,-0.29846,0.94059,0.16191,zhao_uCT_match,1,531,7.0,-4.0,yellow,R7,"{""R7y"": 1, ""R8y"": 1, ""Dm8a"": 1, ""Tm5a"": 1}",R8y:165735;R7y:115351,,79368.0,29815.0,23465.0,76627.0,30030.0,30287.0,21.9,1.7,89313,30698,26627
L,15,28,9,-3,-13,6,113.33,113.33,10.38,-0.38958,0.90319,0.1802,zhao_uCT_match,1,550,8.0,-4.0,yellow,R7,"{""R7y"": 1, ""R8y"": 1, ""Tm5a"": 1}",R8y:184342;R7y:45489,,78867.0,28881.0,23291.0,76287.0,29254.0,30093.0,20.8,2.9,89159,30028,26959
L,15,29,10,-3,-14,7,119.44,119.44,11.23,-0.48214,0.85417,0.19479,zhao_uCT_match,1,568,9.0,-4.0,pale,R7,"{""R7p"": 1, ""R8p"": 1, ""Dm8a"": 1, ""Tm5b"": 1}",R7p:515390;R8p:143958,,78260.0,27911.0,23082.0,75832.0,28384.0,29733.0,20.1,3.8,89310,29313,27285
L,15,30,11,-3,-15,8,127.03,127.03,11.85,-0.58933,0.78135,0.20541,zhao_uCT_match,1,587,10.0,-4.0,pale?,Dm8b/Tm5b home,"{""Dm8b"": 1, ""Tm5b"": 1}",R7_unclear:104468;R8_unclear:199937,,77568.0,27273.0,22871.0,75217.0,27849.0,29389.0,19.8,4.8,89229,28463,27927
L,15,31,12,-3,-16,9,135.44,135.44,11.95,-0.69708,0.68647,0.207,zhao_uCT_match,1,601,11.0,-4.0,pale,R7,"{""R7p"": 1, ""R8p"": 1, ""Tm5b"": 1}",R7p:183489;R8p:203389,,76930.0,26268.0,22813.0,74634.0,27013.0,29255.0,19.6,6.2,90279,27802,28796
L,15,32,13,-3,-17,10,144.96,144.96,11.02,-0.80362,0.56358,0.19123,zhao_uCT_match,1,609,12.0,-4.0,unclear,,"{""Dm8a"": 1, ""Tm5a"": 1, ""Tm5b"": 1, ""Dm-DRA1"": 1, ""MeTu2a"": 2}",R7_unclear:211580;R8_unclear:901366,,76214.0,25295.0,22846.0,73928.0,26092.0,29232.0,19.7,6.7,90185,27384,29459
L,15,33,14,-3,-18,11,154.05,154.05,10.9,-0.88298,0.42961,0.18914,extrapolated_local_linear,19,-1,,,unclear,,{},,,75167.0,24788.0,23031.0,72892.0,25641.0,29357.0,19.8,7.2,90287,27029,29888
L,16,3,-16,-2,13,-18,-6.09,-6.09,-29.45,0.86584,-0.0924,-0.49171,zhao_uCT_match,1,58,-17.0,-3.0,unclear,,{},,,83862.0,47040.0,35682.0,78072.0,43144.0,39932.0,53.7,-28.5,,,
L,16,4,-15,-2,12,-17,-0.11,-0.11,-28.08,0.88232,-0.00166,-0.47065,zhao_uCT_match,1,68,-16.0,-3.0,pale?,Dm8b/Tm5b home,"{""Tm5b"": 1}",,,84150.0,46704.0,34987.0,78194.0,42810.0,39261.0,54.3,-28.0,,,
L,16,5,-14,-2,11,-16,5.76,5.76,-26.43,0.89094,0.08987,-0.44514,zhao_uCT_match,1,80,-15.0,-3.0,pale,R7,"{""R7p"": 1, ""R8p"": 1, ""Dm8b"": 1, ""Tm5b"": 1}",R7p:940974;R8p:318455,,84494.0,46165.0,34228.0,78511.0,42281.0,38666.0,53.4,-27.5,,,
L,16,6,-13,-2,10,-15,11.03,11.03,-24.51,0.89309,0.17412,-0.41481,zhao_uCT_match,1,95,-14.0,-3.0,unclear,,{},,,84760.0,45619.0,33573.0,78410.0,41783.0,38138.0,54.3,-26.1,,,
L,16,7,-12,-2,9,-14,15.85,15.85,-22.49,0.88881,0.25235,-0.38255,zhao_uCT_match,1,109,-13.0,-3.0,pale?,Dm8b/Tm5b home,"{""Dm8b"": 1, ""Tm5b"": 1}",,,85023.0,45013.0,32984.0,78533.0,41315.0,37680.0,54.1,-24.8,,,
L,16,8,-11,-2,8,-13,20.77,20.77,-20.53,0.87563,0.33204,-0.35074,zhao_uCT_match,1,126,-12.0,-3.0,unclear,,"{""Dm8b"": 1, ""Tm5a"": 1}",,,85117.0,44466.0,32382.0,78511.0,40800.0,37242.0,53.7,-24.1,,,
L,16,9,-10,-2,7,-12,25.62,25.62,-18.59,0.85467,0.4098,-0.31875,zhao_uCT_match,1,145,-11.0,-3.0,unclear,,{},,,85527.0,43601.0,31840.0,78704.0,40091.0,36819.0,53.9,-22.6,,,
L,16,10,-9,-2,6,-11,30.11,30.11,-16.75,0.82837,0.48031,-0.28827,zhao_uCT_match,1,164,-10.0,-3.0,pale?,Dm8b/Tm5b home,"{""Dm8b"": 1, ""Tm5b"": 1}",,,85585.0,42946.0,31243.0,78700.0,39572.0,36333.0,53.5,-21.5,,,
L,16,11,-8,-2,5,-10,34.52,34.52,-14.89,0.79621,0.54771,-0.25705,zhao_uCT_match,1,186,-9.0,-3.0,pale?,Dm8b/Tm5b home,"{""Dm8b"": 1, ""Tm5b"": 1}",,,85646.0,42131.0,30732.0,78692.0,38939.0,35953.0,53.1,-20.2,,,
L,16,12,-7,-2,4,-9,38.53,38.53,-13.22,0.76154,0.60645,-0.22864,zhao_uCT_match,1,207,-8.0,-3.0,pale?,Dm8b/Tm5b home,"{""Tm5b"": 1}",R7_unclear:294784,,85642.0,41340.0,30202.0,78688.0,38416.0,35519.0,52.6,-18.5,,,
L,16,13,-6,-2,3,-8,42.6,42.6,-11.43,0.72148,0.66349,-0.19811,zhao_uCT_match,1,228,-7.0,-3.0,pale?,Dm8b/Tm5b home,"{""Tm5b"": 1}",,,85568.0,40601.0,29671.0,78644.0,37830.0,35113.0,51.8,-17.5,,,
L,16,14,-5,-2,2,-7,46.93,46.93,-9.52,0.6735,0.72047,-0.16531,zhao_uCT_match,1,250,-6.0,-3.0,yellow,R7,"{""R7y"": 1, ""R8y"": 1, ""Dm8a"": 1, ""Tm5a"": 1}",R8y:383862;R7y:412593,,85503.0,39850.0,29224.0,78599.0,37488.0,34827.0,50.9,-14.9,,,
L,16,15,-4,-2,1,-6,50.45,50.45,-7.48,0.63134,0.76451,-0.13011,zhao_uCT_match,1,271,-5.0,-3.0,pale,R7,"{""R7p"": 1, ""R8p"": 1, ""Dm8b"": 1, ""Tm5b"": 1}",R7p:257837;R8p:910541605,,85087.0,39221.0,28619.0,78353.0,36884.0,34400.0,49.4,-14.8,,,
L,16,16,-3,-2,0,-5,54.04,54.04,-5.33,0.58465,0.80595,-0.09289,zhao_uCT_match,1,294,-4.0,-3.0,yellow,R7,"{""R7y"": 1, ""R8y"": 1, ""Dm8a"": 1, ""Tm5a"": 1}",R8y:587543;R7y:254980,,84890.0,38082.0,28133.0,78403.0,36223.0,34155.0,47.1,-11.9,,,
L,16,17,-2,-2,-1,-4,57.87,57.87,-3.43,0.53084,0.84536,-0.05974,zhao_uCT_match,1,318,-3.0,-3.0,pale?,Dm8b/Tm5b home,"{""Dm8b"": 1, ""Tm5b"": 1}",R7_unclear:231394;R8_unclear:200777,,84655.0,37220.0,27697.0,78353.0,35601.0,33773.0,46.0,-10.5,,,
L,16,18,-1,-2,-2,-3,61.91,61.91,-1.71,0.4707,0.88179,-0.02986,zhao_uCT_match,1,339,-2.0,-3.0,yellow,R7,"{""R7y"": 1, ""R8y"": 1, ""Dm8a"": 1, ""Tm5a"": 1}",R8y:248649;R7y:222691,,84292.0,36522.0,27246.0,78407.0,35220.0,33399.0,43.7,-8.7,,,
L,16,19,0,-2,-3,-2,65.85,65.85,0.11,0.40919,0.91245,0.00196,zhao_uCT_match,1,364,-1.0,-3.0,pale?,Dm8b/Tm5b home,"{""Dm8b"": 1, ""Tm5b"": 1}",R7_unclear:222629;R8_unclear:209737,,83951.0,35561.0,26845.0,78319.0,34385.0,33133.0,41.8,-7.9,,,
L,16,20,1,-2,-4,-1,70.3,70.3,1.43,0.33703,0.94117,0.02488,zhao_uCT_match,1,387,0.0,-3.0,yellow,R7,"{""R7y"": 1, ""R8y"": 1, ""Dm8a"": 1, ""Tm5a"": 2}",R8y:207875;R7y:204362,,83431.0,34753.0,26305.0,78253.0,33851.0,32701.0,39.0,-6.3,,,
L,16,21,2,-2,-5,0,74.68,74.68,2.53,0.2639,0.96354,0.04413,zhao_uCT_match,1,410,1.0,-3.0,pale,R7,"{""R7p"": 1, ""R8p"": 1, ""Dm8b"": 1, ""Tm5b"": 1}",R7p:206218;R8p:227168,,82908.0,34025.0,25851.0,78111.0,33285.0,32415.0,36.2,-5.2,,,
L,16,22,3,-2,-6,1,78.82,78.82,3.72,0.19351,0.97895,0.06489,zhao_uCT_match,1,434,2.0,-3.0,unclear,,{},R7_unclear:160370;R8_unclear:562479,,82566.0,33035.0,25546.0,78090.0,32535.0,32147.0,34.1,-3.6,,,
L,16,23,4,-2,-7,2,83.59,83.59,4.91,0.11123,0.9901,0.08566,zhao_uCT_match,1,454,3.0,-3.0,yellow,R7,"{""R7y"": 1, ""R8y"": 1, ""Dm8a"": 1, ""Tm5a"": 1}",R8y:940816;R7y:531258,,82158.0,32061.0,25243.0,77976.0,31727.0,31888.0,32.2,-2.4,88226,33574,25525
L,16,24,5,-2,-8,3,88.42,88.42,6.4,0.02737,0.9934,0.11142,zhao_uCT_match,1,479,4.0,-3.0,yellow,R7,"{""R7y"": 1, ""R8y"": 1, ""Dm8a"": 1, ""Tm5a"": 1}",R8y:184838;R7y:162985,,81630.0,31352.0,24875.0,77775.0,31173.0,31559.0,30.0,-1.3,88794,32894,25715
L,16,25,6,-2,-9,4,93.28,93.28,8.1,-0.05664,0.98841,0.14088,zhao_uCT_match,1,500,5.0,-3.0,yellow,R7,"{""R7y"": 1, ""R8y"": 1, ""Dm8a"": 1, ""Tm5a"": 1}",R8y:172875;R7y:943654,,81131.0,30480.0,24564.0,77564.0,30504.0,31302.0,27.9,0.2,88874,31763,25865
L,16,26,7,-2,-10,5,98.51,98.51,9.88,-0.1458,0.97432,0.1716,zhao_uCT_match,1,524,6.0,-3.0,yellow,R7,"{""R7y"": 1, ""R8y"": 1, ""Dm8a"": 1, ""Tm5a"": 1}",R8y:216470;R7y:207310,,80525.0,29722.0,24260.0,77331.0,29937.0,30998.0,25.4,1.7,89178,31175,26168
L,16,27,8,-2,-11,6,103.62,103.62,12.06,-0.23022,0.95044,0.20896,zhao_uCT_match,1,544,7.0,-3.0,pale,R7,"{""R7p"": 1, ""R8p"": 1, ""Dm8b"": 1, ""Tm5b"": 1}",R7p:207647;R8p:221457,,79941.0,28816.0,23955.0,77028.0,29188.0,30654.0,23.5,2.9,,,
L,16,28,9,-2,-12,7,109.09,109.09,13.7,-0.3178,0.91812,0.23677,zhao_uCT_match,1,565,8.0,-3.0,pale,R7,"{""R7p"": 1, ""R8p"": 1, ""Dm8b"": 1, ""Tm5b"": 1}",R7p:109759;R8p:166471,,79320.0,28102.0,23638.0,76580.0,28594.0,30290.0,22.4,3.9,89216,29505,26882
L,16,29,10,-2,-13,8,114.84,114.84,14.9,-0.40599,0.87696,0.25713,zhao_uCT_match,1,586,9.0,-3.0,yellow,R7,"{""R7y"": 1, ""R8y"": 1, ""Dm8a"": 1, ""Tm5a"": 1}",R8y:182787;R7y:117405,,78778.0,27277.0,23475.0,76198.0,27874.0,30077.0,21.3,4.8,,,
L,16,30,11,-2,-14,9,122.06,122.06,15.72,-0.51087,0.81582,0.27101,zhao_uCT_match,1,603,10.0,-3.0,yellow,R7,"{""R7y"": 1, ""R8y"": 1, ""Tm5a"": 1}",R8y:147436;R7y:217192,,78197.0,26395.0,23336.0,75691.0,27178.0,29778.0,21.3,6.5,89084,27889,27754
L,16,31,12,-2,-15,10,129.44,129.44,16.21,-0.61007,0.74154,0.27918,zhao_uCT_match,1,617,11.0,-3.0,unclear,,{},R7_unclear:184421;R8_unclear:195035,,77628.0,25677.0,23200.0,75190.0,26531.0,29558.0,21.0,7.1,89582,27174,28584
L,16,32,13,-2,-16,11,137.84,137.84,16.11,-0.71214,0.64486,0.2775,zhao_uCT_match,1,629,12.0,-3.0,yellow,R7,"{""R7y"": 1, ""R8y"": 1, ""Dm8a"": 1, ""Tm5a"": 1}",R8y:214991;R7y:209761,,76854.0,24865.0,23123.0,74434.0,25756.0,29417.0,21.0,7.5,90260,26709,29251
L,16,33,14,-2,-17,12,148.47,148.47,15.31,-0.82214,0.50434,0.26406,zhao_uCT_match,1,633,13.0,-3.0,DRA,R7d/R8d,"{""R7d"": 1, ""R8d"": 1}",R7d:548189;R8d:66114,,75833.0,23895.0,23266.0,73441.0,24905.0,29528.0,20.9,8.6,89964,26191,29790
L,17,3,-16,-1,14,-17,-9.75,-9.75,-27.01,0.8781,-0.15081,-0.45409,extrapolated_local_linear,18,-1,,,unclear,,{},,,84910.0,46193.0,36496.0,78980.0,42373.0,40714.0,54.6,-27.7,,,
L,17,4,-15,-1,13,-16,-2.93,-2.93,-25.28,0.90308,-0.04627,-0.42698,zhao_uCT_match,1,79,-16.0,-2.0,yellow?,Dm8a/Tm5a home,"{""Dm8a"": 1, ""Tm5a"": 1}",,,84775.0,46264.0,35583.0,78809.0,42495.0,39834.0,54.5,-27.2,,,
L,17,5,-14,-1,12,-15,2.63,2.63,-23.6,0.91542,0.04202,-0.40031,zhao_uCT_match,1,89,-15.0,-2.0,unclear,,{},,,85167.0,45718.0,34868.0,79184.0,41985.0,39142.0,54.5,-26.9,,,
L,17,6,-13,-1,11,-14,7.79,7.79,-22.17,0.9175,0.12558,-0.37739,zhao_uCT_match,1,105,-14.0,-2.0,pale?,Dm8b/Tm5b home,"{""Dm8b"": 1}",,,85503.0,45140.0,34241.0,79153.0,41453.0,38679.0,55.1,-25.5,,,
L,17,7,-12,-1,10,-13,12.76,12.76,-20.24,0.91507,0.20716,-0.34601,zhao_uCT_match,1,121,-13.0,-2.0,yellow?,Dm8a/Tm5a home,"{""Dm8a"": 1, ""Tm5a"": 1}",,,85900.0,44397.0,33645.0,79333.0,40798.0,38222.0,55.1,-24.2,,,
L,17,8,-11,-1,9,-12,17.58,17.58,-18.2,0.90558,0.28695,-0.31239,zhao_uCT_match,1,136,-12.0,-2.0,pale?,Dm8b/Tm5b home,"{""Dm8b"": 1, ""Tm5b"": 1}",,,86029.0,43798.0,33063.0,79267.0,40288.0,37758.0,55.2,-23.1,,,
L,17,9,-10,-1,8,-11,22.28,22.28,-16.07,0.88915,0.36436,-0.27685,zhao_uCT_match,1,155,-11.0,-2.0,unclear,,"{""Dm8b"": 1, ""Tm5a"": 1, ""Tm5b"": 1}",,,86215.0,43209.0,32536.0,79357.0,39826.0,37396.0,54.7,-21.9,,,
L,17,10,-9,-1,7,-10,26.78,26.78,-14.45,0.86447,0.43632,-0.24962,zhao_uCT_match,1,174,-10.0,-2.0,pale?,Dm8b/Tm5b home,"{""Dm8b"": 1, ""Tm5b"": 1}",,,86363.0,42390.0,31857.0,79358.0,39159.0,36836.0,54.6,-20.6,,,
L,17,11,-8,-1,6,-9,31.07,31.07,-12.54,0.83615,0.50372,-0.21706,zhao_uCT_match,1,195,-9.0,-2.0,pale?,Dm8b/Tm5b home,"{""Dm8b"": 1}",,,86335.0,41698.0,31279.0,79323.0,38610.0,36369.0,54.0,-19.6,,,
L,17,12,-7,-1,5,-8,35.34,35.34,-10.61,0.80182,0.56851,-0.18409,zhao_uCT_match,1,216,-8.0,-2.0,unclear,,"{""Dm8b"": 1, ""Tm5a"": 1, ""Tm5b"": 1}",R8_unclear:347926,,86368.0,40912.0,30795.0,79322.0,38029.0,35914.0,54.0,-18.3,,,
L,17,13,-6,-1,4,-7,38.92,38.92,-8.86,0.76875,0.62073,-0.15401,zhao_uCT_match,1,238,-7.0,-2.0,unclear,,{},R8_unclear:679610194,,86387.0,40103.0,30331.0,79331.0,37509.0,35563.0,53.4,-16.5,,,
L,17,14,-5,-1,3,-6,42.89,42.89,-6.96,0.72722,0.67561,-0.1212,zhao_uCT_match,1,261,-6.0,-2.0,pale?,Dm8b/Tm5b home,"{""Dm8b"": 2, ""Tm5b"": 1}",R7_unclear:118693190;R8_unclear:311820,,86263.0,39310.0,29813.0,79196.0,36973.0,35256.0,52.4,-14.7,,,
L,17,15,-4,-1,2,-5,46.81,46.81,-5.06,0.6818,0.7262,-0.08823,zhao_uCT_match,1,282,-5.0,-2.0,pale,R7,"{""R7p"": 1, ""R8p"": 1, ""Dm8b"": 1, ""Tm5b"": 1}",R7p:200000413;R8p:213204317,,85998.0,38557.0,29248.0,79074.0,36455.0,34818.0,51.2,-13.3,,,
L,17,16,-3,-1,1,-4,50.41,50.41,-3.24,0.63624,0.76942,-0.05645,zhao_uCT_match,1,305,-4.0,-2.0,pale,R7,"{""R7p"": 1, ""R8p"": 1, ""Dm8b"": 1, ""Tm5b"": 2}",R7p:302317;R8p:298798,,85800.0,37626.0,28793.0,79014.0,35803.0,34396.0,50.5,-11.7,,,
L,17,17,-2,-1,0,-3,53.9,53.9,-1.14,0.58911,0.80781,-0.01996,zhao_uCT_match,1,327,-3.0,-2.0,yellow,R7,"{""R7y"": 1, ""R8y"": 1, ""Dm8a"": 1, ""Tm5a"": 1}",R8y:326968;R7y:407846,,85517.0,36653.0,28337.0,79007.0,35155.0,34118.0,48.4,-9.8,,,
L,17,18,-1,-1,-1,-2,57.59,57.59,0.45,0.53593,0.84422,0.00787,zhao_uCT_match,1,349,-2.0,-2.0,yellow,R7,"{""R7y"": 1, ""R8y"": 1, ""Dm8a"": 1}",R8y:219132;R7y:256317,,85181.0,35798.0,27882.0,78693.0,34545.0,33750.0,47.9,-8.2,,,
L,17,19,0,-1,-2,-1,61.4,61.4,2.04,0.47842,0.87741,0.03556,zhao_uCT_match,1,374,-1.0,-2.0,pale,R7,"{""R7p"": 1, ""R8p"": 1, ""Dm8b"": 1, ""Tm5a"": 1, ""Tm5b"": 1}",R7p:257997;R8p:197503,,84771.0,34923.0,27444.0,78886.0,33821.0,33519.0,44.1,-7.4,,,
L,17,20,1,-1,-3,0,65.45,65.45,3.48,0.41475,0.90791,0.06068,zhao_uCT_match,1,397,0.0,-2.0,pale?,Dm8b/Tm5b home,"{""Dm8b"": 1, ""Tm5b"": 1}",R7_unclear:233758;R8_unclear:190066,,84250.0,33995.0,26907.0,78695.0,33255.0,33013.0,42.3,-5.1,,,
L,17,21,2,-1,-4,1,70.03,70.03,4.15,0.34056,0.93743,0.07242,zhao_uCT_match,1,419,1.0,-2.0,yellow,R7,"{""R7y"": 1, ""R8y"": 1, ""Dm8a"": 1, ""Tm5a"": 1}",R8y:211421;R7y:223878,,83768.0,33149.0,26468.0,78617.0,32581.0,32756.0,39.3,-4.0,,,
L,17,22,3,-1,-5,2,74.58,74.58,5.58,0.26471,0.95941,0.09726,zhao_uCT_match,1,444,2.0,-2.0,yellow,R7,"{""R7y"": 1, ""R8y"": 1, ""Dm8a"": 1, ""Tm5a"": 1}",R8y:175694;R7y:210576,,83402.0,32369.0,26224.0,78584.0,32035.0,32620.0,37.0,-2.4,,,
L,17,23,4,-1,-6,3,79.28,79.28,7.33,0.18442,0.97453,0.1276,zhao_uCT_match,1,468,3.0,-2.0,pale,R7,"{""R7p"": 1, ""R8p"": 1}",R7p:210590;R8p:259241,,82816.0,31291.0,25831.0,78340.0,31111.0,32260.0,34.8,-1.3,,,
L,17,24,5,-1,-7,4,84.26,84.26,8.71,0.0988,0.98353,0.15138,zhao_uCT_match,1,492,4.0,-2.0,pale?,Dm8b/Tm5b home,"{""Dm8b"": 1, ""Tm5b"": 1}",R7_unclear:210652;R8_unclear:198852,,82226.0,30576.0,25374.0,78048.0,30600.0,31906.0,32.6,0.2,,,
L,17,25,6,-1,-8,5,89.23,89.23,10.28,0.01322,0.98387,0.17842,zhao_uCT_match,1,514,5.0,-2.0,pale,R7,"{""R7p"": 1, ""R8p"": 1, ""Dm8b"": 1, ""Tm5b"": 1}",R7p:150748;R8p:182960,,81726.0,29720.0,25111.0,77908.0,29938.0,31657.0,30.3,1.6,88270,31253,25771
L,17,26,7,-1,-9,6,94.37,94.37,12.1,-0.07444,0.97496,0.20956,zhao_uCT_match,1,534,6.0,-2.0,pale?,Dm8b/Tm5b home,"{""Dm8b"": 1, ""Tm5b"": 1}",R7_unclear:930274;R8_unclear:560252,,81136.0,28880.0,24781.0,77738.0,29253.0,31383.0,27.2,2.9,88833,30750,26025
L,17,27,8,-1,-10,7,99.83,99.83,14.5,-0.16529,0.95394,0.25036,zhao_uCT_match,1,558,7.0,-2.0,yellow,R7,"{""R7y"": 1, ""R8y"": 1, ""Dm8a"": 1, ""Tm5a"": 1}",R8y:241133;R7y:241322,,80534.0,28182.0,24482.0,77414.0,28750.0,31084.0,25.3,4.4,,,
L,17,28,9,-1,-11,8,105.18,105.18,16.45,-0.25119,0.92558,0.28321,zhao_uCT_match,1,578,8.0,-2.0,yellow,R7,"{""R7y"": 1, ""R8y"": 1, ""Dm8a"": 1, ""Tm5a"": 1}",R8y:197435;R7y:178007,,79925.0,27308.0,24192.0,77068.0,27923.0,30709.0,23.7,4.9,,,
L,17,29,10,-1,-12,9,110.58,110.58,18.05,-0.3342,0.89009,0.30992,zhao_uCT_match,1,597,9.0,-2.0,pale,R7,"{""R7p"": 1, ""R8p"": 1, ""Dm8b"": 1, ""Tm5b"": 1}",R7p:275947;R8p:189982,,79260.0,26689.0,23861.0,76520.0,27510.0,30350.0,22.9,6.6,88759,28224,27193
L,17,30,11,-1,-13,10,117.5,117.5,19.56,-0.43505,0.83582,0.33487,zhao_uCT_match,1,618,10.0,-2.0,yellow,R7,"{""R7y"": 1, ""R8y"": 1, ""Dm8a"": 1, ""Tm5a"": 1}",R8y:189379;R7y:561509,,78711.0,25841.0,23731.0,76131.0,26714.0,30064.0,22.2,7.3,89118,27271,27823
L,17,31,12,-1,-14,11,124.94,124.94,20.4,-0.53684,0.76834,0.34851,zhao_uCT_match,1,632,11.0,-2.0,yellow,R7,"{""R7y"": 1, ""R8y"": 1, ""Dm8a"": 1}",R8y:560623;R7y:218638,,78133.0,24895.0,23643.0,75566.0,25906.0,29905.0,22.3,8.5,89468,26583,28428
L,17,32,13,-1,-15,12,132.3,132.3,20.44,-0.63064,0.69309,0.34916,zhao_uCT_match,1,645,12.0,-2.0,unclear,,"{""Dm8b"": 1, ""Tm5a"": 1, ""Tm5b"": 1}",R7_unclear:209607;R8_unclear:929394,,77451.0,24203.0,23541.0,74911.0,25273.0,29737.0,22.3,9.1,89751,26030,29006
L,17,33,14,-1,-16,13,141.29,141.29,18.94,-0.73809,0.59148,0.32462,zhao_uCT_match,1,653,13.0,-2.0,yellow,R7,"{""R7y"": 1, ""R8y"": 1, ""Dm8a"": 1, ""Tm5a"": 1}",R8y:929757;R7y:147975,,76362.0,23411.0,23500.0,73849.0,24615.0,29681.0,22.1,10.2,90075,25544,29643
L,18,4,-15,0,14,-15,-7.89,-7.89,-23.31,0.90971,-0.12608,-0.39565,zhao_uCT_match,1,90,-16.0,-1.0,unclear,,{},,,85336.0,45745.0,36121.0,79353.0,42078.0,40304.0,55.0,-26.7,,,
L,18,5,-14,0,13,-14,-0.94,-0.94,-21.4,0.93094,-0.01525,-0.36486,zhao_uCT_match,1,103,-15.0,-1.0,unclear,,"{""Dm8b"": 1, ""Tm5a"": 1, ""Tm5b"": 2}",,,85926.0,45063.0,35561.0,79876.0,41429.0,39779.0,55.1,-26.2,,,
L,18,6,-13,0,12,-13,4.41,4.41,-19.76,0.93836,0.07236,-0.338,zhao_uCT_match,1,115,-14.0,-1.0,yellow?,Dm8a/Tm5a home,"{""Dm8a"": 1, ""Tm5a"": 1}",,,86190.0,44600.0,34964.0,79853.0,41013.0,39239.0,56.0,-25.1,,,
L,18,7,-12,0,11,-12,9.5,9.5,-18.02,0.93791,0.15694,-0.30936,zhao_uCT_match,1,129,-13.0,-1.0,pale?,Dm8b/Tm5b home,"{""Tm5b"": 1}",R8_unclear:158048,,86542.0,43842.0,34202.0,79980.0,40403.0,38641.0,55.9,-23.5,,,
L,18,8,-11,0,10,-11,14.37,14.37,-15.81,0.93207,0.23873,-0.27248,zhao_uCT_match,1,144,-12.0,-1.0,pale?,Dm8b/Tm5b home,"{""Tm5b"": 1}",R8_unclear:939901,,86708.0,43168.0,33542.0,79946.0,39882.0,38118.0,55.9,-21.9,,,
L,18,9,-10,0,9,-10,18.7,18.7,-13.53,0.92092,0.31168,-0.234,zhao_uCT_match,1,165,-11.0,-1.0,pale?,Dm8b/Tm5b home,"{""Dm8b"": 1}",,,86967.0,42347.0,33034.0,80069.0,39116.0,37730.0,55.8,-21.2,,,
L,18,10,-9,0,8,-9,23.22,23.22,-11.82,0.8995,0.38595,-0.2048,zhao_uCT_match,1,184,-10.0,-1.0,pale?,Dm8b/Tm5b home,"{""Dm8b"": 1, ""Tm5b"": 1}",,,87001.0,41653.0,32430.0,79996.0,38565.0,37290.0,55.2,-19.9,,,
L,18,11,-8,0,7,-8,27.52,27.52,-10.16,0.87298,0.45474,-0.17637,zhao_uCT_match,1,203,-9.0,-1.0,pale?,Dm8b/Tm5b home,"{""Dm8b"": 1, ""Tm5b"": 1}",,,87037.0,41054.0,31910.0,79991.0,38172.0,36835.0,55.0,-18.5,,,
L,18,12,-7,0,6,-7,31.71,31.71,-8.27,0.84185,0.52022,-0.14376,zhao_uCT_match,1,225,-8.0,-1.0,unclear,,"{""Dm8b"": 1, ""Tm5a"": 1, ""Tm5b"": 1}",,,87062.0,40355.0,31417.0,79995.0,37622.0,36396.0,54.8,-17.5,,,
L,18,13,-6,0,5,-6,35.65,35.65,-6.45,0.80739,0.57921,-0.11241,zhao_uCT_match,1,248,-7.0,-1.0,pale?,Dm8b/Tm5b home,"{""Dm8b"": 1, ""Tm5b"": 1}",,,87056.0,39383.0,30866.0,79966.0,36920.0,35983.0,54.2,-15.7,85898,39543,23331
L,18,14,-5,0,4,-5,39.04,39.04,-4.6,0.77415,0.62789,-0.08025,zhao_uCT_match,1,270,-6.0,-1.0,unclear,,"{""Dm8b"": 1, ""Tm5a"": 1}",,,86971.0,38575.0,30358.0,79867.0,36238.0,35589.0,53.6,-14.8,,,
L,18,15,-4,0,3,-4,42.44,42.44,-2.57,0.7372,0.67418,-0.04486,zhao_uCT_match,1,293,-5.0,-1.0,unclear,,"{""Dm8a"": 1, ""Tm5a"": 1, ""Tm5b"": 1}",,,86779.0,37759.0,29794.0,79689.0,35778.0,35187.0,52.7,-12.5,,,
L,18,16,-3,0,2,-3,46.24,46.24,-0.7,0.69153,0.72224,-0.01216,zhao_uCT_match,1,315,-4.0,-1.0,yellow,R7,"{""R7y"": 1, ""R8y"": 1, ""Dm8a"": 1, ""Tm5a"": 1}",R8y:392816;R7y:276531,,86589.0,36953.0,29374.0,79532.0,35228.0,34816.0,52.4,-11.0,86812,37734,23262
L,18,17,-2,0,1,-2,49.83,49.83,1.11,0.64497,0.76397,0.01933,zhao_uCT_match,1,338,-3.0,-1.0,yellow,R7,"{""R7y"": 1, ""R8y"": 1, ""Dm8a"": 1, ""Tm5a"": 1}",R8y:289085;R7y:253956104,,86313.0,36064.0,28938.0,79389.0,34605.0,34508.0,51.2,-9.3,,,
L,18,18,-1,0,0,-1,53.63,53.63,2.53,0.59242,0.80442,0.04416,zhao_uCT_match,1,361,-2.0,-1.0,yellow,R7,"{""R7y"": 1, ""R8y"": 1, ""Dm8a"": 1, ""Tm5a"": 1}",R8y:312938;R7y:238959,,86148.0,34889.0,28625.0,79445.0,33759.0,34231.0,50.1,-7.4,87204,36141,23823
L,18,19,0,0,-1,0,57.48,57.48,3.8,0.53646,0.84133,0.06623,zhao_uCT_match,1,384,-1.0,-1.0,yellow,R7,"{""R7y"": 1, ""R8y"": 1, ""Dm8a"": 1, ""Tm5a"": 1}",R8y:372067;R7y:287830,,85570.0,34173.0,28015.0,79082.0,33287.0,33882.0,47.9,-5.8,,,
L,18,20,1,0,-2,1,61.46,61.46,4.86,0.47601,0.87535,0.08474,zhao_uCT_match,1,408,0.0,-1.0,yellow,R7,"{""R7y"": 1, ""R8y"": 1, ""Dm8a"": 1, ""Tm5a"": 1}",R8y:218423;R7y:268640,,85074.0,33312.0,27614.0,79189.0,32708.0,33584.0,44.6,-4.1,,,
L,18,21,2,0,-3,2,65.64,65.64,6.06,0.41023,0.90585,0.10556,zhao_uCT_match,1,431,1.0,-1.0,pale?,Dm8b/Tm5b home,"{""Dm8b"": 1, ""Tm5b"": 1}",R7_unclear:253460;R8_unclear:246572,,84608.0,32618.0,27172.0,79053.0,32121.0,33248.0,42.4,-3.5,,,
L,18,22,3,0,-4,3,70.28,70.28,7.43,0.33464,0.93342,0.1294,zhao_uCT_match,1,455,2.0,-1.0,yellow,R7,"{""R7y"": 1, ""R8y"": 1, ""Dm8a"": 1, ""Tm5a"": 1}",R8y:238411;R7y:223079,,84110.0,31739.0,26799.0,78958.0,31560.0,32904.0,40.2,-1.3,,,
L,18,23,4,0,-5,4,75.09,75.09,9.63,0.25375,0.95271,0.1672,zhao_uCT_match,1,480,3.0,-1.0,pale?,Dm8b/Tm5b home,"{""Dm8b"": 1, ""Tm5b"": 1}",R7_unclear:224548;R8_unclear:216744,,83643.0,30811.0,26505.0,78825.0,30834.0,32616.0,38.3,0.2,,,
L,18,24,5,0,-6,5,79.92,79.92,11.36,0.17162,0.96528,0.19691,zhao_uCT_match,1,503,4.0,-1.0,pale,R7,"{""R7p"": 1, ""R8p"": 1, ""Dm8b"": 1, ""Tm5b"": 1}",R7p:235171;R8p:242206,,83023.0,29980.0,26114.0,78546.0,30198.0,32385.0,35.5,1.6,,,
L,18,25,6,0,-7,6,85.13,85.13,12.76,0.08285,0.97179,0.22083,zhao_uCT_match,1,526,5.0,-1.0,yellow,R7,"{""R7y"": 1, ""R8y"": 1, ""Dm8a"": 1, ""Tm5a"": 1}",R8y:219749;R7y:147021,,82422.0,29166.0,25716.0,78362.0,29534.0,32112.0,32.4,2.8,,,
L,18,26,7,0,-8,7,90.49,90.49,14.55,-0.0082,0.96791,0.25115,zhao_uCT_match,1,547,6.0,-1.0,unclear,,{},R7_unclear:158643;R8_unclear:187202,,81717.0,28416.0,25340.0,77971.0,28984.0,31771.0,30.2,4.4,,,
L,18,27,8,0,-9,8,95.64,95.64,16.91,-0.09403,0.95211,0.29093,zhao_uCT_match,1,572,7.0,-1.0,yellow,R7,"{""R7y"": 1, ""R8y"": 1, ""Dm8a"": 1, ""Tm5a"": 1}",R8y:183239;R7y:154168,,81101.0,27506.0,25016.0,77703.0,28192.0,31447.0,27.9,5.4,,,
L,18,28,9,0,-10,9,101.39,101.39,19.03,-0.18665,0.92676,0.32601,zhao_uCT_match,1,592,8.0,-1.0,yellow,R7,"{""R7y"": 1, ""R8y"": 1}",R8y:207543;R7y:175249,,80503.0,26683.0,24768.0,77383.0,27532.0,31199.0,25.9,6.8,,,
L,18,29,10,0,-11,10,107.04,107.04,20.88,-0.27378,0.89333,0.35638,zhao_uCT_match,1,611,9.0,-1.0,yellow,R7,"{""R7y"": 1, ""R8y"": 1, ""Dm8a"": 1, ""Tm5a"": 1}",R8y:168127;R7y:205753,,79873.0,25961.0,24450.0,77016.0,26925.0,30775.0,24.3,7.9,89075,27434,27297
L,18,30,11,0,-12,11,113.03,113.03,22.79,-0.3606,0.84849,0.38735,zhao_uCT_match,1,631,10.0,-1.0,pale,R7,"{""R7p"": 1, ""R8p"": 1}",R7p:118906;R8p:190355,,79239.0,25267.0,24151.0,76447.0,26278.0,30413.0,24.0,8.4,88951,26715,27617
L,18,31,12,0,-13,12,120.17,120.17,23.99,-0.4592,0.78985,0.40652,zhao_uCT_match,1,648,11.0,-1.0,pale?,Dm8b/Tm5b home,"{""Tm5b"": 1}",R7_unclear:160040;R8_unclear:189604,,78687.0,24404.0,24024.0,75966.0,25608.0,30205.0,23.8,10.1,89047,26054,28137
L,18,32,13,0,-14,13,127.94,127.94,24.58,-0.55915,0.71721,0.41589,zhao_uCT_match,1,661,12.0,-1.0,pale?,Dm8b/Tm5b home,"{""Dm8b"": 1}",R7_unclear:210673;R8_unclear:219689,,77980.0,23377.0,23995.0,75288.0,24733.0,30146.0,23.6,11.4,89938,25449,28880
L,18,33,14,0,-15,14,135.73,135.73,23.91,-0.65463,0.63815,0.40524,zhao_uCT_match,1,671,13.0,-1.0,pale,R7,"{""R7p"": 1, ""R8p"": 1}",R7p:183486;R8p:199480,,77054.0,22758.0,23843.0,74362.0,24243.0,29941.0,23.8,12.6,89796,24852,29658
L,18,34,15,0,-16,15,144.35,144.35,22.41,-0.75118,0.53886,0.38126,zhao_uCT_match,1,674,14.0,-1.0,DRA,R7d/R8d,"{""R7d"": 1, ""R8d"": 1, ""Dm-DRA1"": 1, ""Dm-DRA2"": 1, ""MeTu2a"": 2}",R7d:543527;R8d:543525,,75763.0,22049.0,24046.0,73128.0,23670.0,30111.0,23.5,13.8,90026,24719,30245
L,19,4,-15,1,15,-14,-10.41,-10.41,-20.83,0.91923,-0.16893,-0.35563,extrapolated_local_linear,18,-1,,,unclear,,{},,,85752.0,45227.0,36927.0,79766.0,41638.0,41008.0,55.7,-26.4,,,
L,19,5,-14,1,14,-13,-5.04,-5.04,-18.29,0.94579,-0.08346,-0.31388,zhao_uCT_match,1,116,-15.0,0.0,unclear,,{},,,86310.0,44611.0,36356.0,80226.0,41144.0,40457.0,56.0,-25.3,,,
L,19,6,-13,1,13,-12,0.9,0.9,-17.41,0.95406,0.015,-0.29925,zhao_uCT_match,1,125,-14.0,0.0,yellow?,Dm8a/Tm5a home,"{""Dm8a"": 1, ""Tm5a"": 1}",,,86850.0,43890.0,35648.0,80544.0,40481.0,39784.0,56.7,-24.3,,,
L,19,7,-12,1,12,-11,5.98,5.98,-15.53,0.95824,0.10042,-0.26774,zhao_uCT_match,1,141,-13.0,0.0,pale?,Dm8b/Tm5b home,"{""Dm8b"": 1}",,,87092.0,43322.0,34883.0,80699.0,40056.0,39154.0,56.3,-23.0,,,
L,19,8,-11,1,11,-10,10.93,10.93,-13.59,0.95437,0.1843,-0.23498,zhao_uCT_match,1,158,-12.0,0.0,unclear,,"{""Dm8a"": 1, ""Dm8b"": 1, ""Tm5a"": 1, ""Tm5b"": 1}",,,87204.0,42800.0,34156.0,80601.0,39635.0,38607.0,56.0,-21.7,,,
L,19,9,-10,1,10,-9,15.3,15.3,-11.4,0.94553,0.25864,-0.19767,zhao_uCT_match,1,176,-11.0,0.0,pale?,Dm8b/Tm5b home,"{""Dm8b"": 1, ""Tm5b"": 1}",,,87512.0,41890.0,33723.0,80654.0,38854.0,38275.0,56.4,-20.2,,,
L,19,10,-9,1,9,-8,19.57,19.57,-9.23,0.93005,0.33057,-0.1604,zhao_uCT_match,1,194,-10.0,0.0,yellow?,Dm8a/Tm5a home,"{""Dm8a"": 1, ""Tm5a"": 1}",,,87603.0,41131.0,33083.0,80598.0,38163.0,37769.0,56.2,-19.4,,,
L,19,11,-8,1,8,-7,23.51,23.51,-7.44,0.90928,0.39554,-0.12943,zhao_uCT_match,1,215,-9.0,0.0,yellow?,Dm8a/Tm5a home,"{""Dm8a"": 1}",,,87616.0,40513.0,32471.0,80571.0,37766.0,37246.0,55.9,-17.9,,,
L,19,12,-7,1,7,-6,27.54,27.54,-5.79,0.88213,0.46008,-0.10084,zhao_uCT_match,1,236,-8.0,0.0,pale?,Dm8b/Tm5b home,"{""Dm8b"": 1, ""Tm5b"": 1}",,,87676.0,39628.0,31933.0,80585.0,37034.0,36857.0,55.2,-16.7,,,
L,19,13,-6,1,6,-5,31.84,31.84,-4.08,0.8474,0.52616,-0.07117,zhao_uCT_match,1,259,-7.0,0.0,yellow?,Dm8a/Tm5a home,"{""Dm8a"": 1, ""Tm5a"": 1}",,,87649.0,38793.0,31421.0,80493.0,36455.0,36399.0,55.2,-15.0,85556,38955,23232
L,19,14,-5,1,5,-4,35.61,35.61,-2.35,0.81229,0.58182,-0.04094,zhao_uCT_match,1,281,-6.0,0.0,yellow?,Dm8a/Tm5a home,"{""Dm8a"": 1, ""Tm5a"": 1}",,,87595.0,37990.0,30936.0,80411.0,35887.0,35999.0,54.8,-13.5,85870,38280,23246
L,19,15,-4,1,4,-3,38.93,38.93,-0.31,0.77793,0.62833,-0.00539,zhao_uCT_match,1,302,-5.0,0.0,yellow?,Dm8a/Tm5a home,"{""Dm8a"": 1, ""Tm5a"": 1}",,,87445.0,37094.0,30472.0,80261.0,35272.0,35591.0,54.5,-11.7,86161,37482,23283
L,19,16,-3,1,3,-2,42.25,42.25,1.63,0.73992,0.6721,0.02845,zhao_uCT_match,1,326,-4.0,0.0,yellow,R7,"{""R7y"": 1, ""R8y"": 1, ""Dm8a"": 1, ""Tm5a"": 1}",R8y:109685312;R7y:252276,,87191.0,36277.0,29931.0,80044.0,34779.0,35208.0,53.6,-9.6,86474,36811,23073
L,19,17,-2,1,2,-1,45.85,45.85,3.17,0.69545,0.71644,0.05537,zhao_uCT_match,1,348,-3.0,0.0,pale?,Dm8b/Tm5b home,"{""Dm8b"": 1, ""Tm5b"": 1}",R7_unclear:277902;R8_unclear:407498,,86990.0,35277.0,29529.0,79933.0,34070.0,34923.0,52.6,-7.7,86921,36092,23127
L,19,18,-1,1,1,0,49.7,49.7,4.25,0.64494,0.76062,0.07414,zhao_uCT_match,1,371,-2.0,0.0,pale,R7,"{""R7p"": 1, ""R8p"": 1, ""Dm8b"": 1, ""Tm5b"": 1}",R7p:282924;R8p:1035284341,,86729.0,34287.0,29160.0,79805.0,33379.0,34603.0,51.8,-5.9,87122,35248,23332
L,19,19,0,1,0,1,53.57,53.57,5.33,0.5913,0.80109,0.09287,zhao_uCT_match,1,394,-1.0,0.0,pale,R7,"{""R7p"": 1, ""R8p"": 1, ""Dm8b"": 1}",R7p:287401;R8p:284030,,86308.0,33509.0,28705.0,79605.0,32769.0,34275.0,50.3,-4.9,87209,34647,23745
L,19,20,1,1,-1,2,57.45,57.45,6.76,0.53428,0.83706,0.11777,zhao_uCT_match,1,418,0.0,0.0,yellow,R7,"{""R7y"": 1, ""R8y"": 1, ""Dm8a"": 1, ""Tm5a"": 1, ""Tm5b"": 1}",R8y:373411;R7y:266965,,85850.0,32592.0,28254.0,79560.0,32095.0,34020.0,47.5,-3.3,,,
L,19,21,2,1,-2,3,61.65,61.65,8.31,0.4699,0.87081,0.14451,zhao_uCT_match,1,443,1.0,0.0,yellow,R7,"{""R7y"": 1, ""R8y"": 1, ""Dm8a"": 1, ""Tm5a"": 1}",R8y:285358;R7y:226271,,85318.0,31708.0,27804.0,79433.0,31374.0,33671.0,45.1,-2.3,,,
L,19,22,3,1,-3,4,66.38,66.38,9.66,0.39501,0.90322,0.16779,zhao_uCT_match,1,466,2.0,0.0,yellow,R7,"{""R7y"": 1, ""R8y"": 1, ""Dm8a"": 1}",R8y:271938;R7y:179650,,84745.0,30855.0,27415.0,79203.0,30782.0,33382.0,42.9,-0.5,,,
L,19,23,4,1,-4,5,71.17,71.17,11.49,0.31636,0.92748,0.19924,zhao_uCT_match,1,491,3.0,0.0,yellow,R7,"{""R7y"": 1, ""R8y"": 1, ""Dm8a"": 1, ""Tm5a"": 1}",R8y:524574;R7y:230257,,84254.0,30046.0,27071.0,79141.0,30264.0,33094.0,40.3,1.6,,,
L,19,24,5,1,-5,6,75.83,75.83,13.72,0.23777,0.94192,0.23719,zhao_uCT_match,1,515,4.0,0.0,yellow,R7,"{""R7y"": 1, ""R8y"": 1, ""Dm8a"": 1, ""Tm5a"": 1}",R8y:375903649;R7y:527276,,83595.0,29392.0,26676.0,78777.0,29760.0,32712.0,38.6,2.7,,,
L,19,25,6,1,-6,7,80.77,80.77,15.35,0.15472,0.95182,0.26475,zhao_uCT_match,1,539,5.0,0.0,yellow,R7,"{""R7y"": 1, ""R8y"": 1, ""Dm8a"": 1, ""Tm5a"": 1}",R8y:232609;R7y:128682,,83087.0,28419.0,26389.0,78648.0,28988.0,32494.0,36.0,4.3,,,
L,19,26,7,1,-7,8,86.21,86.21,17.19,0.06312,0.95326,0.2955,zhao_uCT_match,1,560,6.0,0.0,yellow,R7,"{""R7y"": 1, ""R8y"": 1, ""Dm8a"": 1, ""Tm5a"": 1}",R8y:188820;R7y:545250,,82161.0,27704.0,25799.0,78189.0,28391.0,31953.0,32.8,5.4,,,
L,19,27,8,1,-8,9,91.41,91.41,19.88,-0.02315,0.94012,0.34006,zhao_uCT_match,1,584,7.0,0.0,yellow,R7,"{""R7y"": 1, ""R8y"": 1, ""Dm8a"": 1, ""Tm5a"": 1}",R8y:179235;R7y:187221,,81589.0,26732.0,25559.0,77901.0,27628.0,31798.0,30.6,7.0,,,
L,19,28,9,1,-9,10,97.2,97.2,21.96,-0.11627,0.92014,0.37394,zhao_uCT_match,1,605,8.0,0.0,pale?,Dm8b/Tm5b home,"{""Dm8b"": 1, ""Tm5b"": 1}",R7_unclear:186253;R8_unclear:190467,,81049.0,26024.0,25310.0,77651.0,26988.0,31548.0,28.6,7.7,,,
L,19,29,10,1,-10,11,103.42,103.42,23.34,-0.21305,0.89308,0.39626,zhao_uCT_match,1,624,9.0,0.0,yellow,R7,"{""R7y"": 1, ""R8y"": 1, ""Dm8a"": 1, ""Tm5a"": 1}",R8y:231323;R7y:205557,,80360.0,25185.0,25009.0,77240.0,26268.0,31190.0,26.8,8.9,,,
L,19,30,11,1,-11,12,109.38,109.38,25.28,-0.29999,0.853,0.42707,zhao_uCT_match,1,642,10.0,0.0,yellow,R7,"{""R7y"": 1, ""R8y"": 1}",R8y:168504;R7y:207474,,79738.0,24406.0,24721.0,76881.0,25696.0,30871.0,24.9,10.8,88697,26329,27326
L,19,31,12,1,-12,13,115.84,115.84,27.16,-0.38786,0.80072,0.45652,zhao_uCT_match,1,660,11.0,0.0,pale,R7,"{""R7p"": 1, ""R8p"": 1, ""Tm5b"": 1}",R7p:200293;R8p:179884,,79127.0,23767.0,24470.0,76298.0,25164.0,30620.0,24.7,11.7,89113,25418,28156
L,19,32,13,1,-13,14,123.39,123.39,28.31,-0.48453,0.7351,0.47418,zhao_uCT_match,1,676,12.0,0.0,yellow,R7,"{""R7y"": 1, ""R8y"": 1, ""Dm8a"": 1, ""Tm5a"": 1}",R8y:388026;R7y:82664,,78503.0,22922.0,24379.0,75721.0,24542.0,30448.0,24.6,13.6,89779,24771,28806
L,19,33,14,1,-14,15,131.73,131.73,28.42,-0.58536,0.65634,0.476,zhao_uCT_match,1,684,13.0,0.0,pale,R7,"{""R7p"": 1, ""R8p"": 1, ""Dm8b"": 1}",R7p:27174;R8p:929803,,77675.0,22028.0,24302.0,74938.0,23748.0,30327.0,24.4,14.6,89757,24324,29405
L,19,34,15,1,-15,16,140.01,140.01,27.84,-0.67753,0.56822,0.46699,zhao_uCT_match,1,693,14.0,0.0,yellow,R7,"{""R7y"": 1, ""R8y"": 1, ""Dm8a"": 1, ""Tm5a"": 1, ""Tm5b"": 1}",R8y:197943;R7y:205730,,76591.0,21421.0,24339.0,73869.0,23226.0,30307.0,24.5,15.4,89848,24022,30039
L,20,5,-14,2,15,-12,-7.68,-7.68,-17.64,0.94442,-0.12742,-0.30304,extrapolated_local_linear,20,-1,,,unclear,,{},,,86880.0,43736.0,37164.0,80690.0,40430.0,41182.0,57.0,-24.1,,,
L,20,6,-13,2,14,-11,-2.18,-2.18,-16.45,0.95838,-0.03647,-0.28315,zhao_uCT_match,1,137,-14.0,1.0,unclear,,"{""Dm8a"": 1, ""Tm5a"": 1, ""Tm5b"": 1}",,,87230.0,43239.0,36387.0,80945.0,40008.0,40409.0,57.4,-23.4,,,
L,20,7,-12,2,13,-10,2.72,2.72,-13.44,0.97151,0.04613,-0.23247,zhao_uCT_match,1,153,-13.0,1.0,pale?,Dm8b/Tm5b home,"{""Dm8b"": 1, ""Tm5b"": 1}",,,87616.0,42653.0,35815.0,81262.0,39564.0,39951.0,56.9,-22.2,,,
L,20,8,-11,2,12,-9,7.32,7.32,-11.23,0.97286,0.12491,-0.1948,zhao_uCT_match,1,168,-12.0,1.0,pale?,Dm8b/Tm5b home,"{""Dm8b"": 1, ""Tm5b"": 1}",,,87888.0,41961.0,35172.0,81321.0,38925.0,39442.0,57.0,-21.2,,,
L,20,9,-10,2,11,-8,11.88,11.88,-9.43,0.96535,0.20312,-0.16384,zhao_uCT_match,1,185,-11.0,1.0,yellow?,Dm8a/Tm5a home,"{""Tm5a"": 1}",,,88065.0,41258.0,34400.0,81369.0,38395.0,38852.0,56.4,-19.6,,,
L,20,10,-9,2,10,-7,16.01,16.01,-7.19,0.95368,0.27359,-0.12511,zhao_uCT_match,1,205,-10.0,1.0,pale?,Dm8b/Tm5b home,"{""Dm8b"": 1, ""Tm5b"": 1}",,,88146.0,40474.0,33746.0,81248.0,37728.0,38297.0,56.6,-18.4,,,
L,20,11,-8,2,9,-6,19.73,19.73,-5.06,0.93765,0.33621,-0.08821,zhao_uCT_match,1,224,-9.0,1.0,pale?,Dm8b/Tm5b home,"{""Dm8b"": 1, ""Tm5b"": 1}",,,88187.0,39759.0,33164.0,81156.0,37165.0,37843.0,56.4,-17.1,,,
L,20,12,-7,2,8,-5,23.17,23.17,-3.28,0.91785,0.39279,-0.05714,zhao_uCT_match,1,247,-8.0,1.0,unclear,,"{""Dm8b"": 1, ""Tm5a"": 1, ""Tm5b"": 1}",,,88214.0,39020.0,32538.0,81111.0,36683.0,37313.0,56.1,-15.3,,,
L,20,13,-6,2,7,-4,27.32,27.32,-1.47,0.8882,0.45875,-0.02565,zhao_uCT_match,1,268,-7.0,1.0,pale?,Dm8b/Tm5b home,"{""Tm5b"": 1}",,,88237.0,38027.0,32066.0,81074.0,35925.0,36990.0,55.5,-13.6,,,
L,20,14,-5,2,6,-3,31.58,31.58,0.24,0.85191,0.52368,0.00422,zhao_uCT_match,1,290,-6.0,1.0,pale?,Dm8b/Tm5b home,"{""Dm8b"": 1, ""Tm5b"": 1}",,,88147.0,37243.0,31564.0,80963.0,35318.0,36543.0,55.3,-12.4,85763,37106,23269
L,20,15,-4,2,5,-2,35.33,35.33,1.91,0.81535,0.57801,0.03328,zhao_uCT_match,1,314,-5.0,1.0,yellow?,Dm8a/Tm5a home,"{""Dm8a"": 1, ""Tm5a"": 1}",,,88047.0,36482.0,31078.0,80863.0,34793.0,36141.0,54.8,-10.9,86066,36204,23017
L,20,16,-3,2,4,-1,38.77,38.77,3.36,0.7783,0.62515,0.05864,zhao_uCT_match,1,336,-4.0,1.0,pale?,Dm8b/Tm5b home,"{""Dm8b"": 1, ""Tm5b"": 1}",,,87842.0,35628.0,30592.0,80669.0,34168.0,35711.0,54.5,-9.4,86355,35646,23273
L,20,17,-2,2,3,0,42.29,42.29,4.64,0.73731,0.67069,0.08092,zhao_uCT_match,1,358,-3.0,1.0,yellow?,Dm8a/Tm5a home,"{""Dm8a"": 1, ""Tm5a"": 1}",,,87556.0,34836.0,30096.0,80466.0,33706.0,35373.0,53.3,-7.3,86489,34970,23237
L,20,18,-1,2,2,1,46.0,46.0,5.52,0.69137,0.71605,0.09627,zhao_uCT_match,1,381,-2.0,1.0,yellow,R7,"{""R7y"": 1, ""R8y"": 1, ""Dm8a"": 1, ""Tm5a"": 1}",R8y:114920257;R7y:270064,,87296.0,33794.0,29729.0,80286.0,32963.0,35050.0,52.8,-5.4,86872,34272,23176
L,20,19,0,2,1,2,50.07,50.07,6.83,0.63729,0.76139,0.1189,zhao_uCT_match,1,405,-1.0,1.0,pale?,Dm8b/Tm5b home,"{""Dm8b"": 1, ""Tm5b"": 1}",R7_unclear:268323;R8_unclear:281357,,86983.0,32870.0,29325.0,80059.0,32302.0,34718.0,52.1,-3.7,87112,33527,23281
L,20,20,1,2,0,3,54.01,54.01,8.47,0.58131,0.80026,0.14721,zhao_uCT_match,1,429,0.0,1.0,yellow?,Dm8a/Tm5a home,"{""Dm8a"": 1, ""Tm5a"": 1}",R7_unclear:290217;R8_unclear:105332586,,86564.0,32066.0,28922.0,79860.0,31730.0,34465.0,50.4,-2.2,87235,32736,23597
L,20,21,2,2,-1,4,58.04,58.04,10.43,0.5206,0.83438,0.18106,zhao_uCT_match,1,453,1.0,1.0,yellow,R7,"{""R7y"": 1, ""R8y"": 1, ""Dm8a"": 1, ""Tm5a"": 1}",R8y:272201;R7y:239295,,86043.0,31113.0,28474.0,79753.0,31009.0,34081.0,48.3,-0.7,,,
L,20,22,3,2,-2,5,62.51,62.51,12.2,0.45118,0.86705,0.21135,zhao_uCT_match,1,478,2.0,1.0,yellow,R7,"{""R7y"": 1, ""R8y"": 1, ""Dm8a"": 1, ""Tm5a"": 1}",R8y:229266;R7y:240894,,85502.0,30375.0,28037.0,79617.0,30421.0,33823.0,45.5,0.3,,,
L,20,23,4,2,-3,6,67.25,67.25,13.83,0.37545,0.89551,0.23896,zhao_uCT_match,1,501,3.0,1.0,pale,R7,"{""R7p"": 1, ""R8p"": 1, ""Dm8b"": 1, ""Tm5b"": 1}",R7p:198865;R8p:236273,,84850.0,29324.0,27640.0,79339.0,29665.0,33507.0,43.2,2.4,,,
L,20,24,5,2,-4,7,71.76,71.76,15.88,0.30101,0.9135,0.27369,zhao_uCT_match,1,525,4.0,1.0,unclear,,{},R7_unclear:253423;R8_unclear:209150,,84139.0,28509.0,27203.0,79109.0,28964.0,33141.0,40.3,3.3,,,
L,20,25,6,2,-5,8,76.64,76.64,18.14,0.21953,0.92462,0.31126,zhao_uCT_match,1,548,5.0,1.0,pale,R7,"{""R7p"": 1, ""R8p"": 1, ""Dm8b"": 1, ""Tm5b"": 1}",R7p:227462;R8p:243103,,83526.0,27638.0,26879.0,78847.0,28324.0,32902.0,37.8,5.1,,,
L,20,26,7,2,-6,9,82.01,82.01,19.79,0.13085,0.93181,0.33855,zhao_uCT_match,1,573,6.0,1.0,pale,R7,"{""R7p"": 1, ""R8p"": 1, ""Dm8b"": 1, ""Tm5b"": 1}",R7p:166128;R8p:940023,,82831.0,26933.0,26491.0,78511.0,27828.0,32527.0,35.6,6.9,,,
L,20,27,8,2,-7,10,87.27,87.27,22.2,0.04414,0.92482,0.37784,zhao_uCT_match,1,595,7.0,1.0,pale?,Dm8b/Tm5b home,"{""Dm8b"": 1}",R7_unclear:144346;R8_unclear:196418,,82197.0,26058.0,26133.0,78242.0,27103.0,32228.0,33.0,8.2,,,
L,20,28,9,2,-8,11,92.8,92.8,24.71,-0.04438,0.90736,0.41802,zhao_uCT_match,1,615,8.0,1.0,yellow,R7,"{""R7y"": 1, ""R8y"": 1, ""Tm5a"": 1}",R8y:200620;R7y:171475,,81605.0,25235.0,25876.0,77972.0,26412.0,31971.0,30.8,9.4,,,
L,20,29,10,2,-9,12,98.94,98.94,26.4,-0.13912,0.88481,0.44469,zhao_uCT_match,1,638,9.0,1.0,yellow,R7,"{""R7y"": 1, ""R8y"": 1, ""Dm8a"": 1, ""Tm5a"": 1}",R8y:192516;R7y:149000,,80951.0,24467.0,25609.0,77553.0,25757.0,31704.0,29.1,10.5,,,
L,20,30,11,2,-10,13,105.26,105.26,27.66,-0.23305,0.85451,0.46422,zhao_uCT_match,1,655,10.0,1.0,pale?,Dm8b/Tm5b home,"{""Dm8b"": 1, ""Tm5b"": 1}",R7_unclear:217974;R8_unclear:560183,,80288.0,23870.0,25252.0,77157.0,25286.0,31327.0,27.3,11.7,88738,25712,27281
L,20,31,12,2,-11,14,111.99,111.99,29.9,-0.32463,0.80383,0.49847,zhao_uCT_match,1,673,11.0,1.0,yellow,R7,"{""R7y"": 1, ""R8y"": 1, ""Dm8a"": 1, ""Tm5a"": 1}",R8y:173575;R7y:548355,,79615.0,23015.0,24981.0,76639.0,24657.0,31015.0,26.3,13.7,88843,25154,27830
L,20,32,13,2,-12,15,119.43,119.43,31.71,-0.41807,0.74095,0.52556,zhao_uCT_match,1,689,12.0,1.0,yellow,R7,"{""R7y"": 1, ""R8y"": 1, ""Dm8a"": 1, ""Tm5a"": 1}",R8y:194682;R7y:543117,,78943.0,22255.0,24809.0,76089.0,23977.0,30834.0,25.3,14.5,89429,24354,28442
L,20,33,14,2,-13,16,127.44,127.44,32.41,-0.51324,0.67026,0.53603,zhao_uCT_match,1,699,13.0,1.0,pale,R7,"{""R7p"": 1, ""R8p"": 1, ""Tm5b"": 1}",R7p:536457;R8p:183280,,78172.0,21537.0,24697.0,75344.0,23439.0,30652.0,25.4,16.1,89528,23723,29323
L,20,34,15,2,-14,17,136.7,136.7,32.0,-0.61722,0.58157,0.52992,zhao_uCT_match,1,709,14.0,1.0,yellow,R7,"{""R7y"": 1, ""R8y"": 1, ""Dm8a"": 1, ""Tm5a"": 1}",R8y:204437;R7y:174521,,77152.0,20747.0,24707.0,74349.0,22840.0,30614.0,25.4,17.8,89655,23349,30058
L,20,35,16,2,-15,18,146.38,146.38,30.7,-0.71602,0.47617,0.51048,zhao_uCT_match,1,710,15.0,1.0,DRA,R7d/R8d,"{""R7d"": 1, ""R8d"": 1}",R7d:72014;R8d:552251,,76014.0,20469.0,24816.0,73217.0,22656.0,30633.0,25.7,18.7,89721,23355,30706
L,21,6,-13,3,15,-10,-4.92,-4.92,-14.53,0.96446,-0.0831,-0.25082,zhao_uCT_match,1,149,-14.0,2.0,unclear,,{},,,87545.0,42666.0,37333.0,81271.0,39630.0,41298.0,57.7,-22.2,,,
L,21,7,-12,3,14,-9,-0.3,-0.3,-12.12,0.97769,-0.00507,-0.21001,zhao_uCT_match,1,161,-13.0,2.0,yellow?,Dm8a/Tm5a home,"{""Tm5a"": 1}",R8_unclear:979067112,,87984.0,42017.0,36765.0,81696.0,39017.0,40787.0,57.4,-21.9,,,
L,21,8,-11,3,13,-8,4.11,4.11,-9.63,0.98337,0.0707,-0.16728,zhao_uCT_match,1,180,-12.0,2.0,pale?,Dm8b/Tm5b home,"{""Dm8b"": 1, ""Tm5b"": 1}",,,88308.0,41249.0,35851.0,81870.0,38380.0,40038.0,57.0,-20.5,,,
L,21,9,-10,3,12,-7,8.12,8.12,-7.25,0.98206,0.14016,-0.12615,zhao_uCT_match,1,197,-11.0,2.0,yellow?,Dm8a/Tm5a home,"{""Dm8a"": 1, ""Tm5a"": 1}",,,88474.0,40634.0,35235.0,81907.0,37895.0,39518.0,56.9,-19.3,84142,39857,23141
L,21,10,-9,3,11,-6,12.0,12.0,-5.19,0.97414,0.20706,-0.09037,zhao_uCT_match,1,214,-10.0,2.0,pale?,Dm8b/Tm5b home,"{""Dm8b"": 1, ""Tm5b"": 1}",,,88619.0,39907.0,34516.0,81796.0,37313.0,38968.0,56.9,-17.7,,,
L,21,11,-8,3,10,-5,16.23,16.23,-3.25,0.95858,0.2791,-0.05672,zhao_uCT_match,1,235,-9.0,2.0,unclear,,"{""Dm8b"": 1, ""Tm5a"": 1, ""Tm5b"": 1}",,,88698.0,39026.0,33767.0,81800.0,36635.0,38318.0,56.6,-16.1,,,
L,21,12,-7,3,9,-4,19.89,19.89,-1.41,0.94005,0.34014,-0.02462,zhao_uCT_match,1,256,-8.0,2.0,pale?,Dm8b/Tm5b home,"{""Dm8b"": 1}",,,88709.0,38257.0,33124.0,81678.0,36155.0,37803.0,56.4,-14.0,,,
L,21,13,-6,3,8,-3,23.38,23.38,0.48,0.91786,0.39681,0.00844,zhao_uCT_match,1,279,-7.0,2.0,unclear,,"{""Dm8a"": 1, ""Tm5a"": 1, ""Tm5b"": 1}",,,88658.0,37487.0,32623.0,81501.0,35563.0,37398.0,56.3,-12.6,85355,37371,23312
L,21,14,-5,3,7,-2,27.39,27.39,2.43,0.88706,0.4597,0.04244,zhao_uCT_match,1,300,-6.0,2.0,yellow?,Dm8a/Tm5a home,"{""Dm8a"": 1, ""Tm5a"": 1}",,,88614.0,36546.0,32086.0,81441.0,34821.0,37010.0,55.5,-11.2,85518,36356,23017
L,21,15,-4,3,6,-1,31.65,31.65,3.87,0.84932,0.52354,0.0675,zhao_uCT_match,1,323,-5.0,2.0,pale?,Dm8b/Tm5b home,"{""Dm8b"": 1, ""Tm5b"": 1}",,,88478.0,35657.0,31552.0,81305.0,34197.0,36521.0,55.3,-9.5,85751,35459,23146
L,21,16,-3,3,5,0,35.33,35.33,4.95,0.81276,0.57618,0.08622,zhao_uCT_match,1,346,-4.0,2.0,yellow?,Dm8a/Tm5a home,"{""Dm8a"": 1, ""Tm5a"": 1}",,,88332.0,34840.0,31111.0,81176.0,33633.0,36173.0,54.7,-7.8,86043,34621,23163
L,21,17,-2,3,4,1,38.94,38.94,5.89,0.77373,0.62516,0.10256,zhao_uCT_match,1,368,-3.0,2.0,pale?,Dm8b/Tm5b home,"{""Dm8b"": 1, ""Tm5b"": 1}",,,88094.0,33901.0,30698.0,80968.0,32992.0,35817.0,54.3,-5.9,86203,33894,23168
L,21,18,-1,3,3,2,42.66,42.66,7.21,0.72954,0.67231,0.12554,zhao_uCT_match,1,390,-2.0,2.0,pale?,Dm8b/Tm5b home,"{""Dm8b"": 1}",,,87884.0,33101.0,30336.0,80828.0,32390.0,35539.0,53.6,-4.6,86505,33328,23220
L,21,19,0,3,2,3,46.66,46.66,8.8,0.67823,0.71874,0.15301,zhao_uCT_match,1,414,-1.0,2.0,unclear,,"{""Dm8a"": 1, ""Tm5a"": 1, ""Tm5b"": 1}",,,87464.0,32304.0,29843.0,80498.0,31877.0,35141.0,52.7,-2.8,86794,32750,23267
L,21,20,1,3,1,4,50.66,50.66,10.62,0.62305,0.76018,0.18421,zhao_uCT_match,1,440,0.0,2.0,yellow,R7,"{""R7y"": 1, ""R8y"": 1, ""Dm8a"": 1, ""Tm5a"": 1}",R8y:285645;R7y:475836077,,87118.0,31331.0,29488.0,80265.0,31221.0,34870.0,51.9,-0.7,87051,32065,23272
L,21,21,2,3,0,5,54.81,54.81,12.52,0.56253,0.79786,0.21676,zhao_uCT_match,1,463,1.0,2.0,pale?,Dm8b/Tm5b home,"{""Dm8b"": 1, ""Tm5b"": 1}",R7_unclear:259716;R8_unclear:239925,,86750.0,30530.0,29144.0,80234.0,30575.0,34551.0,50.3,0.3,87086,31304,23380
L,21,22,3,3,-1,6,58.97,58.97,14.41,0.4993,0.82992,0.24887,zhao_uCT_match,1,488,2.0,2.0,yellow,R7,"{""R7y"": 1, ""R8y"": 1, ""Dm8a"": 1, ""Tm5a"": 1}",R8y:343521;R7y:234691,,86133.0,29696.0,28624.0,79843.0,29914.0,34216.0,48.4,1.5,87108,30681,24062
L,21,23,4,3,-2,7,63.33,63.33,16.31,0.43075,0.85764,0.28091,zhao_uCT_match,1,513,3.0,2.0,pale,R7,"{""R7p"": 1, ""R8p"": 1, ""Dm8b"": 1, ""Tm5b"": 1}",R7p:276532;R8p:222886,,85442.0,28899.0,28229.0,79608.0,29353.0,33929.0,45.7,3.2,,,
L,21,24,5,3,-3,8,67.73,67.73,18.46,0.35939,0.8778,0.31671,zhao_uCT_match,1,538,4.0,2.0,pale?,Dm8b/Tm5b home,"{""Dm8b"": 1}",R7_unclear:270048;R8_unclear:210174,,84816.0,27946.0,27865.0,79329.0,28628.0,33651.0,43.5,4.9,,,
L,21,25,6,3,-4,9,72.45,72.45,20.68,0.2821,0.89203,0.35313,zhao_uCT_match,1,562,5.0,2.0,yellow,R7,"{""R7y"": 1, ""R8y"": 1, ""Dm8a"": 1, ""Tm5a"": 1}",R8y:238217;R7y:228115,,84153.0,27069.0,27503.0,79144.0,27965.0,33370.0,40.5,6.6,,,
L,21,26,7,3,-5,10,77.95,77.95,22.76,0.19255,0.90181,0.38688,zhao_uCT_match,1,583,6.0,2.0,pale?,Dm8b/Tm5b home,"{""Dm8b"": 1}",R7_unclear:227124;R8_unclear:246729,,83489.0,26264.0,27135.0,78844.0,27310.0,33058.0,38.1,7.9,,,
L,21,27,8,3,-6,11,83.62,83.62,24.75,0.10094,0.9025,0.4187,zhao_uCT_match,1,607,7.0,2.0,pale,R7,"{""R7p"": 1, ""R8p"": 1, ""Tm5b"": 1}",R7p:195624;R8p:514456,,82770.0,25601.0,26702.0,78538.0,26855.0,32725.0,35.1,9.7,,,
L,21,28,9,3,-7,12,88.93,88.93,26.96,0.01667,0.89114,0.45341,zhao_uCT_match,1,628,8.0,2.0,pale,R7,"{""R7p"": 1, ""R8p"": 1, ""Tm5b"": 1}",R7p:185880;R8p:193308,,82158.0,24680.0,26456.0,78249.0,26077.0,32482.0,33.0,11.0,,,
L,21,29,10,3,-8,13,94.74,94.74,29.52,-0.07186,0.86723,0.49269,zhao_uCT_match,1,649,9.0,2.0,pale,R7,"{""R7p"": 1, ""R8p"": 1, ""Dm8b"": 1}",R7p:180167;R8p:181599,,81418.0,23778.0,26135.0,77785.0,25297.0,32160.0,31.1,12.2,,,
L,21,30,11,3,-9,14,101.22,101.22,30.91,-0.1669,0.84157,0.51371,zhao_uCT_match,1,666,10.0,2.0,pale,R7,"{""R7p"": 1, ""R8p"": 1}",R7p:231589;R8p:220269,,80779.0,23036.0,25832.0,77381.0,24678.0,31858.0,29.4,13.4,88581,25121,27247
L,21,31,12,3,-10,15,108.0,108.0,32.51,-0.2606,0.80204,0.53742,zhao_uCT_match,1,683,11.0,2.0,pale?,Dm8b/Tm5b home,"{""Dm8b"": 1}",R7_unclear:47841;R8_unclear:170401,,80161.0,22313.0,25549.0,76889.0,24076.0,31504.0,28.8,14.5,88697,24553,27794
L,21,32,13,3,-11,16,115.61,115.61,34.53,-0.35605,0.74288,0.56689,zhao_uCT_match,1,700,12.0,2.0,yellow,R7,"{""R7y"": 1, ""R8y"": 1, ""Tm5a"": 1}",R8y:176950;R7y:901580,,79361.0,21524.0,25311.0,76250.0,23486.0,31260.0,27.6,16.3,89164,23781,28412
L,21,33,14,3,-12,17,123.41,123.41,35.59,-0.44778,0.67877,0.58204,zhao_uCT_match,1,715,13.0,2.0,pale,R7,"{""R7p"": 1, ""R8p"": 1, ""Dm8b"": 1, ""Tm5b"": 1}",R7p:228925;R8p:456570,,78559.0,20862.0,25170.0,75600.0,22987.0,31052.0,26.7,17.9,89336,23253,28950
L,21,34,15,3,-13,18,131.85,131.85,35.71,-0.5418,0.60481,0.58366,zhao_uCT_match,1,722,14.0,2.0,yellow,R7,"{""R7y"": 1, ""R8y"": 1, ""Dm8a"": 1, ""Tm5a"": 1}",R8y:190616;R7y:219152,,77644.0,20167.0,25097.0,74805.0,22531.0,30912.0,26.0,20.1,89475,22875,29706
L,21,35,16,3,-14,19,140.15,140.15,34.84,-0.63018,0.52591,0.57122,zhao_uCT_match,1,727,15.0,2.0,unclear,,"{""Dm-DRA1"": 1}",R7_unclear:173272;R8_unclear:192216,,76489.0,19653.0,25229.0,73657.0,22060.0,30924.0,26.4,20.7,89433,22791,30514
L,21,36,17,3,-15,20,150.29,150.29,33.46,-0.72458,0.41351,0.55136,extrapolated_local_linear,19,-1,,,unclear,,{},,,75269.0,19953.0,25307.0,72461.0,22382.0,30952.0,26.4,21.1,89638,22434,30890
L,22,7,-12,4,15,-8,-4.24,-4.24,-10.79,0.97964,-0.07261,-0.18719,zhao_uCT_match,1,175,-13.0,3.0,unclear,,{},,,88116.0,41435.0,37410.0,81831.0,38648.0,41432.0,57.4,-20.5,,,
L,22,8,-11,4,14,-7,0.79,0.79,-8.54,0.98882,0.01359,-0.14851,zhao_uCT_match,1,191,-12.0,3.0,unclear,,{},R8_unclear:439152,,88512.0,40781.0,36640.0,82151.0,38035.0,40812.0,56.7,-19.8,,,
L,22,9,-10,4,13,-6,4.83,4.83,-6.0,0.99099,0.08369,-0.10453,zhao_uCT_match,1,208,-11.0,3.0,yellow?,Dm8a/Tm5a home,"{""Dm8a"": 2, ""Tm5a"": 1}",,,88858.0,39865.0,35955.0,82408.0,37300.0,40202.0,56.6,-18.4,,,
L,22,10,-9,4,12,-5,8.67,8.67,-3.27,0.98697,0.15042,-0.05706,zhao_uCT_match,1,226,-10.0,3.0,pale?,Dm8b/Tm5b home,"{""Dm8b"": 1, ""Tm5b"": 1}",,,88974.0,39158.0,35070.0,82370.0,36749.0,39378.0,56.9,-17.0,,,
L,22,11,-8,4,11,-4,12.31,12.31,-1.27,0.97678,0.21311,-0.02209,zhao_uCT_match,1,246,-9.0,3.0,pale?,Dm8b/Tm5b home,"{""Tm5b"": 1}",R8_unclear:86197,,89079.0,38398.0,34377.0,82382.0,36296.0,38848.0,56.3,-14.6,,,
L,22,12,-7,4,10,-3,15.95,15.95,0.38,0.96148,0.27478,0.00662,zhao_uCT_match,1,266,-8.0,3.0,yellow?,Dm8a/Tm5a home,"{""Dm8a"": 1, ""Tm5a"": 1}",,,89124.0,37452.0,33691.0,82226.0,35527.0,38242.0,56.6,-13.1,,,
L,22,13,-6,4,9,-2,19.9,19.9,2.05,0.93967,0.34021,0.03573,zhao_uCT_match,1,289,-7.0,3.0,yellow?,Dm8a/Tm5a home,"{""Dm8a"": 1, ""Tm5a"": 1}",,,89091.0,36537.0,33192.0,82060.0,34813.0,37878.0,56.3,-11.5,,,
L,22,14,-5,4,8,-1,23.69,23.69,3.76,0.91372,0.401,0.06565,zhao_uCT_match,1,310,-6.0,3.0,pale?,Dm8b/Tm5b home,"{""Dm8b"": 1}",,,88994.0,35965.0,32562.0,81847.0,34505.0,37392.0,55.9,-9.6,,,
L,22,15,-4,4,7,0,27.78,27.78,5.36,0.88088,0.46403,0.09337,zhao_uCT_match,1,334,-5.0,3.0,unclear,,{},,,88911.0,35001.0,32082.0,81763.0,33794.0,37007.0,55.4,-7.9,85513,34711,23126
L,22,16,-3,4,6,1,31.84,31.84,6.33,0.84435,0.52435,0.11019,zhao_uCT_match,1,357,-4.0,3.0,pale?,Dm8b/Tm5b home,"{""Dm8b"": 1}",,,88749.0,34186.0,31703.0,81603.0,33277.0,36697.0,55.1,-6.0,85547,33858,23235
L,22,17,-2,4,5,2,35.7,35.7,7.6,0.80495,0.57841,0.13229,zhao_uCT_match,1,379,-3.0,3.0,pale?,Dm8b/Tm5b home,"{""Dm8b"": 1, ""Tm5b"": 1}",,,88573.0,33330.0,31253.0,81483.0,32595.0,36316.0,54.5,-4.8,85912,33121,23211
L,22,18,-1,4,4,3,39.31,39.31,9.11,0.76397,0.62551,0.15836,zhao_uCT_match,1,403,-2.0,3.0,pale?,Dm8b/Tm5b home,"{""Tm5b"": 1}",,,88292.0,32314.0,30875.0,81259.0,31749.0,35994.0,54.0,-3.7,86168,32387,23056
L,22,19,0,4,3,4,42.91,42.91,10.92,0.7192,0.66849,0.18939,zhao_uCT_match,1,426,-1.0,3.0,pale?,Dm8b/Tm5b home,"{""Dm8b"": 1, ""Tm5b"": 1}",,,87942.0,31582.0,30407.0,80972.0,31245.0,35601.0,53.3,-2.2,86379,31706,23335
L,22,20,1,4,2,5,46.86,46.86,12.8,0.66685,0.71151,0.2215,zhao_uCT_match,1,450,0.0,3.0,pale,R7,"{""R7p"": 1, ""R8p"": 1, ""Dm8b"": 1, ""Tm5b"": 1}",R7p:940701;R8p:131177346,,87587.0,30679.0,30045.0,80664.0,30606.0,35343.0,52.6,-0.5,86473,30973,23114
L,22,21,2,4,1,6,50.96,50.96,14.74,0.60916,0.75113,0.25441,zhao_uCT_match,1,473,1.0,3.0,yellow,R7,"{""R7y"": 1, ""R8y"": 1, ""Dm8a"": 1, ""Tm5a"": 1}",R8y:414132;R7y:270825,,87204.0,29900.0,29717.0,80500.0,30068.0,35038.0,51.6,1.1,86667,30288,23455
L,22,22,3,4,0,7,54.95,54.95,16.55,0.55053,0.78469,0.28492,zhao_uCT_match,1,498,2.0,3.0,pale,R7,"{""R7p"": 1, ""R8p"": 1, ""Dm8b"": 1, ""Tm5b"": 1}",R7p:257453;R8p:589693,,86688.0,29098.0,29226.0,80173.0,29553.0,34626.0,50.3,3.1,87154,29757,23573
L,22,23,4,4,-1,8,59.19,59.19,18.58,0.48545,0.81415,0.31858,zhao_uCT_match,1,522,3.0,3.0,yellow,R7,"{""R7y"": 1, ""R8y"": 1, ""Dm8a"": 1, ""Tm5a"": 1}",R8y:277695;R7y:241517,,86178.0,28246.0,28867.0,79889.0,28837.0,34355.0,48.9,4.1,87099,29105,24149
L,22,24,5,4,-2,9,63.67,63.67,20.79,0.41468,0.83786,0.35501,zhao_uCT_match,1,546,4.0,3.0,unclear,,{},R7_unclear:281759;R8_unclear:325020,,85383.0,27497.0,28437.0,79591.0,28358.0,34028.0,46.0,6.1,87167,28437,24722
L,22,25,6,4,-3,10,68.39,68.39,23.21,0.3385,0.85445,0.39414,zhao_uCT_match,1,571,5.0,3.0,pale?,Dm8b/Tm5b home,"{""Dm8b"": 1}",R7_unclear:941799;R8_unclear:926939,,84820.0,26538.0,28101.0,79372.0,27583.0,33801.0,43.7,7.5,,,
L,22,26,7,4,-4,11,73.56,73.56,25.44,0.25552,0.8661,0.42963,zhao_uCT_match,1,594,6.0,3.0,pale,R7,"{""R7p"": 1, ""R8p"": 1, ""Tm5b"": 1}",R7p:274702;R8p:213780,,84046.0,25704.0,27706.0,79051.0,26958.0,33492.0,40.8,9.3,,,
L,22,27,8,4,-5,12,79.39,79.39,27.44,0.16347,0.87229,0.46086,zhao_uCT_match,1,616,7.0,3.0,yellow,R7,"{""R7y"": 1, ""R8y"": 1, ""Dm8a"": 1, ""Tm5a"": 1}",R8y:245550;R7y:214271,,83297.0,24836.0,27354.0,78712.0,26232.0,33221.0,38.0,10.6,,,
L,22,28,9,4,-6,13,85.31,85.31,29.35,0.07121,0.86869,0.49021,zhao_uCT_match,1,639,8.0,3.0,yellow,R7,"{""R7y"": 1, ""R8y"": 1, ""Dm8a"": 1, ""Tm5a"": 1}",R8y:230369;R7y:187844,,82589.0,23908.0,27035.0,78388.0,25515.0,32956.0,35.4,12.5,87198,25547,26324
L,22,29,10,4,-7,14,90.81,90.81,31.76,-0.01198,0.85015,0.5264,zhao_uCT_match,1,657,9.0,3.0,yellow,R7,"{""R7y"": 1, ""R8y"": 1, ""Dm8a"": 1, ""Tm5a"": 1}",R8y:206226;R7y:192547,,81892.0,23231.0,26667.0,77984.0,24919.0,32616.0,33.3,13.3,87557,24999,26837
L,22,30,11,4,-8,15,97.07,97.07,34.13,-0.10189,0.82146,0.56109,zhao_uCT_match,1,679,10.0,3.0,unclear,,{},R7_unclear:532565;R8_unclear:401270,,81159.0,22319.0,26379.0,77526.0,24185.0,32328.0,31.4,15.0,88523,24594,27079
L,22,31,12,4,-9,16,104.17,104.17,35.87,-0.19843,0.78566,0.58597,zhao_uCT_match,1,696,11.0,3.0,yellow,R7,"{""R7y"": 1, ""R8y"": 1, ""Dm8a"": 1, ""Tm5a"": 1}",R8y:177710;R7y:144500,,80502.0,21563.0,26127.0,77112.0,23525.0,32016.0,29.9,16.1,88848,23980,27559
L,22,32,13,4,-10,17,111.69,111.69,37.41,-0.2936,0.73808,0.60748,zhao_uCT_match,1,713,12.0,3.0,pale,R7,"{""R7p"": 1, ""R8p"": 1, ""Tm5b"": 1}",R7p:133878;R8p:212813,,79822.0,21001.0,25803.0,76549.0,23128.0,31659.0,29.2,17.6,88572,23372,28293
L,22,33,14,4,-11,18,119.62,119.62,38.64,-0.386,0.67906,0.6244,zhao_uCT_match,1,726,13.0,3.0,unclear,,{},R7_unclear:550614;R8_unclear:167788,,79012.0,20237.0,25694.0,75901.0,22602.0,31508.0,28.2,19.7,88999,22678,29023
L,22,34,15,4,-12,19,127.71,127.71,39.17,-0.47419,0.61342,0.63156,zhao_uCT_match,1,736,14.0,3.0,unclear,,{},R7_unclear:537157;R8_unclear:238466,,78196.0,19750.0,25503.0,75238.0,22172.0,31190.0,27.5,20.7,89202,22235,29761
L,22,35,16,4,-13,20,136.8,136.8,38.69,-0.56896,0.53427,0.62517,zhao_uCT_match,1,740,15.0,3.0,unclear,,"{""Dm8a"": 1, ""Tm5b"": 1}",R7_unclear:116059;R8_unclear:199174,,77068.0,18942.0,25679.0,74229.0,21399.0,31323.0,26.7,21.3,89340,21907,30436
L,22,36,17,4,-14,21,147.01,147.01,37.36,-0.66673,0.43277,0.60679,zhao_uCT_match,1,743,16.0,3.0,DRA,R7d/R8d,"{""R7d"": 1, ""R8d"": 1, ""Dm-DRA2"": 1}",R7d:120585;R8d:50306,,75690.0,18972.0,25721.0,72852.0,21522.0,31256.0,27.1,22.3,89263,21778,31013
L,23,8,-11,5,15,-6,-3.35,-3.35,-7.28,0.99023,-0.05803,-0.12679,zhao_uCT_match,1,201,-12.0,4.0,unclear,,{},,,88998.0,39441.0,37195.0,82709.0,36852.0,41378.0,56.4,-18.9,,,
L,23,9,-10,5,14,-5,1.0,1.0,-4.82,0.99632,0.01741,-0.08397,zhao_uCT_match,1,219,-11.0,4.0,pale?,Dm8b/Tm5b home,"{""Dm8b"": 1}",,,89107.0,39216.0,36431.0,82659.0,36826.0,40674.0,56.7,-17.2,,,
L,23,10,-9,5,13,-4,4.99,4.99,-1.92,0.99566,0.08688,-0.03345,zhao_uCT_match,1,237,-10.0,4.0,unclear,,"{""Dm8a"": 1, ""Tm5a"": 1, ""Tm5b"": 1}",,,89318.0,38374.0,35640.0,82773.0,36284.0,39941.0,56.7,-14.9,83645,37722,22933
L,23,11,-8,5,12,-3,8.83,8.83,0.47,0.98812,0.15345,0.00822,zhao_uCT_match,1,255,-9.0,4.0,yellow?,Dm8a/Tm5a home,"{""Dm8a"": 1, ""Tm5a"": 1}",,,89451.0,37482.0,34947.0,82847.0,35540.0,39313.0,56.5,-13.8,84248,37085,23091
L,23,12,-7,5,11,-2,12.15,12.15,2.24,0.97684,0.21037,0.03907,zhao_uCT_match,1,278,-8.0,4.0,pale?,Dm8b/Tm5b home,"{""Dm8b"": 1, ""Tm5b"": 1}",,,89468.0,36810.0,34358.0,82771.0,35121.0,38833.0,56.2,-11.8,84348,36442,22848
L,23,13,-6,5,10,-1,15.95,15.95,3.69,0.9595,0.27426,0.06432,zhao_uCT_match,1,298,-7.0,4.0,pale?,Dm8b/Tm5b home,"{""Dm8b"": 1, ""Tm5b"": 1}",,,89397.0,36033.0,33787.0,82499.0,34594.0,38427.0,56.1,-9.8,,,
L,23,14,-5,5,9,0,19.89,19.89,4.9,0.93691,0.33897,0.0854,zhao_uCT_match,1,321,-6.0,4.0,yellow?,Dm8a/Tm5a home,"{""Dm8a"": 1, ""Tm5a"": 1}",,,89419.0,34992.0,33237.0,82394.0,33785.0,37925.0,56.3,-8.1,85061,34999,23262
L,23,15,-4,5,8,1,23.92,23.92,6.13,0.90891,0.40309,0.10682,zhao_uCT_match,1,343,-5.0,4.0,pale?,Dm8b/Tm5b home,"{""Dm8b"": 1, ""Tm5b"": 1}",,,89250.0,34392.0,32623.0,82216.0,33484.0,37473.0,55.4,-6.1,85138,34270,23292
L,23,16,-3,5,7,2,28.15,28.15,7.91,0.87336,0.46724,0.13756,zhao_uCT_match,1,367,-4.0,4.0,yellow?,Dm8a/Tm5a home,"{""Dm8a"": 1, ""Tm5a"": 1}",,,89139.0,33339.0,32227.0,82082.0,32604.0,37168.0,55.0,-4.9,85268,33185,23166
L,23,17,-2,5,6,3,32.15,32.15,9.77,0.8344,0.52439,0.16969,zhao_uCT_match,1,389,-3.0,4.0,pale?,Dm8b/Tm5b home,"{""Dm8b"": 1, ""Tm5b"": 1}",,,88901.0,32563.0,31763.0,81868.0,31998.0,36757.0,54.6,-3.7,85555,32533,23047
L,23,18,-1,5,5,4,35.71,35.71,11.52,0.79562,0.57195,0.19966,zhao_uCT_match,1,413,-2.0,4.0,pale?,Dm8b/Tm5b home,"{""Dm8b"": 1, ""Tm5b"": 1}",R8_unclear:525696558,,88622.0,31709.0,31317.0,81617.0,31373.0,36380.0,54.1,-2.2,85755,31628,23144
L,23,19,0,5,4,5,39.11,39.11,13.28,0.75522,0.6139,0.22971,zhao_uCT_match,1,436,-1.0,4.0,yellow?,Dm8a/Tm5a home,"{""Dm8a"": 1, ""Tm5a"": 1}",,,88273.0,30756.0,30965.0,81303.0,30683.0,36106.0,53.6,-0.5,85876,30842,23291
L,23,20,1,5,3,6,42.41,42.41,15.03,0.71308,0.65132,0.2594,zhao_uCT_match,1,461,0.0,4.0,yellow?,Dm8a/Tm5a home,"{""Dm8a"": 1, ""Tm5a"": 1}",,,87978.0,29855.0,30599.0,81041.0,30024.0,35787.0,53.2,1.1,86135,30157,23158
L,23,21,2,5,2,7,46.31,46.31,17.06,0.66042,0.69121,0.29339,zhao_uCT_match,1,485,1.0,4.0,yellow,R7,"{""R7y"": 1, ""R8y"": 1, ""Dm8a"": 1, ""Tm5a"": 1}",R8y:257495;R7y:443103,,87534.0,29050.0,30193.0,80708.0,29496.0,35396.0,52.7,3.0,86509,29519,23390
L,23,22,3,5,1,8,50.48,50.48,18.81,0.6024,0.73014,0.32249,zhao_uCT_match,1,509,2.0,4.0,yellow,R7,"{""R7y"": 1, ""R8y"": 1, ""Dm8a"": 1, ""Tm5a"": 1}",R8y:304735;R7y:282930,,87115.0,28328.0,29778.0,80490.0,28869.0,35077.0,51.3,3.6,86685,28875,23407
L,23,23,4,5,0,9,55.02,55.02,20.85,0.5357,0.76573,0.35593,zhao_uCT_match,1,532,3.0,4.0,pale,R7,"{""R7p"": 1, ""R8p"": 1, ""Dm8b"": 1}",R7p:301090;R8p:288239,,86651.0,27660.0,29449.0,80135.0,28437.0,34775.0,50.7,5.3,87022,28322,23636
L,23,24,5,5,-1,10,59.78,59.78,23.12,0.46285,0.79471,0.39268,zhao_uCT_match,1,557,4.0,4.0,pale,R7,"{""R7p"": 1, ""R8p"": 1, ""Dm8a"": 1, ""Dm8b"": 1, ""Tm5b"": 1}",R7p:211446;R8p:243760,,86086.0,26728.0,29163.0,79855.0,27774.0,34565.0,49.1,7.2,87139,27749,24366
L,23,25,6,5,-2,11,64.41,64.41,25.74,0.38899,0.81242,0.43436,zhao_uCT_match,1,580,5.0,4.0,pale,R7,"{""R7p"": 1, ""R8p"": 1}",R7p:193253;R8p:901376,,85403.0,25765.0,28772.0,79630.0,27019.0,34260.0,46.4,8.9,87020,27011,24874
L,23,26,7,5,-3,12,69.22,69.22,28.1,0.31295,0.82472,0.47106,zhao_uCT_match,1,604,6.0,4.0,pale,R7,"{""R7p"": 1, ""R8p"": 1, ""Dm8b"": 1}",R7p:944807;R8p:199181,,84624.0,24977.0,28404.0,79308.0,26374.0,33979.0,43.6,10.3,87164,26290,25279
L,23,27,8,5,-4,13,74.97,74.97,30.23,0.22398,0.83443,0.50354,zhao_uCT_match,1,626,7.0,4.0,yellow,R7,"{""R7y"": 1, ""R8y"": 1, ""Dm8a"": 1, ""Tm5a"": 1}",R8y:221500;R7y:299044,,83941.0,24205.0,28045.0,78969.0,25813.0,33744.0,41.1,12.0,87175,25556,25699
L,23,28,9,5,-5,14,80.84,80.84,32.45,0.13438,0.83308,0.53658,zhao_uCT_match,1,650,8.0,4.0,yellow,R7,"{""R7y"": 1, ""R8y"": 1, ""Dm8a"": 1, ""Tm5a"": 1}",R8y:290333;R7y:209091,,83043.0,23312.0,27551.0,78574.0,25065.0,33337.0,37.7,13.5,,,
L,23,29,10,5,-6,15,86.65,86.65,34.72,0.048,0.82058,0.56951,zhao_uCT_match,1,669,9.0,4.0,pale?,Dm8b/Tm5b home,"{""Dm8b"": 1, ""Tm5b"": 1}",R7_unclear:153480;R8_unclear:208603,,82276.0,22582.0,27209.0,78102.0,24448.0,33036.0,35.6,14.6,87960,24432,26664
L,23,30,11,5,-7,16,92.68,92.68,36.97,-0.03738,0.79808,0.60139,zhao_uCT_match,1,688,10.0,4.0,yellow,R7,"{""R7y"": 1, ""R8y"": 1, ""Tm5a"": 1}",R8y:190095;R7y:138631,,81686.0,21722.0,27048.0,77783.0,23756.0,32874.0,33.8,16.2,88391,24031,27058
L,23,31,12,5,-8,17,99.94,99.94,39.26,-0.1336,0.76272,0.63278,zhao_uCT_match,1,707,11.0,4.0,pale,R7,"{""R7p"": 1, ""R8p"": 1, ""Dm8b"": 1}",R7p:217026;R8p:220217,,80944.0,21334.0,26637.0,77311.0,23471.0,32460.0,32.0,17.3,88767,23377,27322
L,23,32,13,5,-9,18,108.11,108.11,41.09,-0.23433,0.7163,0.65727,zhao_uCT_match,1,723,12.0,4.0,yellow,R7,"{""R7y"": 1, ""R8y"": 1, ""Dm8a"": 1, ""Tm5a"": 1}",R8y:225507;R7y:204945,,80139.0,20301.0,26401.0,76749.0,22692.0,32178.0,30.4,19.6,88810,22758,28092
L,23,33,14,5,-10,19,116.02,116.02,42.23,-0.3248,0.6654,0.67212,zhao_uCT_match,1,738,13.0,4.0,yellow,R7,"{""R7y"": 1, ""R8y"": 1, ""Dm8a"": 1}",R8y:175873;R7y:135017,,79459.0,19673.0,26204.0,76185.0,22117.0,31889.0,29.9,20.4,88852,22251,28687
L,23,34,15,5,-11,20,124.15,124.15,42.71,-0.41247,0.60814,0.67826,zhao_uCT_match,1,748,14.0,4.0,pale,R7,"{""R7p"": 1, ""R8p"": 1, ""Tm5a"": 1}",R7p:161539;R8p:167204,,78645.0,19127.0,26054.0,75534.0,21692.0,31698.0,28.9,21.7,88791,21851,29326
L,23,35,16,5,-12,21,133.11,133.11,42.91,-0.50054,0.53462,0.68091,zhao_uCT_match,1,756,15.0,4.0,pale,R7,"{""R7p"": 1, ""R8p"": 1, ""Tm5a"": 1}",R7p:127246;R8p:164290,,77652.0,18525.0,26010.0,74694.0,21160.0,31559.0,28.1,22.7,89040,21597,29997
L,23,36,17,5,-13,22,143.43,143.43,41.23,-0.60397,0.44808,0.65913,zhao_uCT_match,1,759,16.0,4.0,DRA,R7d/R8d,"{""R7d"": 1, ""R8d"": 1, ""Dm-DRA1"": 1, ""Dm-DRA2"": 1}",R7d:93749;R8d:156494,,76319.0,18196.0,26139.0,73480.0,20893.0,31634.0,27.3,23.6,89113,21187,30738
L,23,37,18,5,-14,23,153.13,153.13,40.1,-0.68229,0.34576,0.64415,extrapolated_local_linear,19,-1,,,unclear,,{},,,75069.0,18525.0,26330.0,72244.0,21258.0,31747.0,27.5,24.1,89197,21050,31227
L,24,9,-10,6,15,-4,-3.15,-3.15,-4.04,0.99601,-0.05473,-0.07053,zhao_uCT_match,1,230,-11.0,5.0,unclear,,{},,,89354.0,38453.0,36979.0,82998.0,36380.0,41204.0,56.4,-15.2,,,
L,24,10,-9,6,14,-3,0.66,0.66,-0.74,0.99985,0.01158,-0.01288,zhao_uCT_match,1,245,-10.0,5.0,yellow?,Dm8a/Tm5a home,"{""Tm5a"": 1}",R8_unclear:151830568,,89644.0,37382.0,36038.0,83196.0,35422.0,40310.0,56.5,-14.2,,,
L,24,11,-8,6,13,-2,4.73,4.73,2.07,0.99594,0.0824,0.03617,zhao_uCT_match,1,265,-9.0,5.0,pale?,Dm8b/Tm5b home,"{""Dm8b"": 1, ""Tm5b"": 1}",,,89760.0,36504.0,35575.0,83239.0,34865.0,39892.0,56.5,-11.8,83721,36418,22890
L,24,12,-7,6,12,-1,8.41,8.41,3.77,0.98711,0.14591,0.06571,zhao_uCT_match,1,287,-8.0,5.0,yellow,R7,"{""R7y"": 1, ""R8y"": 1, ""Dm8a"": 1, ""Tm5a"": 1}",R8y:111388882;R7y:102772245,,89757.0,35983.0,34935.0,83164.0,34613.0,39301.0,56.5,-9.8,84120,35978,23039
L,24,13,-6,6,11,0,12.37,12.37,5.14,0.97284,0.2134,0.08965,zhao_uCT_match,1,307,-7.0,5.0,yellow?,Dm8a/Tm5a home,"{""Dm8a"": 1, ""Tm5a"": 1}",,,89770.0,35127.0,34262.0,83074.0,33929.0,38742.0,56.2,-8.5,84253,35192,23089
L,24,14,-5,6,10,1,16.07,16.07,6.23,0.95524,0.27521,0.10853,zhao_uCT_match,1,329,-6.0,5.0,yellow?,Dm8a/Tm5a home,"{""Dm8a"": 1, ""Tm5a"": 1}",,,89696.0,34186.0,33797.0,82798.0,33278.0,38437.0,56.1,-6.2,84354,34405,22840
L,24,15,-4,6,9,2,19.91,19.91,7.51,0.9322,0.33755,0.13065,zhao_uCT_match,1,350,-5.0,5.0,pale?,Dm8b/Tm5b home,"{""Dm8b"": 1}",,,89587.0,33470.0,33265.0,82613.0,32735.0,38057.0,55.5,-5.0,84779,33630,23365
L,24,16,-3,6,8,3,23.88,23.88,9.44,0.90201,0.39934,0.16401,zhao_uCT_match,1,373,-4.0,5.0,pale?,Dm8b/Tm5b home,"{""Dm8b"": 1, ""Tm5b"": 1}",,,89412.0,32820.0,32802.0,82407.0,32255.0,37688.0,55.1,-3.8,85091,32367,23223
L,24,17,-2,6,7,4,27.89,27.89,11.81,0.86516,0.45784,0.20465,zhao_uCT_match,1,398,-3.0,5.0,yellow?,Dm8a/Tm5a home,"{""Dm8a"": 1, ""Tm5a"": 1}",,,89171.0,31994.0,32229.0,82167.0,31657.0,37171.0,54.8,-2.3,85149,31661,22920
L,24,18,-1,6,6,5,31.66,31.66,13.91,0.82619,0.5095,0.24046,zhao_uCT_match,1,421,-2.0,5.0,pale?,Dm8b/Tm5b home,"{""Dm8b"": 1, ""Tm5b"": 1}",,,88955.0,31018.0,31875.0,81985.0,30914.0,36869.0,54.4,-0.7,85322,30921,23077
L,24,19,0,6,5,6,35.41,35.41,15.64,0.78488,0.55796,0.26952,zhao_uCT_match,1,447,-1.0,5.0,pale?,Dm8b/Tm5b home,"{""Dm8b"": 1, ""Tm5b"": 1}",,,88588.0,30139.0,31439.0,81622.0,30185.0,36502.0,54.0,0.3,85552,29943,23153
L,24,20,1,6,4,7,38.73,38.73,17.47,0.7441,0.59678,0.30028,zhao_uCT_match,1,469,0.0,5.0,yellow?,Dm8a/Tm5a home,"{""Dm8a"": 1, ""Tm5a"": 1}",,,88274.0,29001.0,31083.0,81350.0,29447.0,36202.0,53.5,3.0,85872,29276,23189
L,24,21,2,6,3,8,41.83,41.83,19.41,0.70279,0.62901,0.33231,zhao_uCT_match,1,495,1.0,5.0,pale?,Dm8b/Tm5b home,"{""Dm8b"": 1, ""Tm5b"": 1}",,,87889.0,28297.0,30713.0,81049.0,28839.0,35871.0,53.0,3.6,86076,28556,23288
L,24,22,3,6,2,9,45.8,45.8,21.34,0.64933,0.66775,0.36398,zhao_uCT_match,1,518,2.0,5.0,yellow?,Dm8a/Tm5a home,"{""Dm8a"": 1, ""Tm5a"": 1}",,,87511.0,27494.0,30379.0,80811.0,28271.0,35537.0,52.4,5.3,86402,28060,23476
L,24,23,4,6,1,10,50.56,50.56,23.4,0.58305,0.70872,0.3972,zhao_uCT_match,1,542,3.0,5.0,yellow,R7,"{""R7y"": 1, ""R8y"": 1, ""Dm8a"": 2, ""Tm5a"": 1}",R8y:286374;R7y:902183,,87031.0,26655.0,30091.0,80406.0,27656.0,35285.0,51.9,6.8,86734,27505,23530
L,24,24,5,6,0,11,55.49,55.49,25.87,0.50978,0.74149,0.43625,zhao_uCT_match,1,566,4.0,5.0,yellow,R7,"{""R7y"": 1, ""R8y"": 1, ""Tm5a"": 1, ""Tm5b"": 1}",R8y:337586;R7y:432394,,86555.0,26069.0,29727.0,80112.0,27323.0,34944.0,51.0,8.6,86902,26891,23712
L,24,25,6,6,-1,12,60.34,60.34,28.5,0.43489,0.76371,0.4771,zhao_uCT_match,1,590,5.0,5.0,pale?,Dm8b/Tm5b home,"{""Dm8b"": 1, ""Tm5b"": 1}",R7_unclear:251931;R8_unclear:337771,,85966.0,25190.0,29439.0,79849.0,26562.0,34764.0,49.0,9.6,87003,26221,24013
L,24,26,7,6,-2,13,65.18,65.18,30.93,0.36013,0.77858,0.51393,zhao_uCT_match,1,612,6.0,5.0,yellow,R7,"{""R7y"": 1, ""R8y"": 1, ""Dm8a"": 1, ""Tm5a"": 1}",R8y:294150;R7y:253311,,85121.0,24275.0,28996.0,79485.0,25883.0,34398.0,46.2,11.6,86928,25541,25273
L,24,27,8,6,-3,14,70.48,70.48,33.05,0.28012,0.79,0.54537,zhao_uCT_match,1,635,7.0,5.0,pale?,Dm8b/Tm5b home,"{""Dm8b"": 1}",R7_unclear:263136;R8_unclear:282213,,84389.0,23603.0,28561.0,79117.0,25356.0,34049.0,43.8,13.0,87125,24832,25420
L,24,28,9,6,-4,15,76.38,76.38,35.39,0.19202,0.79227,0.57917,zhao_uCT_match,1,656,8.0,5.0,yellow,R7,"{""R7y"": 1, ""R8y"": 1, ""Tm5a"": 1}",R8y:263036;R7y:207738,,83690.0,22697.0,28368.0,78723.0,24563.0,33942.0,41.7,14.0,87043,24549,25970
L,24,29,10,6,-5,16,82.09,82.09,37.65,0.109,0.7842,0.61085,zhao_uCT_match,1,678,9.0,5.0,yellow,R7,"{""R7y"": 1, ""R8y"": 1, ""Tm5a"": 1}",R8y:199588;R7y:232297,,82768.0,21866.0,27863.0,78358.0,23899.0,33562.0,37.7,15.8,87708,23888,26460
L,24,30,11,6,-6,17,88.6,88.6,40.04,0.01871,0.76538,0.6433,zhao_uCT_match,1,698,10.0,5.0,pale,R7,"{""R7p"": 1, ""R8p"": 1, ""Tm5b"": 1}",R7p:173303;R8p:187136,,82105.0,21418.0,27577.0,77972.0,23645.0,33282.0,35.9,17.5,88171,23522,26817
L,24,31,12,6,-7,18,95.52,95.52,41.99,-0.07146,0.73986,0.66896,zhao_uCT_match,1,717,11.0,5.0,pale?,Dm8b/Tm5b home,"{""Dm8b"": 1}",R7_unclear:189584;R8_unclear:190435,,81205.0,20451.0,27235.0,77377.0,22842.0,32940.0,33.9,19.2,88457,22894,27180
L,24,32,13,6,-8,19,103.87,103.87,43.97,-0.17253,0.69873,0.69427,zhao_uCT_match,1,735,12.0,5.0,yellow,R7,"{""R7y"": 1, ""R8y"": 1, ""Tm5a"": 1, ""Tm5b"": 1}",R8y:244691;R7y:119561,,80588.0,19906.0,26945.0,76907.0,22471.0,32622.0,33.0,20.8,88456,22331,27709
L,24,33,14,6,-9,20,112.49,112.49,45.33,-0.26892,0.64951,0.71121,zhao_uCT_match,1,750,13.0,5.0,pale,R7,"{""R7p"": 1, ""R8p"": 1, ""Dm8b"": 1, ""Tm5b"": 1}",R7p:90083;R8p:218577,,79831.0,19232.0,26738.0,76446.0,21860.0,32382.0,31.0,21.8,88671,21737,28457
L,24,34,15,6,-10,21,120.84,120.84,46.22,-0.35475,0.59405,0.72198,zhao_uCT_match,1,761,14.0,5.0,yellow,R7,"{""R7y"": 1, ""R8y"": 1, ""Dm8a"": 1}",R8y:189471;R7y:927179,,79023.0,18519.0,26590.0,75750.0,21231.0,32139.0,30.5,22.8,88783,21186,29211
L,24,35,16,6,-11,22,129.61,129.61,46.66,-0.43755,0.52876,0.7273,zhao_uCT_match,1,770,15.0,5.0,pale,R7,"{""R7p"": 1, ""R8p"": 1, ""Tm5b"": 1}",R7p:155165;R8p:552314,,78095.0,17987.0,26521.0,74986.0,20762.0,32016.0,29.5,23.7,88811,20993,29893
L,24,36,17,6,-12,23,139.46,139.46,46.48,-0.52335,0.44759,0.72509,zhao_uCT_match,1,776,16.0,5.0,yellow,R7,"{""R7y"": 1, ""R8y"": 1, ""Dm8a"": 1}",R8y:195343;R7y:198888,,77080.0,17587.0,26506.0,74121.0,20383.0,31874.0,28.9,24.5,88891,20622,30504
L,24,37,18,6,-13,24,150.87,150.87,45.35,-0.61383,0.34209,0.71147,zhao_uCT_match,1,773,17.0,5.0,DRA,R7d/R8d,"{""R7d"": 1, ""R8d"": 1, ""MeTu2a"": 1}",R7d:152273;R8d:160035,,75824.0,17646.0,26604.0,72961.0,20494.0,31781.0,28.9,25.7,89121,20377,31175
L,25,10,-9,7,15,-2,-4.65,-4.65,0.82,0.9966,-0.08109,0.01438,zhao_uCT_match,1,257,-10.0,6.0,unclear,,{},,,89829.0,36495.0,36796.0,83524.0,34906.0,41047.0,56.0,-11.8,,,
L,25,11,-8,7,14,-1,0.23,0.23,2.73,0.99886,0.00409,0.04764,zhao_uCT_match,1,275,-9.0,6.0,pale,R7,"{""R7p"": 1, ""R8p"": 1, ""Dm8b"": 1}",R7p:940821;R8p:107589294,,89966.0,35732.0,36292.0,83611.0,34432.0,40579.0,56.0,-9.6,,,
L,25,12,-7,7,13,0,4.28,4.28,4.71,0.99385,0.07434,0.08213,zhao_uCT_match,1,296,-8.0,6.0,unclear,,"{""Dm8a"": 1, ""Tm5a"": 1, ""Tm5b"": 1}",,,90018.0,35120.0,35578.0,83545.0,33959.0,39919.0,56.2,-8.5,83650,35103,22929
L,25,13,-6,7,12,1,8.36,8.36,6.04,0.98387,0.14466,0.10519,zhao_uCT_match,1,317,-7.0,6.0,yellow?,Dm8a/Tm5a home,"{""Dm8a"": 1}",,,90060.0,34385.0,35000.0,83515.0,33498.0,39410.0,56.0,-6.4,,,
L,25,14,-5,7,11,2,12.13,12.13,7.69,0.96887,0.20827,0.13385,zhao_uCT_match,1,337,-6.0,6.0,yellow,R7,"{""R7y"": 1, ""R8y"": 1, ""Dm8a"": 1, ""Tm5a"": 1, ""Tm5b"": 1}",R8y:940947;R7y:940946,,89943.0,33661.0,34426.0,83247.0,32907.0,38965.0,55.9,-5.3,84027,33369,22896
L,25,15,-4,7,10,3,16.01,16.01,9.3,0.94859,0.27214,0.16161,zhao_uCT_match,1,359,-5.0,6.0,yellow?,Dm8a/Tm5a home,"{""Dm8a"": 1, ""Tm5a"": 1}",,,89868.0,32822.0,33866.0,83013.0,32257.0,38554.0,55.6,-3.9,84563,32788,23102
L,25,16,-3,7,9,4,19.81,19.81,11.17,0.92302,0.33248,0.19364,zhao_uCT_match,1,382,-4.0,6.0,yellow?,Dm8a/Tm5a home,"{""Dm8a"": 1, ""Tm5a"": 1}",,,89679.0,31867.0,33255.0,82709.0,31523.0,38104.0,55.2,-2.3,84419,31831,22967
L,25,17,-2,7,8,5,23.76,23.76,13.5,0.88994,0.39183,0.23339,zhao_uCT_match,1,406,-3.0,6.0,yellow?,Dm8a/Tm5a home,"{""Dm8a"": 1, ""Tm5a"": 1}",,,89413.0,31215.0,32748.0,82447.0,31081.0,37634.0,55.0,-0.9,,,
L,25,18,-1,7,7,6,27.55,27.55,15.79,0.85317,0.445,0.27218,zhao_uCT_match,1,432,-2.0,6.0,yellow?,Dm8a/Tm5a home,"{""Dm8a"": 1, ""Tm5a"": 1}",,,89188.0,30146.0,32391.0,82222.0,30179.0,37332.0,54.7,0.2,85148,30285,23187
L,25,19,0,7,6,7,31.32,31.32,17.82,0.8133,0.49485,0.30604,zhao_uCT_match,1,457,-1.0,6.0,unclear,,{},,,88885.0,29451.0,31905.0,81948.0,29897.0,36899.0,54.2,3.0,85128,29499,23328
L,25,20,1,7,5,8,35.18,35.18,19.65,0.76971,0.54261,0.33635,zhao_uCT_match,1,481,0.0,6.0,pale?,Dm8b/Tm5b home,"{""Dm8b"": 1}",,,88579.0,28625.0,31601.0,81725.0,29171.0,36664.0,53.5,3.7,85361,28749,23382
L,25,21,2,7,4,9,38.25,38.25,21.6,0.73014,0.57565,0.36814,zhao_uCT_match,1,504,1.0,6.0,yellow?,Dm8a/Tm5a home,"{""Dm8a"": 1, ""Tm5a"": 1}",,,88253.0,27593.0,31254.0,81429.0,28279.0,36319.0,53.4,4.6,85586,28015,23417
L,25,22,3,7,3,10,41.54,41.54,23.71,0.68527,0.60719,0.40215,zhao_uCT_match,1,529,2.0,6.0,yellow?,Dm8a/Tm5a home,"{""Dm8a"": 1, ""Tm5a"": 1}",,,87814.0,26731.0,30905.0,81114.0,27610.0,35969.0,52.9,6.0,85979,27503,23392
L,25,23,4,7,2,11,45.82,45.82,26.16,0.62551,0.64369,0.44091,zhao_uCT_match,1,553,3.0,6.0,yellow,R7,"{""R7y"": 1, ""R8y"": 1, ""Tm5a"": 1}",R8y:442854;R7y:470367,,87373.0,26004.0,30628.0,80748.0,27174.0,35787.0,52.1,7.9,86022,26882,23663
L,25,24,5,7,1,12,50.61,50.61,28.68,0.55672,0.678,0.47997,zhao_uCT_match,1,575,4.0,6.0,yellow,R7,"{""R7y"": 1, ""R8y"": 1, ""Tm5a"": 1}",R8y:342663;R7y:399862,,86858.0,25179.0,30344.0,80325.0,26551.0,35502.0,51.7,9.4,86373,26277,23786
L,25,25,6,7,0,13,55.42,55.42,31.23,0.4853,0.70405,0.51846,zhao_uCT_match,1,599,5.0,6.0,pale,R7,"{""R7p"": 1, ""R8p"": 1}",R7p:316661;R8p:264836,,86420.0,24564.0,30065.0,80005.0,26171.0,35224.0,51.2,11.0,86643,25599,23962
L,25,26,7,7,-1,14,60.23,60.23,33.61,0.41347,0.72292,0.55356,zhao_uCT_match,1,621,6.0,6.0,pale?,Dm8b/Tm5b home,"{""Dm8b"": 1}",R7_unclear:240887;R8_unclear:300607,,85720.0,23806.0,29717.0,79687.0,25559.0,34934.0,49.1,12.4,86726,24997,24096
L,25,27,8,7,-2,15,65.37,65.37,35.8,0.33803,0.73732,0.58489,zhao_uCT_match,1,641,7.0,6.0,yellow,R7,"{""R7y"": 1, ""R8y"": 1, ""Dm8a"": 1, ""Tm5a"": 1}",R8y:224540;R7y:314582,,84933.0,23073.0,29226.0,79302.0,24938.0,34531.0,46.7,13.6,86970,24367,24266
L,25,28,9,7,-3,16,71.36,71.36,38.42,0.25043,0.74238,0.62141,zhao_uCT_match,1,664,8.0,6.0,pale,R7,"{""R7p"": 1, ""R8p"": 1, ""Tm5b"": 1}",R7p:264163;R8p:308124,,84198.0,22208.0,28978.0,78961.0,24242.0,34380.0,44.1,15.1,86970,23947,25976
L,25,29,10,7,-4,17,77.48,77.48,40.58,0.16466,0.74143,0.65051,zhao_uCT_match,1,685,9.0,6.0,pale,R7,"{""R7p"": 1, ""R8p"": 1, ""Dm8b"": 1}",R7p:234286;R8p:235359,,83198.0,21449.0,28496.0,78433.0,23675.0,34002.0,40.9,17.0,87644,23273,26357
L,25,30,11,7,-5,18,84.46,84.46,42.97,0.07062,0.72829,0.68162,zhao_uCT_match,1,705,10.0,6.0,yellow,R7,"{""R7y"": 1, ""R8y"": 1, ""Dm8a"": 1, ""Tm5a"": 1}",R8y:204652;R7y:196700,,82327.0,20551.0,28087.0,77995.0,22950.0,33661.0,37.9,18.8,87938,22912,26778
L,25,31,12,7,-6,19,91.66,91.66,44.86,-0.02056,0.70854,0.70537,zhao_uCT_match,1,725,11.0,6.0,unclear,,{},R7_unclear:269731;R8_unclear:205329,,81553.0,19847.0,27837.0,77480.0,22426.0,33436.0,36.0,20.4,87549,22402,27310
L,25,32,13,7,-7,20,99.55,99.55,46.56,-0.11405,0.67806,0.7261,zhao_uCT_match,1,741,12.0,6.0,pale,R7,"{""R7p"": 1, ""R8p"": 1}",R7p:214701;R8p:257309,,80855.0,19233.0,27511.0,77027.0,21945.0,33076.0,34.5,21.9,88260,21829,27375
L,25,33,14,7,-8,21,107.77,107.77,47.87,-0.20474,0.63881,0.74162,zhao_uCT_match,1,758,13.0,6.0,pale,R7,"{""R7p"": 1, ""R8p"": 1, ""Dm8b"": 1, ""Tm5b"": 1}",R7p:179214;R8p:137585,,80212.0,18640.0,27313.0,76531.0,21407.0,32862.0,33.6,22.6,88316,21338,28093
L,25,34,15,7,-9,22,116.69,116.69,49.21,-0.29342,0.5837,0.7571,zhao_uCT_match,1,772,14.0,6.0,yellow,R7,"{""R7y"": 1, ""R8y"": 1, ""Tm5a"": 1}",R8y:199014;R7y:82994,,79356.0,17866.0,27206.0,75973.0,20705.0,32715.0,31.6,23.7,88259,20830,28895
L,25,35,16,7,-10,23,125.67,125.67,49.66,-0.37748,0.52584,0.76224,zhao_uCT_match,1,780,15.0,6.0,pale?,Dm8b/Tm5b home,"{""Dm8b"": 1}",R7_unclear:140400;R8_unclear:204910,,78529.0,17431.0,27057.0,75354.0,20353.0,32425.0,30.6,25.1,88510,20444,29572
L,25,36,17,7,-11,24,135.55,135.55,50.05,-0.45834,0.44963,0.76666,zhao_uCT_match,1,788,16.0,6.0,unclear,,"{""Dm8b"": 1, ""Tm5a"": 1, ""Tm5b"": 1}",R7_unclear:131092;R8_unclear:216399,,77431.0,16867.0,27137.0,74466.0,19833.0,32301.0,29.9,26.5,88770,20064,30259
L,25,37,18,7,-12,25,148.4,148.4,48.08,-0.56908,0.35011,0.74402,zhao_uCT_match,1,789,17.0,6.0,DRA,R7d/R8d,"{""R7d"": 1, ""R8d"": 1, ""Dm-DRA1"": 1, ""Dm-DRA2"": 1, ""MeTu2a"": 1}",R7d:78767;R8d:78892,,76203.0,16976.0,27068.0,73304.0,19942.0,32192.0,29.5,26.7,88919,19811,30904
L,25,38,19,7,-13,26,159.34,159.34,45.71,-0.65331,0.2464,0.71587,extrapolated_local_linear,18,-1,,,unclear,,{},,,74947.0,17652.0,27307.0,72122.0,20636.0,32308.0,29.5,27.5,,,
L,26,11,-8,8,15,0,-4.62,-4.62,3.06,0.99532,-0.08046,0.05345,zhao_uCT_match,1,285,-9.0,7.0,unclear,,{},,,90066.0,35149.0,37140.0,83804.0,34027.0,41415.0,55.7,-8.4,,,
L,26,12,-7,8,14,1,0.06,0.06,4.82,0.99646,0.00102,0.08406,zhao_uCT_match,1,304,-8.0,7.0,yellow?,Dm8a/Tm5a home,"{""Dm8a"": 1, ""Tm5a"": 1}",,,90218.0,34367.0,36404.0,83913.0,33501.0,40692.0,55.8,-6.5,,,
L,26,13,-6,8,13,2,4.18,4.18,6.81,0.9903,0.07245,0.11854,zhao_uCT_match,1,325,-7.0,7.0,yellow?,Dm8a/Tm5a home,"{""Dm8a"": 1, ""Tm5a"": 1}",,,90243.0,33611.0,35781.0,83858.0,32856.0,40147.0,55.6,-5.6,83592,33486,22959
L,26,14,-5,8,12,3,8.22,8.22,8.93,0.97773,0.14128,0.1552,zhao_uCT_match,1,347,-6.0,7.0,yellow?,Dm8a/Tm5a home,"{""Dm8a"": 1, ""Tm5a"": 1}",,,90197.0,32805.0,35163.0,83669.0,32244.0,39625.0,55.6,-4.1,83741,32641,22986
L,26,15,-4,8,11,4,11.99,11.99,10.99,0.96025,0.20387,0.19069,zhao_uCT_match,1,370,-5.0,7.0,unclear,,{},,,90050.0,32118.0,34406.0,83375.0,31774.0,39047.0,55.2,-2.4,84186,32142,23093
L,26,16,-3,8,10,5,15.71,15.71,12.87,0.93845,0.26394,0.2228,zhao_uCT_match,1,391,-4.0,7.0,pale?,Dm8b/Tm5b home,"{""Dm8b"": 1, ""Tm5b"": 1}",,,89859.0,31307.0,33778.0,83105.0,31175.0,38571.0,54.6,-0.9,84277,31176,23275
L,26,17,-2,8,9,6,19.83,19.83,15.12,0.90809,0.32756,0.26092,zhao_uCT_match,1,415,-3.0,7.0,yellow?,Dm8a/Tm5a home,"{""Dm8a"": 1, ""Tm5a"": 1}",,,89652.0,30431.0,33265.0,82798.0,30464.0,38114.0,54.7,0.2,84330,30485,23178
L,26,18,-1,8,8,7,23.54,23.54,17.43,0.87472,0.38103,0.29947,zhao_uCT_match,1,439,-2.0,7.0,pale?,Dm8b/Tm5b home,"{""Dm8b"": 1, ""Tm5b"": 1}",,,89447.0,29580.0,32939.0,82592.0,29749.0,37824.0,54.5,1.2,84446,29861,23184
L,26,19,0,8,7,8,27.2,27.2,19.56,0.83811,0.43065,0.33483,zhao_uCT_match,1,464,-1.0,7.0,yellow?,Dm8a/Tm5a home,"{""Dm8a"": 1, ""Tm5a"": 1}",,,89171.0,28654.0,32500.0,82316.0,29196.0,37442.0,54.2,3.7,84477,29088,23273
L,26,20,1,8,6,9,31.0,31.0,21.73,0.79632,0.4784,0.37015,zhao_uCT_match,1,489,0.0,7.0,pale?,Dm8b/Tm5b home,"{""Dm8b"": 1}",,,88843.0,27888.0,32148.0,82020.0,28513.0,37137.0,53.8,4.2,85079,28245,23613
L,26,21,2,8,5,10,34.68,34.68,23.75,0.7527,0.52086,0.40267,zhao_uCT_match,1,512,1.0,7.0,pale?,Dm8b/Tm5b home,"{""Dm8b"": 1, ""Tm5b"": 1}",R8_unclear:296114,,88536.0,27180.0,31728.0,81782.0,28041.0,36716.0,53.6,5.9,85149,27604,23339
L,26,22,3,8,4,11,37.94,37.94,25.78,0.71015,0.55362,0.43497,zhao_uCT_match,1,536,2.0,7.0,pale?,Dm8b/Tm5b home,"{""Dm8b"": 1, ""Tm5b"": 1}",,,88111.0,26260.0,31445.0,81411.0,27395.0,36434.0,53.3,7.7,85288,26984,23544
L,26,23,4,8,3,12,41.85,41.85,28.33,0.65566,0.58729,0.47455,zhao_uCT_match,1,563,3.0,7.0,unclear,,{},,,87669.0,25326.0,31221.0,81044.0,26658.0,36282.0,52.6,9.1,85594,26191,23517
L,26,24,5,8,2,13,45.99,45.99,30.93,0.59596,0.61694,0.51403,zhao_uCT_match,1,585,4.0,7.0,pale,R7,"{""R7p"": 1, ""R8p"": 1, ""Dm8b"": 1, ""Tm5b"": 1}",R7p:283210;R8p:135310853,,87202.0,24516.0,30916.0,80644.0,26085.0,35979.0,52.3,10.7,85873,25560,23805
L,26,25,6,8,1,14,50.59,50.59,33.62,0.52869,0.6433,0.55375,zhao_uCT_match,1,608,5.0,7.0,pale?,Dm8b/Tm5b home,"{""Dm8b"": 1}",R7_unclear:347976;R8_unclear:348525,,86716.0,23826.0,30623.0,80261.0,25579.0,35688.0,51.9,12.1,86031,25059,24175
L,26,26,7,8,0,15,55.36,55.36,35.98,0.46,0.6658,0.58746,zhao_uCT_match,1,630,6.0,7.0,pale,R7,"{""R7p"": 1, ""R8p"": 1, ""Tm5b"": 1}",R7p:173398;R8p:364207,,86011.0,23111.0,30207.0,79754.0,24941.0,35307.0,50.8,12.8,86080,24480,24075
L,26,27,8,8,-1,16,60.22,60.22,38.55,0.38843,0.67875,0.62323,zhao_uCT_match,1,652,7.0,7.0,pale,R7,"{""R7p"": 1, ""R8p"": 1}",R7p:196799;R8p:318205,,85311.0,22300.0,29892.0,79385.0,24284.0,35050.0,49.0,14.2,86305,23908,24222
L,26,28,9,8,-2,17,65.9,65.9,41.19,0.30727,0.68689,0.65862,zhao_uCT_match,1,675,8.0,7.0,yellow,R7,"{""R7y"": 1, ""R8y"": 1}",R8y:263316;R7y:252748,,84575.0,21638.0,29558.0,79004.0,23865.0,34803.0,46.7,16.2,86828,23478,24448
L,26,29,10,8,-3,18,72.04,72.04,43.64,0.22316,0.68845,0.6901,zhao_uCT_match,1,695,9.0,7.0,pale,R7,"{""R7p"": 1, ""R8p"": 1, ""Dm8a"": 1, ""Tm5a"": 1}",R7p:287508;R8p:272266,,83688.0,20877.0,29164.0,78567.0,23277.0,34470.0,44.0,18.0,86881,22967,25092
L,26,30,11,8,-4,19,79.44,79.44,45.84,0.12773,0.68484,0.71741,zhao_uCT_match,1,716,10.0,7.0,pale,R7,"{""R7p"": 1, ""R8p"": 1, ""Dm8b"": 1, ""Tm5b"": 1}",R7p:552028;R8p:564200,,82716.0,19939.0,28818.0,78108.0,22518.0,34220.0,40.5,20.0,87518,22470,26545
L,26,31,12,8,-5,20,87.33,87.33,47.66,0.03133,0.67274,0.73921,zhao_uCT_match,1,734,11.0,7.0,pale?,Dm8b/Tm5b home,"{""Tm5b"": 1}",R7_unclear:175039;R8_unclear:195515,,81931.0,19316.0,28437.0,77631.0,22028.0,33944.0,38.0,21.2,87741,21842,26892
L,26,32,13,8,-6,21,95.27,95.27,49.46,-0.05971,0.64728,0.75991,zhao_uCT_match,1,753,12.0,7.0,unclear,,{},R7_unclear:144839;R8_unclear:202999,,81076.0,18522.0,28148.0,77106.0,21361.0,33654.0,35.8,22.7,87794,21392,27309
L,26,33,14,8,-7,22,103.59,103.59,50.74,-0.14875,0.61511,0.77428,zhao_uCT_match,1,765,13.0,7.0,yellow,R7,"{""R7y"": 1, ""R8y"": 1, ""Dm8a"": 1, ""Tm5a"": 1}",R8y:197602;R7y:192334,,80395.0,17905.0,27947.0,76568.0,20870.0,33419.0,35.0,23.9,87958,20847,27872
L,26,34,15,8,-8,23,112.19,112.19,51.83,-0.23344,0.57221,0.78618,zhao_uCT_match,1,779,14.0,7.0,yellow,R7,"{""R7y"": 1, ""R8y"": 1}",R8y:195029;R7y:953725,,79618.0,17291.0,27749.0,75937.0,20371.0,33117.0,34.4,25.3,87966,20381,28636
L,26,35,16,8,-9,24,121.76,121.76,52.82,-0.31808,0.51389,0.79671,zhao_uCT_match,1,791,15.0,7.0,pale,R7,"{""R7p"": 1, ""R8p"": 1, ""Tm5b"": 1}",R7p:159311;R8p:182204,,78732.0,16763.0,27622.0,75439.0,19843.0,32786.0,32.5,26.7,88071,19917,29307
L,26,36,17,8,-10,25,131.98,131.98,53.35,-0.39932,0.44375,0.80227,zhao_uCT_match,1,797,16.0,7.0,unclear,,{},R7_unclear:26406;R8_unclear:223871,,77936.0,16368.0,27646.0,74826.0,19434.0,32742.0,31.4,27.2,88471,19541,29935
L,26,37,18,8,-11,26,144.79,144.79,52.69,-0.4952,0.34949,0.79538,zhao_uCT_match,1,803,17.0,7.0,DRA,R7d/R8d,"{""R7d"": 1, ""Dm-DRA1"": 1}",R7d:180392;R8_unclear:553439,,76506.0,16330.0,27639.0,73550.0,19384.0,32575.0,30.9,28.0,88647,19283,30543
L,26,38,19,8,-12,27,158.78,158.78,48.9,-0.61285,0.23799,0.75351,zhao_uCT_match,1,796,18.0,7.0,DRA,R7d/R8d,"{""R7d"": 1}",R7d:155515,,75246.0,16878.0,27817.0,72397.0,19932.0,32618.0,30.7,28.7,88641,18827,31099
L,27,12,-7,9,15,2,-4.06,-4.06,4.35,0.99461,-0.07068,0.07589,zhao_uCT_match,1,312,-8.0,8.0,unclear,,{},,,90238.0,34014.0,37002.0,83993.0,33260.0,41277.0,55.6,-5.7,,,
L,27,13,-6,9,14,3,-0.01,-0.01,7.24,0.99203,-0.00018,0.12601,zhao_uCT_match,1,333,-7.0,8.0,pale?,Dm8b/Tm5b home,"{""Dm8b"": 1}",,,90349.0,32855.0,36529.0,84072.0,32297.0,40841.0,55.5,-4.2,83162,32956,22809
L,27,14,-5,9,13,4,4.31,4.31,9.94,0.9822,0.07406,0.17262,zhao_uCT_match,1,355,-6.0,8.0,unclear,,"{""Dm8a"": 1, ""Tm5b"": 1}",,,90308.0,32010.0,35847.0,83976.0,31670.0,40191.0,55.5,-2.5,83407,32062,22985
L,27,15,-4,9,12,5,8.19,8.19,12.39,0.96673,0.13917,0.21461,zhao_uCT_match,1,378,-5.0,8.0,yellow?,Dm8a/Tm5a home,"{""Tm5a"": 1}",,,90209.0,31319.0,35043.0,83700.0,31185.0,39471.0,55.8,-1.0,83718,31407,23129
L,27,16,-3,9,11,6,11.88,11.88,14.57,0.94712,0.19928,0.2515,zhao_uCT_match,1,402,-4.0,8.0,yellow?,Dm8a/Tm5a home,"{""Dm8a"": 1, ""Tm5a"": 1}",,,90064.0,30560.0,34432.0,83405.0,30593.0,39055.0,55.2,0.2,83666,30722,23026
L,27,17,-2,9,10,7,15.75,15.75,16.82,0.92126,0.25984,0.28941,zhao_uCT_match,1,425,-3.0,8.0,yellow?,Dm8a/Tm5a home,"{""Dm8a"": 1, ""Tm5a"": 1}",,,89876.0,29761.0,33923.0,83122.0,29910.0,38641.0,55.1,1.0,83909,29994,23240
L,27,18,-1,9,9,8,19.71,19.71,19.22,0.88891,0.31847,0.32926,zhao_uCT_match,1,449,-2.0,8.0,pale?,Dm8b/Tm5b home,"{""Dm8b"": 1, ""Tm5b"": 1}",,,89641.0,28869.0,33507.0,82887.0,29321.0,38310.0,54.6,3.1,83971,29229,23299
L,27,19,0,9,8,9,23.3,23.3,21.38,0.85524,0.36827,0.36462,zhao_uCT_match,1,472,-1.0,8.0,yellow?,Dm8a/Tm5a home,"{""Dm8a"": 1, ""Tm5a"": 1}",,,89343.0,28075.0,33065.0,82572.0,28644.0,37951.0,54.2,3.9,84237,28449,23291
L,27,20,1,9,7,10,26.77,26.77,23.49,0.81882,0.41306,0.39865,zhao_uCT_match,1,496,0.0,8.0,pale?,Dm8b/Tm5b home,"{""Tm5b"": 1}",,,89091.0,27325.0,32708.0,82336.0,28114.0,37593.0,54.1,5.4,84354,27841,23327
L,27,21,2,9,6,11,30.27,30.27,25.74,0.77795,0.45402,0.43436,zhao_uCT_match,1,519,1.0,8.0,unclear,,{},,,88771.0,26412.0,32411.0,82071.0,27527.0,37297.0,53.9,7.7,84451,27172,23348
L,27,22,3,9,5,12,34.08,34.08,28.07,0.73085,0.49446,0.47049,zhao_uCT_match,1,543,2.0,8.0,pale?,Dm8b/Tm5b home,"{""Dm8b"": 1, ""Tm5b"": 1}",,,88403.0,25732.0,31992.0,81742.0,27004.0,36877.0,53.7,8.8,84527,26403,23409
L,27,23,4,9,4,13,37.91,37.91,30.3,0.6812,0.53046,0.50455,zhao_uCT_match,1,567,3.0,8.0,yellow?,Dm8a/Tm5a home,"{""Dm8a"": 1, ""Tm5a"": 1}",,,87944.0,24680.0,31777.0,81363.0,26249.0,36663.0,53.4,10.8,85124,25880,24208
L,27,24,5,9,3,14,42.18,42.18,32.87,0.62243,0.56399,0.54268,zhao_uCT_match,1,591,4.0,8.0,yellow,R7,"{""R7y"": 1, ""R8y"": 1, ""Tm5a"": 1}",R8y:147115580;R7y:411418,,87412.0,23942.0,31447.0,80878.0,25629.0,36355.0,53.1,11.7,85225,25287,24051
L,27,25,6,9,2,15,46.18,46.18,35.46,0.56395,0.58778,0.58007,zhao_uCT_match,1,613,5.0,8.0,yellow,R7,"{""R7y"": 1, ""R8y"": 1, ""Dm8a"": 1}",R8y:420306;R7y:375632,,86962.0,23139.0,31217.0,80507.0,24969.0,36182.0,52.4,12.7,85424,24691,24113
L,27,26,7,9,1,16,50.95,50.95,38.14,0.49554,0.61079,0.61756,zhao_uCT_match,1,637,6.0,8.0,yellow,R7,"{""R7y"": 1, ""R8y"": 1, ""Dm8a"": 1, ""Tm5a"": 2, ""Tm5b"": 1}",R8y:249057;R7y:281286,,86399.0,22618.0,30818.0,80045.0,24602.0,35783.0,52.0,13.8,85376,24044,24291
L,27,27,8,9,0,17,55.81,55.81,41.02,0.42404,0.6241,0.65627,zhao_uCT_match,1,658,7.0,8.0,pale,R7,"{""R7p"": 1, ""R8p"": 1, ""Dm8b"": 1}",R7p:205436;R8p:367869,,85810.0,21893.0,30554.0,79727.0,23984.0,35544.0,50.6,14.9,85619,23506,24282
L,27,28,9,9,-1,18,61.09,61.09,43.83,0.34872,0.6315,0.69253,zhao_uCT_match,1,681,8.0,8.0,yellow,R7,"{""R7y"": 1, ""R8y"": 1, ""Dm8a"": 1, ""Tm5a"": 1, ""Tm5b"": 1}",R8y:291337;R7y:317842,,85075.0,21062.0,30240.0,79282.0,23461.0,35340.0,48.6,17.3,86187,23201,24487
L,27,29,10,9,-2,19,66.69,66.69,46.15,0.27411,0.63624,0.72116,zhao_uCT_match,1,702,9.0,8.0,pale?,Dm8b/Tm5b home,"{""Dm8b"": 1, ""Tm5b"": 1}",R7_unclear:276518;R8_unclear:267198,,84032.0,20253.0,29761.0,78616.0,22832.0,34947.0,46.2,19.0,86300,22651,25004
L,27,30,11,9,-3,20,73.78,73.78,48.46,0.18527,0.63668,0.74854,zhao_uCT_match,1,719,10.0,8.0,pale,R7,"{""R7p"": 1, ""R8p"": 1}",R7p:223939;R8p:940924,,83177.0,19474.0,29458.0,78164.0,22186.0,34703.0,43.7,20.5,86654,22129,25695
L,27,31,12,9,-4,21,81.79,81.79,50.53,0.09082,0.62914,0.77197,zhao_uCT_match,1,739,11.0,8.0,pale,R7,"{""R7p"": 1, ""R8p"": 1}",R7p:560981;R8p:211509,,82186.0,18669.0,29095.0,77698.0,21508.0,34401.0,40.2,22.2,86819,21505,26680
L,27,32,13,9,-5,22,90.1,90.1,52.16,-0.00112,0.61348,0.78971,zhao_uCT_match,1,757,12.0,8.0,pale,R7,"{""R7p"": 1, ""R8p"": 1, ""Dm8b"": 1}",R7p:551553;R8p:204956,,81377.0,18005.0,28775.0,77129.0,21084.0,34084.0,38.7,24.4,87396,20926,26997
L,27,33,14,9,-6,23,98.58,98.58,53.92,-0.08783,0.58235,0.80818,zhao_uCT_match,1,774,13.0,8.0,pale?,Dm8b/Tm5b home,"{""Dm8b"": 1}",R7_unclear:160020;R8_unclear:238694,,80747.0,17463.0,28577.0,76781.0,20607.0,33863.0,36.9,25.4,87624,20385,27687
L,27,34,15,9,-7,24,108.33,108.33,55.25,-0.17929,0.54108,0.82164,zhao_uCT_match,1,790,14.0,8.0,yellow,R7,"{""R7y"": 1, ""R8y"": 1}",R8y:224531;R7y:172993,,79979.0,16950.0,28317.0,76152.0,20168.0,33480.0,36.5,26.6,87716,19939,28397
L,27,35,16,9,-8,25,118.06,118.06,55.9,-0.26375,0.49473,0.82806,zhao_uCT_match,1,799,15.0,8.0,yellow,R7,"{""R7y"": 1, ""R8y"": 1, ""Dm8a"": 1, ""Tm5a"": 1, ""Tm5b"": 1}",R8y:172064;R7y:168375,,78986.0,16160.0,28317.0,75509.0,19378.0,33408.0,34.3,27.6,87588,19396,29160
L,27,36,17,9,-9,26,129.19,129.19,56.69,-0.34703,0.42571,0.83567,zhao_uCT_match,1,809,16.0,8.0,pale,R7,"{""R7p"": 1, ""R8p"": 1, ""Dm8b"": 1, ""Tm5a"": 1}",R7p:255982;R8p:230363,,78084.0,15701.0,28285.0,74908.0,18864.0,33221.0,32.8,28.3,88016,18937,29664
L,27,37,18,9,-10,27,142.1,142.1,56.0,-0.4413,0.34355,0.82899,zhao_uCT_match,1,812,17.0,8.0,yellow,R7,"{""R7y"": 1, ""R8y"": 1, ""Dm8a"": 1, ""Tm5a"": 1}",R8y:15625;R7y:86178,,76984.0,15607.0,28320.0,73957.0,18751.0,33069.0,32.5,29.2,88404,18518,30382
L,27,38,19,9,-11,28,156.52,156.52,52.94,-0.55277,0.24012,0.79799,zhao_uCT_match,1,811,18.0,8.0,DRA,R7d/R8d,"{""R7d"": 1, ""MeTu2a"": 1}",R7d:80568,,75939.0,15875.0,28386.0,73045.0,18986.0,32989.0,32.2,29.8,88484,18224,31087
L,27,39,20,9,-12,29,168.72,168.72,49.31,-0.63937,0.12758,0.75824,extrapolated_local_linear,16,-1,,,DRA,R7d/R8d,"{""R8d"": 1}",R8d:180153,,75431.0,15961.0,28730.0,72659.0,19015.0,33231.0,31.6,30.0,,,
L,28,13,-6,10,15,4,-4.2,-4.2,6.73,0.99044,-0.0727,0.11724,zhao_uCT_match,1,340,-7.0,9.0,unclear,,{},,,90398.0,31620.0,37021.0,84176.0,31276.0,41246.0,55.8,-2.6,,,
L,28,14,-5,10,14,5,0.18,0.18,10.19,0.98423,0.00301,0.17685,zhao_uCT_match,1,360,-6.0,9.0,unclear,,{},R8_unclear:234503195,,90409.0,31092.0,36516.0,84187.0,30960.0,40800.0,55.5,-1.0,83053,31770,22972
L,28,15,-4,10,13,6,4.23,4.23,13.26,0.97069,0.07183,0.22936,zhao_uCT_match,1,385,-5.0,9.0,pale?,Dm8b/Tm5b home,"{""Dm8b"": 1}",,,90391.0,30579.0,35790.0,84130.0,30591.0,40132.0,55.3,0.1,83019,31034,22962
L,28,16,-3,10,12,7,7.64,7.64,15.88,0.95328,0.12786,0.2737,zhao_uCT_match,1,409,-4.0,9.0,pale?,Dm8b/Tm5b home,"{""Dm8b"": 1}",,,90245.0,29906.0,35245.0,83882.0,30035.0,39667.0,55.2,1.0,83138,30302,23031
L,28,17,-2,10,11,8,11.01,11.01,18.3,0.93196,0.18132,0.31397,zhao_uCT_match,1,433,-3.0,9.0,unclear,,"{""Dm8a"": 1, ""Tm5a"": 1, ""Tm5b"": 1}",,,90047.0,29169.0,34723.0,83509.0,29364.0,39346.0,54.7,1.4,83554,29556,23325
L,28,18,-1,10,10,9,14.93,14.93,20.86,0.90291,0.24076,0.35607,zhao_uCT_match,1,459,-2.0,9.0,unclear,,{},,,89886.0,28377.0,34239.0,83219.0,28924.0,38917.0,54.9,3.8,83615,28756,23163
L,28,19,0,10,9,10,18.48,18.48,23.26,0.87135,0.29123,0.39488,zhao_uCT_match,1,483,-1.0,9.0,yellow?,Dm8a/Tm5a home,"{""Dm8a"": 1, ""Tm5a"": 1}",,,89595.0,27598.0,33784.0,82927.0,28284.0,38502.0,54.7,4.8,83699,28090,23246
L,28,20,1,10,8,11,22.11,22.11,25.47,0.83646,0.33976,0.42999,zhao_uCT_match,1,506,0.0,9.0,yellow?,Dm8a/Tm5a home,"{""Dm8a"": 1, ""Tm5a"": 1}",,,89298.0,26713.0,33352.0,82638.0,27591.0,38155.0,54.2,6.1,83903,27342,23349
L,28,21,2,10,7,12,25.95,25.95,27.59,0.79691,0.38789,0.46311,zhao_uCT_match,1,530,1.0,9.0,yellow?,Dm8a/Tm5a home,"{""Dm8a"": 1, ""Tm5a"": 1}",,,88993.0,25920.0,33000.0,82333.0,27093.0,37816.0,54.1,8.1,83941,26570,23538
L,28,22,3,10,6,13,29.87,29.87,30.18,0.7496,0.43051,0.50276,zhao_uCT_match,1,551,2.0,9.0,unclear,,{},,,88608.0,25024.0,32705.0,82026.0,26436.0,37521.0,53.8,9.8,84089,25899,23619
L,28,23,4,10,5,14,33.83,33.83,32.77,0.69843,0.46817,0.54131,zhao_uCT_match,1,576,3.0,9.0,yellow?,Dm8a/Tm5a home,"{""Dm8a"": 1, ""Tm5a"": 1}",,,88162.0,24178.0,32364.0,81605.0,25865.0,37180.0,53.7,11.7,84410,25343,23822
L,28,24,5,10,4,15,37.83,37.83,35.24,0.6451,0.50095,0.57696,zhao_uCT_match,1,598,4.0,9.0,yellow,R7,"{""R7y"": 1, ""R8y"": 1, ""Dm8a"": 1}",R8y:444890;R7y:360710,,87681.0,23447.0,31998.0,81205.0,25277.0,36815.0,53.4,12.8,84542,24739,23906
L,28,25,6,10,3,16,41.57,41.57,37.86,0.59062,0.52385,0.6138,zhao_uCT_match,1,620,5.0,9.0,pale,R7,"{""R7p"": 1, ""R8p"": 1, ""Dm8b"": 1}",R7p:367955;R8p:351115,,87171.0,22690.0,31710.0,80718.0,24663.0,36532.0,53.2,13.8,84474,24192,24018
L,28,26,7,10,2,17,46.06,46.06,40.43,0.52822,0.54809,0.64852,zhao_uCT_match,1,643,6.0,9.0,yellow,R7,"{""R7y"": 1, ""R8y"": 1}",R8y:358818;R7y:343647,,86628.0,21889.0,31399.0,80275.0,23980.0,36285.0,52.4,14.6,84437,23587,24385
L,28,27,8,10,1,18,51.29,51.29,43.37,0.45459,0.56721,0.68675,zhao_uCT_match,1,663,7.0,9.0,unclear,,{},R7_unclear:329201;R8_unclear:281289,,85980.0,21075.0,31139.0,79733.0,23307.0,36046.0,51.9,15.7,85113,23241,24587
L,28,28,9,10,0,19,56.28,56.28,46.36,0.38312,0.57402,0.72369,zhao_uCT_match,1,687,8.0,9.0,pale,R7,"{""R7p"": 1, ""R8p"": 1, ""Dm8a"": 1, ""Tm5a"": 1}",R7p:334854;R8p:409488,,85335.0,20401.0,30894.0,79409.0,22886.0,35847.0,50.1,17.8,85434,22762,24490
L,28,29,10,10,-1,20,61.49,61.49,48.56,0.31594,0.58157,0.74964,zhao_uCT_match,1,704,9.0,9.0,unclear,,{},R7_unclear:253227;R8_unclear:316496,,84533.0,19760.0,30473.0,78939.0,22440.0,35463.0,48.3,19.7,85825,22228,24886
L,28,30,11,10,-2,21,67.96,67.96,51.11,0.23556,0.58199,0.77833,zhao_uCT_match,1,728,10.0,9.0,pale,R7,"{""R7p"": 1, ""R8p"": 1, ""Tm5b"": 1}",R7p:208646;R8p:287954,,83615.0,19096.0,30003.0,78332.0,21935.0,35103.0,46.0,21.1,85974,21717,25460
L,28,31,12,10,-3,22,76.3,76.3,53.45,0.14104,0.57858,0.80334,zhao_uCT_match,1,746,11.0,9.0,yellow,R7,"{""R7y"": 1, ""R8y"": 1, ""Dm8a"": 1, ""Tm5a"": 1}",R8y:218571;R7y:222516,,82586.0,18123.0,29750.0,77817.0,21202.0,34913.0,42.7,23.7,86285,21187,25898
L,28,32,13,10,-4,23,84.94,84.94,55.42,0.05003,0.56541,0.82329,zhao_uCT_match,1,764,12.0,9.0,pale,R7,"{""R7p"": 1, ""R8p"": 1}",R7p:154885;R8p:250976,,81664.0,17491.0,29404.0,77240.0,20709.0,34567.0,40.6,25.3,86582,20680,26530
L,28,33,14,10,-5,24,93.63,93.63,56.93,-0.03455,0.54458,0.838,zhao_uCT_match,1,781,13.0,9.0,pale?,Dm8b/Tm5b home,"{""Tm5b"": 1}",R7_unclear:164998;R8_unclear:563688,,80982.0,16912.0,29259.0,76873.0,20249.0,34383.0,38.7,26.9,86516,20201,28080
L,28,34,15,10,-6,25,103.67,103.67,58.79,-0.12242,0.50345,0.85531,zhao_uCT_match,1,795,14.0,9.0,yellow,R7,"{""R7y"": 1, ""R8y"": 1, ""Dm8a"": 1, ""Tm5a"": 1}",R8y:275478;R7y:136576,,80131.0,16241.0,28998.0,76220.0,19585.0,34083.0,37.6,27.5,87134,19678,28119
L,28,35,16,10,-7,26,114.53,114.53,59.86,-0.20847,0.45678,0.86481,zhao_uCT_match,1,808,15.0,9.0,yellow,R7,"{""R7y"": 1, ""R8y"": 1}",R8y:195948;R7y:233439,,79270.0,15607.0,28893.0,75589.0,18994.0,33829.0,36.7,28.8,87502,19174,28556
L,28,36,17,10,-8,27,125.95,125.95,60.25,-0.29136,0.40174,0.86817,zhao_uCT_match,1,818,16.0,9.0,yellow,R7,"{""R7y"": 1, ""R8y"": 1, ""Tm5b"": 1}",R8y:201937644;R7y:224972,,78326.0,15247.0,28907.0,75033.0,18623.0,33538.0,35.4,30.7,87561,18674,29189
L,28,37,18,10,-9,28,140.06,140.06,59.73,-0.38645,0.32357,0.86369,zhao_uCT_match,1,823,17.0,9.0,DRA,R7d/R8d,"{""R7d"": 1, ""R8d"": 1, ""Dm-DRA1"": 1, ""Dm-DRA2"": 1, ""MeTu2a"": 4}",R7d:117358;R8d:165242,,77213.0,14957.0,29140.0,74069.0,18308.0,33710.0,34.5,31.1,87906,18066,29960
L,28,38,19,10,-10,29,157.25,157.25,56.53,-0.50864,0.21324,0.83416,zhao_uCT_match,1,821,18.0,9.0,DRA,R7d/R8d,"{""R7d"": 1, ""R8d"": 1, ""MeTu2a"": 1}",R7d:166739;R8d:175437,,76207.0,15224.0,29108.0,73180.0,18442.0,33596.0,34.0,30.7,88240,17610,30761
L,28,39,20,10,-11,30,168.83,168.83,53.38,-0.5852,0.11555,0.80261,extrapolated_local_linear,17,-1,,,unclear,,{},,,75446.0,15574.0,29347.0,72553.0,18737.0,33709.0,33.6,31.1,88513,17688,31423
L,29,14,-5,11,15,6,-3.99,-3.99,9.62,0.98356,-0.06857,0.16704,zhao_uCT_match,1,369,-6.0,10.0,unclear,,{},,,90392.0,30583.0,37244.0,84255.0,30574.0,41455.0,55.5,-0.1,,,
L,29,15,-4,11,14,7,-0.05,-0.05,13.59,0.972,-0.0008,0.23499,zhao_uCT_match,1,393,-5.0,10.0,unclear,,{},,,90421.0,30037.0,36608.0,84285.0,30148.0,40882.0,55.1,0.9,,,
L,29,16,-3,11,13,8,3.39,3.39,16.69,0.95621,0.05664,0.28713,zhao_uCT_match,1,417,-4.0,10.0,unclear,,"{""Dm8b"": 1, ""Tm5a"": 1, ""Tm5b"": 1, ""Dm-DRA1"": 1, ""MeTu2a"": 2}",,,90352.0,29293.0,36042.0,84204.0,29473.0,40350.0,55.0,1.4,,,
L,29,17,-2,11,12,9,6.5,6.5,19.46,0.93678,0.10678,0.33323,zhao_uCT_match,1,438,-3.0,10.0,yellow?,Dm8a/Tm5a home,"{""Dm8a"": 1, ""Tm5a"": 1}",,,90138.0,28548.0,35502.0,83959.0,29011.0,39884.0,54.7,3.5,83131,29040,23293
L,29,18,-1,11,11,10,9.88,9.88,22.0,0.91342,0.15915,0.37461,zhao_uCT_match,1,465,-2.0,10.0,unclear,,{},,,89966.0,27686.0,34862.0,83598.0,28255.0,39386.0,54.6,4.2,83192,28267,23401
L,29,19,0,11,10,11,13.31,13.31,24.38,0.88634,0.20976,0.41279,zhao_uCT_match,1,486,-1.0,10.0,unclear,,{},,,89700.0,26981.0,34366.0,83321.0,27772.0,38891.0,54.6,5.8,83387,27542,23354
L,29,20,1,11,9,12,16.94,16.94,26.86,0.85339,0.26,0.45181,zhao_uCT_match,1,511,0.0,10.0,yellow?,Dm8a/Tm5a home,"{""Dm8a"": 1, ""Tm5a"": 1}",,,89430.0,26088.0,34045.0,82908.0,27203.0,38722.0,54.4,7.9,83329,26825,23291
L,29,21,2,11,8,13,21.02,21.02,29.34,0.81371,0.31267,0.49002,zhao_uCT_match,1,535,1.0,10.0,yellow,R7,"{""R7y"": 1, ""R8y"": 1, ""Tm5a"": 1}",R8y:106383624;R7y:194567598,,89090.0,25107.0,33632.0,82552.0,26439.0,38337.0,54.3,9.4,83430,26106,23437
L,29,22,3,11,7,14,25.28,25.28,31.77,0.76874,0.36313,0.52648,zhao_uCT_match,1,559,2.0,10.0,yellow?,Dm8a/Tm5a home,"{""Dm8a"": 1, ""Tm5a"": 1}",,,88716.0,24284.0,33338.0,82194.0,25859.0,38065.0,54.1,11.1,83633,25463,23619
L,29,23,4,11,6,15,29.1,29.1,34.68,0.7185,0.39993,0.56905,zhao_uCT_match,1,582,3.0,10.0,pale?,Dm8b/Tm5b home,"{""Dm8b"": 1, ""Tm5b"": 1}",,,88323.0,23552.0,32981.0,81848.0,25318.0,37719.0,53.8,12.4,83804,24856,23657
L,29,24,5,11,5,16,32.86,32.86,37.43,0.66705,0.43081,0.60782,zhao_uCT_match,1,606,4.0,10.0,pale?,Dm8b/Tm5b home,"{""Tm5b"": 1}",R7_unclear:128354016;R8_unclear:125026495,,87869.0,22851.0,32574.0,81416.0,24819.0,37312.0,53.7,13.8,83841,24301,23897
L,29,25,6,11,4,17,36.48,36.48,40.13,0.6148,0.45453,0.64453,zhao_uCT_match,1,627,5.0,10.0,yellow?,Dm8a/Tm5a home,"{""Dm8a"": 1, ""Tm5a"": 1}",,,87301.0,22156.0,32184.0,80928.0,24247.0,36922.0,53.4,14.8,83748,23691,24033
L,29,26,7,11,3,18,40.31,40.31,42.79,0.55964,0.47474,0.67929,zhao_uCT_match,1,651,6.0,10.0,yellow,R7,"{""R7y"": 1, ""R8y"": 1, ""Dm8a"": 1, ""Tm5a"": 1}",R8y:356468;R7y:323823,,86794.0,21545.0,31836.0,80445.0,23706.0,36653.0,52.8,15.2,83957,23109,24227
L,29,27,8,11,2,19,45.24,45.24,45.55,0.49313,0.49724,0.71385,zhao_uCT_match,1,672,7.0,10.0,unclear,,{},R7_unclear:240940;R8_unclear:411454,,86300.0,20631.0,31701.0,80053.0,23069.0,36518.0,52.4,17.2,84357,22786,24431
L,29,28,9,11,1,20,50.52,50.52,48.37,0.42234,0.51273,0.74749,zhao_uCT_match,1,694,8.0,10.0,unclear,,{},R7_unclear:429430;R8_unclear:378488,,85358.0,19732.0,31352.0,79376.0,22311.0,36168.0,51.2,18.6,84857,22307,25206
L,29,29,10,11,0,21,55.82,55.82,51.11,0.35267,0.51936,0.77839,zhao_uCT_match,1,714,9.0,10.0,pale,R7,"{""R7p"": 1, ""R8p"": 1, ""Dm8b"": 1, ""Tm5a"": 1, ""Tm5b"": 1}",R7p:246870;R8p:288217,,84654.0,19159.0,30954.0,78861.0,21871.0,35862.0,49.7,19.7,85052,21848,25056
L,29,30,11,11,-1,22,61.86,61.86,53.58,0.27998,0.52358,0.80466,zhao_uCT_match,1,733,10.0,10.0,yellow,R7,"{""R7y"": 1, ""R8y"": 1, ""Dm8a"": 1, ""Tm5a"": 1}",R8y:231089;R7y:276093,,83820.0,18487.0,30623.0,78403.0,21439.0,35576.0,47.6,21.9,85288,21316,25236
L,29,31,12,11,-2,23,69.88,69.88,56.12,0.19179,0.52341,0.83021,zhao_uCT_match,1,754,11.0,10.0,pale?,Dm8b/Tm5b home,"{""Dm8b"": 1, ""Tm5b"": 1}",R7_unclear:250661;R8_unclear:276602,,82829.0,17688.0,30303.0,77815.0,20888.0,35293.0,45.1,24.3,85562,20752,25754
L,29,32,13,11,-3,24,78.51,78.51,58.17,0.10507,0.51682,0.84962,zhao_uCT_match,1,771,12.0,10.0,yellow,R7,"{""R7y"": 1, ""R8y"": 1, ""Dm8a"": 1, ""Tm5a"": 1}",R8y:213231;R7y:122444,,81961.0,17009.0,30128.0,77472.0,20319.0,35118.0,42.0,26.2,86087,20249,26245
L,29,33,14,11,-4,25,88.05,88.05,60.18,0.01691,0.49699,0.86759,zhao_uCT_match,1,786,13.0,10.0,pale,R7,"{""R7p"": 1, ""R8p"": 1, ""Dm8b"": 1}",R7p:241064;R8p:926416,,81170.0,16377.0,29923.0,76922.0,19764.0,34913.0,40.4,27.3,86527,19674,26849
L,29,34,15,11,-5,26,99.03,99.03,62.11,-0.07341,0.46201,0.88383,zhao_uCT_match,1,802,14.0,10.0,yellow,R7,"{""R7y"": 1, ""R8y"": 1, ""Tm5a"": 1}",R8y:277713;R7y:230746,,80332.0,15709.0,29762.0,76366.0,19196.0,34679.0,38.9,28.9,86689,19102,27555
L,29,35,16,11,-6,27,110.26,110.26,63.49,-0.15455,0.41871,0.89487,zhao_uCT_match,1,815,15.0,10.0,pale,R7,"{""R7p"": 1, ""R8p"": 1, ""Dm8b"": 1}",R7p:552497;R8p:217073,,79480.0,15198.0,29525.0,75660.0,18684.0,34202.0,39.2,30.0,86692,18765,28835
L,29,36,17,11,-7,28,122.96,122.96,64.04,-0.23817,0.36725,0.89911,zhao_uCT_match,1,825,16.0,10.0,yellow?,Dm8a/Tm5a home,"{""Tm5a"": 1}",R7_unclear:237294;R8_unclear:201020,,78538.0,14756.0,29583.0,75061.0,18195.0,34128.0,37.4,31.0,87110,18033,29012
L,29,37,18,11,-8,29,138.16,138.16,63.71,-0.33001,0.29552,0.89653,zhao_uCT_match,1,832,17.0,10.0,DRA,R7d/R8d,"{""R7d"": 1, ""R8d"": 1}",R7d:227167;R8d:167683,,77627.0,14518.0,29737.0,74420.0,17925.0,34116.0,36.2,32.1,87596,17748,29668
L,29,38,19,11,-9,30,154.62,154.62,61.45,-0.43186,0.20489,0.87836,zhao_uCT_match,1,833,18.0,10.0,DRA,R7d/R8d,"{""R7d"": 1, ""R8d"": 1}",R7d:176031;R8d:179390,,76483.0,14663.0,29951.0,73307.0,18049.0,34295.0,36.2,32.2,87849,17276,30188
L,29,39,20,11,-10,31,169.69,169.69,57.64,-0.52658,0.09582,0.84471,extrapolated_local_linear,18,-1,,,unclear,,{},,,75679.0,15144.0,29726.0,72652.0,18511.0,33828.0,36.4,33.4,87982,17163,31066
L,30,15,-4,12,15,8,-4.35,-4.35,13.47,0.96968,-0.07381,0.23295,zhao_uCT_match,1,399,-5.0,11.0,unclear,,{},,,90364.0,29496.0,37229.0,84300.0,29656.0,41405.0,55.4,1.2,,,
L,30,16,-3,12,14,9,-0.99,-0.99,17.3,0.95463,-0.01656,0.29735,zhao_uCT_match,1,423,-4.0,11.0,unclear,,{},,,90355.0,28836.0,36815.0,84298.0,29136.0,40990.0,55.4,2.3,82640,29256,23243
L,30,17,-2,12,13,10,2.11,2.11,20.23,0.93765,0.03461,0.34586,zhao_uCT_match,1,448,-3.0,11.0,unclear,,{},,,90226.0,27998.0,36327.0,84141.0,28535.0,40611.0,54.9,4.1,82570,28532,23233
L,30,18,-1,12,12,11,5.29,5.29,22.95,0.91691,0.08494,0.38994,zhao_uCT_match,1,470,-2.0,11.0,unclear,,"{""Dm8a"": 1, ""Tm5a"": 1, ""Tm5b"": 1}",,,90055.0,27408.0,35681.0,83927.0,28105.0,39975.0,55.0,5.3,82851,27769,23133
L,30,19,0,12,11,12,8.61,8.61,25.42,0.89301,0.13522,0.42925,zhao_uCT_match,1,494,-1.0,11.0,yellow?,Dm8a/Tm5a home,"{""Dm8a"": 1, ""Tm5a"": 1}",,,89817.0,26451.0,35159.0,83643.0,27352.0,39547.0,54.6,6.8,82804,27125,23212
L,30,20,1,12,10,13,11.79,11.79,27.89,0.86522,0.18064,0.46772,zhao_uCT_match,1,517,0.0,11.0,yellow?,Dm8a/Tm5a home,"{""Dm8a"": 1, ""Tm5a"": 1}",,,89484.0,25460.0,34771.0,83295.0,26630.0,39212.0,54.3,8.7,82874,26396,23244
L,30,21,2,12,9,14,15.55,15.55,30.39,0.83103,0.23125,0.50588,zhao_uCT_match,1,541,1.0,11.0,pale?,Dm8b/Tm5b home,"{""Dm8b"": 1, ""Tm5b"": 1}",,,89227.0,24670.0,34339.0,82848.0,26082.0,38851.0,54.7,10.2,82946,25675,23376
L,30,22,3,12,8,15,19.65,19.65,32.75,0.79203,0.28283,0.54101,zhao_uCT_match,1,564,2.0,11.0,pale?,Dm8b/Tm5b home,"{""Dm8b"": 1}",,,88890.0,23844.0,34067.0,82511.0,25468.0,38591.0,54.7,11.7,83181,24892,23671
L,30,23,4,12,7,16,23.56,23.56,35.71,0.74428,0.32458,0.58369,zhao_uCT_match,1,588,3.0,11.0,pale?,Dm8b/Tm5b home,"{""Tm5b"": 1}",,,88467.0,23023.0,33675.0,82088.0,24820.0,38218.0,54.5,12.9,83232,24314,23782
L,30,24,5,12,6,17,27.43,27.43,38.95,0.69027,0.35824,0.62864,zhao_uCT_match,1,610,4.0,11.0,unclear,,{},,,87959.0,22248.0,33202.0,81585.0,24232.0,37833.0,54.0,14.1,83146,23739,23859
L,30,25,6,12,5,18,31.25,31.25,41.96,0.63568,0.38577,0.66865,zhao_uCT_match,1,634,5.0,11.0,unclear,,{},R7_unclear:107606481;R8_unclear:134797345,,87469.0,21504.0,32850.0,81120.0,23609.0,37481.0,53.9,15.0,83212,23189,23781
L,30,26,7,12,4,19,34.95,34.95,44.77,0.58191,0.4067,0.70426,zhao_uCT_match,1,654,6.0,11.0,pale?,Dm8b/Tm5b home,"{""Dm8b"": 1, ""Tm5b"": 1}",R7_unclear:481236;R8_unclear:193488629,,86954.0,21090.0,32426.0,80687.0,23379.0,37141.0,53.0,16.3,83507,22697,24058
L,30,27,8,12,3,20,38.83,38.83,47.45,0.52678,0.42398,0.73671,zhao_uCT_match,1,677,7.0,11.0,yellow,R7,"{""R7y"": 1, ""R8y"": 1, ""Dm8a"": 1}",R8y:1000116295;R7y:235131,,86520.0,20269.0,32260.0,80371.0,22714.0,36974.0,52.5,17.5,83777,22240,24226
L,30,28,9,12,2,21,44.03,44.03,50.24,0.45979,0.44449,0.76878,zhao_uCT_match,1,697,8.0,11.0,pale,R7,"{""R7p"": 1, ""R8p"": 1, ""Dm8b"": 1, ""Tm5b"": 1}",R7p:300284;R8p:395681,,85752.0,19404.0,31979.0,79770.0,22020.0,36694.0,51.8,19.0,84006,21803,24450
L,30,29,10,12,1,22,49.63,49.63,53.16,0.38836,0.45679,0.80033,zhao_uCT_match,1,718,9.0,11.0,yellow,R7,"{""R7y"": 1, ""R8y"": 1, ""Dm8a"": 1, ""Tm5a"": 1}",R8y:235427;R7y:274268,,84893.0,18589.0,31612.0,79044.0,21428.0,36326.0,51.1,20.7,84193,21313,24787
L,30,30,11,12,0,23,55.59,55.59,55.89,0.31694,0.4627,0.82792,zhao_uCT_match,1,737,10.0,11.0,yellow,R7,"{""R7y"": 1, ""R8y"": 1}",R8y:261456;R7y:940785,,84192.0,18043.0,31331.0,78598.0,21122.0,36130.0,49.4,22.7,84448,20838,24665
L,30,31,12,12,-1,24,63.22,63.22,58.59,0.23479,0.46527,0.85346,zhao_uCT_match,1,755,11.0,11.0,pale,R7,"{""R7p"": 1, ""R8p"": 1, ""Dm8b"": 1, ""Tm5a"": 1, ""Tm5b"": 1}",R7p:230099;R8p:310742,,83317.0,17426.0,31006.0,78034.0,20659.0,35804.0,47.8,24.4,,,
L,30,32,13,12,-2,25,71.39,71.39,60.83,0.15554,0.46198,0.87314,zhao_uCT_match,1,775,12.0,11.0,unclear,,{},R7_unclear:279855;R8_unclear:482164,,82280.0,16570.0,30780.0,77509.0,19925.0,35578.0,44.8,26.4,85443,19789,26103
L,30,33,14,12,-3,26,80.9,80.9,63.25,0.07117,0.44445,0.89297,zhao_uCT_match,1,792,13.0,11.0,yellow,R7,"{""R7y"": 1, ""R8y"": 1, ""Tm5a"": 1, ""Tm5b"": 1}",R8y:35426;R7y:25360,,81371.0,15885.0,30555.0,76948.0,19372.0,35305.0,43.0,28.2,85870,19297,26443
L,30,34,15,12,-4,27,93.63,93.63,65.6,-0.02617,0.41233,0.91066,zhao_uCT_match,1,807,14.0,11.0,yellow,R7,"{""R7y"": 1, ""R8y"": 1, ""Dm8a"": 1, ""Dm8b"": 1}",R8y:553513;R7y:240453,,80652.0,15297.0,30487.0,76544.0,18800.0,35164.0,41.3,29.4,86156,18683,27270
L,30,35,16,12,-5,28,107.16,107.16,67.14,-0.11459,0.37113,0.92148,zhao_uCT_match,1,820,15.0,11.0,pale,R7,"{""R7p"": 1, ""R8p"": 1, ""Tm5b"": 1}",R7p:196462;R8p:15479,,79776.0,14813.0,30270.0,75949.0,18317.0,34782.0,40.3,30.6,86513,18212,27886
L,30,36,17,12,-6,29,120.46,120.46,67.81,-0.19142,0.32553,0.92595,zhao_uCT_match,1,831,16.0,11.0,yellow,R7,"{""R7y"": 1, ""R8y"": 1}",R8y:44120;R7y:40531,,78900.0,14378.0,30274.0,75231.0,17873.0,34618.0,40.2,31.6,86569,17632,28599
L,30,37,18,12,-7,30,137.11,137.11,67.68,-0.2782,0.25842,0.92511,zhao_uCT_match,1,837,17.0,11.0,DRA,R7d/R8d,"{""R7d"": 1, ""R8d"": 1, ""Dm-DRA1"": 2, ""Dm-DRA2"": 1, ""MeTu2a"": 2}",R7d:100636;R8d:233868,,77863.0,14105.0,30481.0,74437.0,17554.0,34582.0,39.9,32.8,86880,16943,29422
L,30,38,19,12,-8,31,155.45,155.45,65.72,-0.37401,0.17081,0.91156,zhao_uCT_match,1,840,18.0,11.0,DRA,R7d/R8d,"{""R7d"": 1, ""R8d"": 1}",R7d:50109;R8d:552083,,76846.0,14120.0,30866.0,73596.0,17549.0,34902.0,38.8,33.5,87435,16680,30156
L,30,39,20,12,-9,32,172.25,172.25,62.21,-0.46196,0.06286,0.88467,zhao_uCT_match,1,834,19.0,11.0,unclear,,{},,,76029.0,14733.0,30168.0,72854.0,18152.0,34140.0,38.6,33.9,87724,16593,30924
L,31,16,-3,13,15,10,-6.24,-6.24,18.39,0.94331,-0.10307,0.31552,zhao_uCT_match,1,428,-4.0,12.0,unclear,,{},,,90283.0,28159.0,37220.0,84350.0,28611.0,41350.0,55.2,3.6,,,
L,31,17,-2,13,14,11,-2.2,-2.2,21.19,0.9317,-0.03573,0.36146,zhao_uCT_match,1,452,-3.0,12.0,unclear,,{},,,90192.0,27489.0,36981.0,84259.0,28139.0,41111.0,55.2,5.1,,,
L,31,18,-1,13,13,12,0.12,0.12,23.47,0.91727,0.0019,0.39826,zhao_uCT_match,1,476,-2.0,12.0,unclear,,{},,,89975.0,26577.0,36279.0,83988.0,27390.0,40474.0,55.0,6.3,82353,27428,23235
L,31,19,0,13,12,13,3.44,3.44,26.03,0.8969,0.05398,0.43892,zhao_uCT_match,1,499,-1.0,12.0,pale?,Dm8b/Tm5b home,"{""Dm8b"": 1}",R8_unclear:715040348,,89791.0,25680.0,35932.0,83804.0,26770.0,40127.0,55.0,8.5,82455,26587,23359
L,31,20,1,13,11,14,7.08,7.08,28.63,0.871,0.10819,0.47922,zhao_uCT_match,1,523,0.0,12.0,yellow?,Dm8a/Tm5a home,"{""Dm8a"": 1, ""Tm5a"": 1}",,,89543.0,24871.0,35689.0,83494.0,26163.0,39861.0,55.4,10.0,82745,25786,23760
L,31,21,2,13,10,15,10.31,10.31,31.04,0.84301,0.15336,0.51557,zhao_uCT_match,1,545,1.0,12.0,yellow,R7,"{""R7y"": 1, ""R8y"": 1, ""Dm8a"": 1, ""Tm5a"": 1, ""Tm5b"": 1}",R8y:940981;R7y:119447215,,89251.0,24170.0,35204.0,83166.0,25724.0,39417.0,55.3,11.9,82493,25214,23203
L,31,22,3,13,9,16,14.12,14.12,33.91,0.80487,0.20251,0.55783,zhao_uCT_match,1,569,2.0,12.0,unclear,,{},,,88892.0,23239.0,34865.0,82714.0,24945.0,39083.0,55.7,12.8,82612,24466,23606
L,31,23,4,13,8,17,17.83,17.83,36.85,0.76177,0.24503,0.59972,zhao_uCT_match,1,593,3.0,12.0,unclear,,{},,,88548.0,22590.0,34436.0,82281.0,24538.0,38654.0,56.1,14.5,82543,23855,23677
L,31,24,5,13,7,18,21.47,21.47,40.0,0.71285,0.28036,0.64284,zhao_uCT_match,1,614,4.0,12.0,pale?,Dm8b/Tm5b home,"{""Dm8b"": 1}",,,88112.0,21858.0,33960.0,81845.0,23948.0,38384.0,54.8,15.2,82575,23340,23809
L,31,25,6,13,6,19,25.22,25.22,43.07,0.66088,0.31124,0.68291,zhao_uCT_match,1,636,5.0,12.0,yellow,R7,"{""R7y"": 1, ""R8y"": 1, ""Dm8a"": 1, ""Tm5a"": 1}",R8y:452552;R7y:495862,,87631.0,21080.0,33611.0,81364.0,23231.0,38107.0,54.3,15.6,82659,22772,23790
L,31,26,7,13,5,20,29.21,29.21,46.26,0.60347,0.33742,0.72247,zhao_uCT_match,1,659,6.0,12.0,yellow,R7,"{""R7y"": 1, ""R8y"": 1, ""Dm8a"": 1, ""Tm5a"": 1}",R8y:102376094;R7y:102892315,,87137.0,20478.0,33206.0,80988.0,22916.0,37769.0,53.4,17.7,82955,22266,23828
L,31,27,8,13,4,21,33.42,33.42,49.82,0.53853,0.35536,0.76401,zhao_uCT_match,1,680,7.0,12.0,yellow,R7,"{""R7y"": 1, ""R8y"": 1}",R8y:182631943;R7y:356500,,86596.0,19833.0,32883.0,80594.0,22366.0,37514.0,52.3,18.5,83053,21789,24019
L,31,28,9,13,3,22,38.04,38.04,52.59,0.47847,0.37438,0.79429,zhao_uCT_match,1,701,8.0,12.0,pale,R7,"{""R7p"": 1, ""R8p"": 1, ""Tm5b"": 1}",R7p:242403;R8p:424522,,86055.0,19214.0,32522.0,80206.0,21829.0,37152.0,51.6,19.3,83303,21311,24402
L,31,29,10,13,2,23,43.56,43.56,55.43,0.41115,0.39104,0.82343,zhao_uCT_match,1,720,9.0,12.0,pale,R7,"{""R7p"": 1, ""R8p"": 1}",R7p:931529;R8p:361956,,85204.0,18212.0,32240.0,79411.0,21119.0,36871.0,51.4,21.4,83629,20868,24698
L,31,30,11,13,1,24,49.14,49.14,58.28,0.34394,0.39768,0.85062,zhao_uCT_match,1,742,10.0,12.0,yellow,R7,"{""R7y"": 1, ""R8y"": 1, ""Dm8a"": 1, ""Tm5a"": 1}",R8y:445737;R7y:277131,,84477.0,17616.0,31948.0,78882.0,20695.0,36579.0,50.4,23.0,83881,20374,24705
L,31,31,12,13,0,25,55.7,55.7,61.15,0.27187,0.39856,0.87592,zhao_uCT_match,1,760,11.0,12.0,pale?,Dm8b/Tm5b home,"{""Dm8b"": 1, ""Tm5b"": 1}",R7_unclear:271522;R8_unclear:329976,,83679.0,16935.0,31772.0,78396.0,20245.0,36449.0,48.5,25.1,84212,19827,25298
L,31,32,13,13,-1,26,64.46,64.46,63.87,0.18993,0.3974,0.89777,zhao_uCT_match,1,777,12.0,12.0,unclear,,{},R7_unclear:225746;R8_unclear:247490110,,82726.0,16333.0,31464.0,77955.0,19792.0,36095.0,45.9,27.5,84795,19324,25592
L,31,33,14,13,-2,27,73.84,73.84,66.69,0.1101,0.38006,0.91838,zhao_uCT_match,1,794,13.0,12.0,yellow?,Dm8a/Tm5a home,"{""Dm8a"": 1, ""Tm5a"": 1}",R7_unclear:245910;R8_unclear:226503,,81747.0,15603.0,31255.0,77323.0,19107.0,35818.0,44.1,28.9,85405,18766,26838
L,31,34,15,13,-3,28,86.59,86.59,69.29,0.02104,0.35293,0.93541,zhao_uCT_match,1,810,14.0,12.0,pale?,Dm8b/Tm5b home,"{""Tm5b"": 1}",R7_unclear:142321;R8_unclear:222692,,80878.0,14835.0,31232.0,76755.0,18359.0,35744.0,42.4,30.0,85473,18149,27105
L,31,35,16,13,-4,29,103.27,103.27,71.28,-0.07363,0.31234,0.94711,zhao_uCT_match,1,824,15.0,12.0,unclear,,{},R7_unclear:91636;R8_unclear:38099,,80024.0,14314.0,31063.0,76112.0,17837.0,35362.0,42.3,31.2,85873,17745,27682
L,31,36,17,13,-5,30,120.65,120.65,72.17,-0.15611,0.26344,0.95196,zhao_uCT_match,1,835,16.0,12.0,DRA,R7d/R8d,"{""R7d"": 1, ""R8d"": 1, ""Dm-DRA1"": 1, ""MeTu2a"": 1}",R7d:83146;R8d:177726,,79090.0,13960.0,31052.0,75334.0,17459.0,35153.0,42.5,32.2,86134,16945,28495
L,31,37,18,13,-6,31,138.24,138.24,71.9,-0.23174,0.20689,0.95052,zhao_uCT_match,1,844,17.0,12.0,DRA,R7d/R8d,"{""R7d"": 1, ""R8d"": 1, ""MeTu2a"": 1}",R7d:926391;R8d:22842,,78103.0,13775.0,31176.0,74467.0,17234.0,35147.0,42.5,32.7,86550,16228,29462
L,31,38,19,13,-7,32,158.5,158.5,69.76,-0.32195,0.12683,0.93822,zhao_uCT_match,1,845,18.0,12.0,unclear,,{},,,76916.0,13898.0,31610.0,73464.0,17332.0,35576.0,41.0,33.1,86967,16146,30359
L,32,18,-1,14,14,13,-5.76,-5.76,24.48,0.90553,-0.09131,0.41434,zhao_uCT_match,1,482,-2.0,13.0,unclear,,{},,,89959.0,26108.0,37060.0,84061.0,27028.0,41158.0,55.2,7.3,,,
L,32,19,0,14,13,14,-3.07,-3.07,25.28,0.90291,-0.04838,0.4271,zhao_uCT_match,1,502,-1.0,13.0,unclear,,{},,,89791.0,25453.0,36855.0,83882.0,26624.0,40915.0,55.5,9.3,,,
L,32,20,1,14,12,15,1.11,1.11,28.96,0.8748,0.01689,0.4842,zhao_uCT_match,1,528,0.0,13.0,unclear,,"{""Dm-DRA1"": 1, ""MeTu2a"": 2}",,,89591.0,24639.0,36473.0,83678.0,26023.0,40533.0,55.5,10.9,81209,25840,21603
L,32,21,2,14,11,16,4.81,4.81,31.75,0.84739,0.07125,0.52616,zhao_uCT_match,1,549,1.0,13.0,unclear,,{},,,89246.0,23708.0,36078.0,83333.0,25306.0,40138.0,55.5,12.6,81012,25359,21753
L,32,22,3,14,10,17,8.31,8.31,34.68,0.81369,0.1188,0.56903,zhao_uCT_match,1,574,2.0,13.0,yellow?,Dm8a/Tm5a home,"{""Dm8a"": 1, ""Tm5a"": 1}",R8_unclear:361541,,88895.0,22864.0,35662.0,82978.0,24632.0,39722.0,55.5,13.8,81451,24602,21907
L,32,23,4,14,9,18,11.97,11.97,37.88,0.7721,0.16375,0.61405,zhao_uCT_match,1,596,3.0,13.0,yellow?,Dm8a/Tm5a home,"{""Dm8a"": 1, ""Tm5a"": 1}",,,88493.0,22101.0,35299.0,82528.0,24058.0,39353.0,55.8,15.2,81420,23970,22046
L,32,24,5,14,8,19,15.57,15.57,41.25,0.72428,0.20182,0.65931,zhao_uCT_match,1,619,4.0,13.0,pale?,Dm8b/Tm5b home,"{""Dm8b"": 1}",,,88177.0,21425.0,34803.0,82164.0,23516.0,38899.0,55.7,16.0,81867,23062,23005
L,32,25,6,14,7,20,19.1,19.1,44.29,0.67641,0.23423,0.69829,zhao_uCT_match,1,640,5.0,13.0,yellow?,Dm8a/Tm5a home,"{""Dm8a"": 1, ""Tm5a"": 1}",,,87727.0,20652.0,34445.0,81725.0,22812.0,38650.0,55.0,16.4,81666,22598,22337
L,32,26,7,14,6,21,22.88,22.88,47.51,0.62229,0.26267,0.7374,zhao_uCT_match,1,662,6.0,13.0,unclear,,"{""Dm8a"": 1, ""Tm5b"": 1}",,,87305.0,20024.0,33969.0,81303.0,22461.0,38206.0,54.8,18.4,82078,21932,22719
L,32,27,8,14,5,22,26.83,26.83,51.12,0.56009,0.28335,0.77847,zhao_uCT_match,1,682,7.0,13.0,yellow,R7,"{""R7y"": 1, ""R8y"": 1}",R8y:334114;R7y:197507,,86728.0,19345.0,33582.0,80879.0,21878.0,37819.0,54.1,19.3,82195,21278,23058
L,32,28,9,14,4,23,31.48,31.48,54.59,0.49419,0.30257,0.815,zhao_uCT_match,1,703,8.0,13.0,pale,R7,"{""R7p"": 1, ""R8p"": 1}",R7p:203200;R8p:447195,,86032.0,18661.0,33089.0,80239.0,21298.0,37623.0,52.0,19.7,82821,20783,24049
L,32,29,10,14,3,24,36.89,36.89,57.73,0.42708,0.32053,0.8455,zhao_uCT_match,1,724,9.0,13.0,yellow,R7,"{""R7y"": 1, ""R8y"": 1, ""Dm8a"": 1, ""Tm5a"": 1}",R8y:216296;R7y:350367,,85501.0,18066.0,32860.0,79828.0,20973.0,37423.0,51.2,21.8,83147,20326,24299
L,32,30,11,14,2,25,42.77,42.77,60.41,0.36249,0.3353,0.86958,zhao_uCT_match,1,745,10.0,13.0,yellow,R7,"{""R7y"": 1, ""R8y"": 1, ""Tm5a"": 1}",R8y:427383;R7y:332711,,84754.0,17288.0,32637.0,79300.0,20367.0,37200.0,50.1,23.4,83306,19806,24394
L,32,31,12,14,1,26,47.97,47.97,63.13,0.30257,0.33569,0.89205,zhao_uCT_match,1,763,11.0,13.0,pale?,Dm8b/Tm5b home,"{""Tm5b"": 1}",R7_unclear:475707;R8_unclear:102407322,,84015.0,16613.0,32444.0,78829.0,19923.0,37007.0,48.7,25.6,83549,19229,24958
L,32,32,13,14,0,27,54.73,54.73,66.14,0.23354,0.33026,0.91454,zhao_uCT_match,1,782,12.0,13.0,yellow,R7,"{""R7y"": 1, ""R8y"": 1, ""Dm8a"": 1}",R8y:298413;R7y:264894,,82832.0,15811.0,32140.0,77928.0,19226.0,36652.0,47.4,27.1,84021,18961,25278
L,32,33,14,14,-1,28,65.12,65.12,69.65,0.14631,0.31552,0.93757,zhao_uCT_match,1,798,13.0,13.0,yellow?,Dm8a/Tm5a home,"{""Dm8a"": 1}",R7_unclear:552475;R8_unclear:271892,,81919.0,15203.0,31863.0,77430.0,18666.0,36162.0,46.2,29.1,84182,18377,26025
L,32,34,15,14,-2,29,78.03,78.03,72.69,0.06172,0.2911,0.9547,zhao_uCT_match,1,813,14.0,13.0,pale?,Dm8b/Tm5b home,"{""Dm8b"": 1, ""Tm5b"": 1}",R7_unclear:153129;R8_unclear:98249,,81084.0,14512.0,31800.0,76893.0,18016.0,35945.0,45.3,30.7,84661,17637,26746
L,32,35,16,14,-3,30,96.33,96.33,75.13,-0.02829,0.25499,0.96653,zhao_uCT_match,1,826,15.0,13.0,yellow,R7,"{""R7y"": 1, ""R8y"": 1, ""Dm8a"": 1, ""Tm5a"": 1, ""MeTu2a"": 1}",R8y:262418;R7y:233096,,80252.0,14027.0,31787.0,76339.0,17521.0,35758.0,44.6,32.1,85228,17216,27546
L,32,36,17,14,-4,31,119.98,119.98,76.58,-0.11602,0.20107,0.97268,zhao_uCT_match,1,838,16.0,13.0,DRA,R7d/R8d,"{""R7d"": 1, ""R8d"": 1, ""Dm-DRA2"": 1, ""MeTu2a"": 2}",R7d:160620;R8d:186017,,79372.0,13730.0,31769.0,75552.0,17189.0,35716.0,44.1,32.2,85648,16649,28627
L,32,37,18,14,-5,32,143.75,143.75,75.98,-0.19532,0.14322,0.97023,zhao_uCT_match,1,846,17.0,13.0,DRA,R7d/R8d,"{""R7d"": 1, ""R8d"": 1}",R7d:239664;R8d:242227,,78383.0,13533.0,31911.0,74692.0,16982.0,35722.0,44.1,33.0,85781,16034,29051
L,32,38,19,14,-6,33,161.62,161.62,74.53,-0.25318,0.08414,0.96375,zhao_uCT_match,1,848,18.0,13.0,unclear,,{},,,77689.0,13483.0,32354.0,74036.0,16917.0,36118.0,44.1,33.2,86282,15866,30067
L,33,19,0,15,14,15,-7.75,-7.75,26.46,0.88711,-0.12069,0.44551,extrapolated_local_linear,20,-1,,,unclear,,{},,,89427.0,24447.0,36950.0,83613.0,25658.0,40964.0,55.4,9.7,81021,26171,21685
L,33,20,1,15,13,16,-5.44,-5.44,28.06,0.87851,-0.08374,0.47033,zhao_uCT_match,1,527,0.0,14.0,unclear,,{},,,89372.0,24279.0,37327.0,83569.0,25715.0,41312.0,55.5,11.5,80913,25515,21837
L,33,21,2,15,12,17,-1.19,-1.19,32.31,0.84496,-0.01752,0.53454,zhao_uCT_match,1,554,1.0,14.0,unclear,,"{""Dm-DRA2"": 1}",,,89064.0,23441.0,37046.0,83237.0,25062.0,41028.0,55.7,12.9,80861,24854,22131
L,33,22,3,15,11,18,2.29,2.29,35.43,0.81413,0.03257,0.57977,zhao_uCT_match,1,577,2.0,14.0,unclear,,{},,,88844.0,22464.0,36507.0,82968.0,24261.0,40437.0,56.2,14.3,81039,24293,22343
L,33,23,4,15,10,19,5.86,5.86,38.48,0.77871,0.07991,0.62227,zhao_uCT_match,1,600,3.0,14.0,unclear,,"{""Dm-DRA1"": 2, ""MeTu2a"": 2}",,,88474.0,21724.0,36191.0,82647.0,23696.0,40003.0,56.8,15.8,80960,23662,22528
L,33,24,5,15,9,20,9.38,9.38,41.94,0.73385,0.12118,0.66842,zhao_uCT_match,1,622,4.0,14.0,pale?,Dm8b/Tm5b home,"{""Tm5b"": 1, ""MeTu2a"": 1}",,,88171.0,21059.0,35687.0,82359.0,23164.0,39499.0,56.7,16.8,81115,23022,22574
L,33,25,6,15,8,21,13.02,13.02,45.29,0.68545,0.1585,0.71066,zhao_uCT_match,1,644,5.0,14.0,yellow?,Dm8a/Tm5a home,"{""Tm5a"": 1}",,,87667.0,20214.0,35375.0,81861.0,22503.0,39268.0,56.2,18.1,81135,22355,22710
L,33,26,7,15,7,22,16.27,16.27,48.77,0.63264,0.1846,0.75213,zhao_uCT_match,1,665,6.0,14.0,yellow?,Dm8a/Tm5a home,"{""Dm8a"": 1}",R7_unclear:355669;R8_unclear:151170,,87163.0,19520.0,34773.0,81364.0,21952.0,38703.0,55.9,19.1,81361,21714,22642
L,33,27,8,15,6,23,20.28,20.28,52.44,0.57181,0.21132,0.7927,zhao_uCT_match,1,686,7.0,14.0,yellow,R7,"{""R7y"": 1, ""R8y"": 1, ""Tm5a"": 1}",R8y:153617321;R7y:444911,,86716.0,18939.0,34180.0,80933.0,21437.0,38168.0,55.4,19.6,81492,21011,22856
L,33,28,9,15,5,24,24.19,24.19,55.8,0.51269,0.23035,0.8271,zhao_uCT_match,1,706,8.0,14.0,yellow,R7,"{""R7y"": 1, ""R8y"": 1, ""Dm8a"": 1, ""Tm5a"": 1}",R8y:147687811;R7y:315938,,86181.0,18358.0,33884.0,80508.0,20973.0,38115.0,53.3,20.3,81889,20531,22974
L,33,29,10,15,4,25,29.1,29.1,59.32,0.44585,0.24821,0.86,zhao_uCT_match,1,729,9.0,14.0,pale,R7,"{""R7p"": 1, ""R8p"": 1, ""Dm8b"": 1, ""Tm5b"": 1}",R7p:479913;R8p:102441204,,85440.0,17531.0,33633.0,79855.0,20362.0,37870.0,52.8,22.0,82516,19930,24106
L,33,30,11,15,3,26,34.79,34.79,62.56,0.37845,0.26295,0.88749,zhao_uCT_match,1,747,10.0,14.0,yellow,R7,"{""R7y"": 1, ""R8y"": 1, ""Dm8a"": 1}",R8y:102544354;R7y:387106,,84762.0,16841.0,33440.0,79411.0,19904.0,37677.0,51.6,24.2,82703,19351,24563
L,33,31,12,15,2,27,40.19,40.19,65.32,0.31903,0.26949,0.90862,zhao_uCT_match,1,767,11.0,14.0,pale,R7,"{""R7p"": 1, ""R8p"": 1, ""Tm5a"": 1}",R7p:303930;R8p:308277,,84137.0,16364.0,33071.0,79018.0,19605.0,37308.0,50.4,26.0,82776,18790,24787
L,33,32,13,15,1,28,45.32,45.32,68.2,0.26108,0.26401,0.92851,zhao_uCT_match,1,783,12.0,14.0,yellow,R7,"{""R7y"": 1, ""R8y"": 1, ""Tm5a"": 1}",R8y:349344;R7y:485322,,83250.0,15612.0,32816.0,78353.0,18922.0,37049.0,49.2,27.1,83174,18441,25096
L,33,33,14,15,0,29,53.45,53.45,72.0,0.18406,0.24828,0.95104,zhao_uCT_match,1,801,13.0,14.0,pale,R7,"{""R7p"": 1, ""R8p"": 1, ""Tm5b"": 1}",R7p:352776;R8p:285891,,82211.0,14823.0,32645.0,77476.0,18238.0,36633.0,49.9,28.9,83483,17904,25754
L,33,34,15,15,-1,30,67.0,67.0,76.2,0.09319,0.2195,0.97115,zhao_uCT_match,1,816,14.0,14.0,yellow,R7,"{""R7y"": 1, ""R8y"": 1, ""Tm5a"": 1, ""Dm-DRA1"": 1}",R8y:447720;R7y:263069,,81280.0,14266.0,32610.0,76950.0,17725.0,36557.0,47.6,30.6,83711,17273,26349
L,33,35,16,15,-2,31,88.09,88.09,79.54,0.00604,0.18139,0.98339,zhao_uCT_match,1,828,15.0,14.0,DRA,R7d/R8d,"{""R7d"": 1, ""R8d"": 1, ""Dm-DRA1"": 1, ""MeTu2a"": 1}",R7d:233277;R8d:259576,,80437.0,13892.0,32475.0,76387.0,17346.0,36279.0,46.8,31.9,84091,16636,27029
L,33,36,17,15,-3,32,121.6,121.6,81.27,-0.07956,0.12935,0.9884,zhao_uCT_match,1,841,16.0,14.0,DRA,R7d/R8d,"{""R7d"": 1, ""R8d"": 1}",R7d:204478;R8d:16681,,79590.0,13534.0,32463.0,75683.0,16973.0,36181.0,46.4,32.5,84634,16227,28011
L,33,37,18,15,-4,33,154.14,154.14,80.12,-0.15444,0.07485,0.98516,zhao_uCT_match,1,849,17.0,14.0,DRA,R7d/R8d,"{""R7d"": 1}",R7d:198216;R8_unclear:273995,,78964.0,13361.0,32846.0,75144.0,16795.0,36564.0,45.8,32.8,85088,15749,28890
L,34,22,3,16,12,19,-4.36,-4.36,36.84,0.79801,-0.06078,0.59957,zhao_uCT_match,1,579,2.0,15.0,unclear,,{},,,88554.0,22239.0,37219.0,82802.0,24037.0,40995.0,56.7,14.6,80785,24034,22692
L,34,23,4,16,11,20,-1.09,-1.09,38.46,0.78295,-0.01488,0.62191,zhao_uCT_match,1,602,3.0,15.0,unclear,,{},,,88401.0,21495.0,36996.0,82649.0,23471.0,40735.0,57.0,16.1,80566,23505,22595
L,34,24,5,16,10,21,2.42,2.42,42.17,0.74053,0.03128,0.67129,zhao_uCT_match,1,625,4.0,15.0,unclear,,{},,,88038.0,20698.0,36745.0,82255.0,22826.0,40484.0,57.1,17.2,80704,22838,22831
L,34,25,6,16,9,22,5.73,5.73,45.75,0.69429,0.06973,0.71631,zhao_uCT_match,1,647,5.0,15.0,unclear,,{},,,87576.0,19800.0,36228.0,81848.0,22090.0,40009.0,56.6,18.5,80698,22042,22829
L,34,26,7,16,8,23,8.93,8.93,49.23,0.64514,0.10132,0.75732,zhao_uCT_match,1,668,6.0,15.0,unclear,,"{""Dm-DRA1"": 1, ""Dm-DRA2"": 1, ""MeTu2a"": 1}",R8_unclear:27224,,87167.0,19249.0,35672.0,81494.0,21683.0,39530.0,55.8,19.5,80756,21400,22883
L,34,27,8,16,7,24,12.47,12.47,53.53,0.58043,0.12833,0.80413,zhao_uCT_match,1,691,7.0,15.0,yellow?,Dm8a/Tm5a home,"{""Tm5a"": 1}",R8_unclear:397076641,,86672.0,18673.0,35134.0,81024.0,21206.0,39017.0,55.5,20.3,81012,20807,23030
L,34,28,9,16,6,25,16.63,16.63,57.33,0.51716,0.15446,0.84184,zhao_uCT_match,1,711,8.0,15.0,pale?,Dm8b/Tm5b home,"{""Dm8b"": 1, ""Tm5b"": 1}",,,86067.0,17930.0,34773.0,80482.0,20577.0,38686.0,55.0,21.2,81340,20192,23236
L,34,29,10,16,5,26,20.53,20.53,60.48,0.4614,0.17279,0.8702,zhao_uCT_match,1,731,9.0,15.0,yellow,R7,"{""R7y"": 1, ""R8y"": 1, ""Tm5a"": 1}",R8y:500764638;R7y:79698,,85519.0,17369.0,34359.0,80067.0,20195.0,38328.0,53.9,22.7,81539,19629,23566
L,34,30,11,16,4,27,24.56,24.56,63.82,0.40122,0.18335,0.89744,zhao_uCT_match,1,751,10.0,15.0,yellow,R7,"{""R7y"": 1, ""R8y"": 1}",R8y:241537;R7y:163471,,84698.0,16533.0,34198.0,79497.0,19581.0,38186.0,52.5,24.9,81661,19063,23644
L,34,31,12,16,3,28,29.36,29.36,66.98,0.34077,0.19172,0.92039,zhao_uCT_match,1,768,11.0,15.0,yellow,R7,"{""R7y"": 1, ""R8y"": 1, ""Dm8a"": 1, ""Tm5a"": 1}",R8y:125711602;R7y:340144,,84022.0,15938.0,33845.0,78927.0,19125.0,37825.0,52.0,26.2,81982,18386,24282
L,34,32,13,16,2,29,34.3,34.3,70.4,0.27713,0.18906,0.94205,zhao_uCT_match,1,785,12.0,15.0,pale,R7,"{""R7p"": 1, ""R8p"": 1, ""Dm8b"": 1, ""Tm5b"": 1}",R7p:472748;R8p:223989,,83325.0,15351.0,33561.0,78553.0,18639.0,37502.0,50.4,28.0,82261,17855,24923
L,34,33,14,16,1,30,40.33,40.33,74.52,0.20344,0.17272,0.96373,zhao_uCT_match,1,805,13.0,15.0,DRA,R7d/R8d,"{""R7d"": 1, ""R8d"": 1, ""MeTu2a"": 1}",R7d:249597;R8d:243260,,82434.0,14727.0,33523.0,78030.0,18057.0,37458.0,48.2,29.4,82587,17276,25556
L,34,34,15,16,0,31,49.89,49.89,79.53,0.11704,0.13893,0.98336,zhao_uCT_match,1,819,14.0,15.0,DRA,R7d/R8d,"{""R7d"": 1, ""R8d"": 1}",R7d:157975;R8d:122322,,81600.0,14263.0,33407.0,77273.0,17677.0,37204.0,48.7,30.7,83031,16763,26407
L,34,35,16,16,-1,32,72.67,72.67,84.0,0.03114,0.09977,0.99452,zhao_uCT_match,1,830,15.0,15.0,DRA,R7d/R8d,"{""R7d"": 1, ""R8d"": 1, ""Dm-DRA1"": 1, ""Dm-DRA2"": 2, ""MeTu2a"": 2}",R7d:241789;R8d:224065,,80836.0,13859.0,33301.0,76713.0,17275.0,36989.0,48.2,31.7,83441,16234,27169
L,34,36,17,16,-2,33,139.96,139.96,85.84,-0.05552,0.04666,0.99737,zhao_uCT_match,1,839,16.0,15.0,DRA,R7d/R8d,"{""R7d"": 1, ""R8d"": 1}",R7d:202873;R8d:273453,,79931.0,13502.0,33347.0,75950.0,16931.0,37035.0,47.2,32.3,83977,15848,27901
L,34,37,18,16,-3,34,-173.48,-173.48,82.3,-0.13317,-0.01521,0.99098,zhao_uCT_match,1,847,17.0,15.0,unclear,,{},,,79373.0,13409.0,33908.0,75510.0,16838.0,37543.0,46.7,32.9,84201,15416,28376
L,35,24,5,17,11,22,-5.23,-5.23,42.18,0.73792,-0.06754,0.6715,zhao_uCT_match,1,623,4.0,16.0,unclear,,{},,,87580.0,20314.0,37215.0,81932.0,22465.0,40928.0,56.7,17.7,80587,22474,23103
L,35,25,6,17,10,23,-2.78,-2.78,46.05,0.69323,-0.03366,0.71993,zhao_uCT_match,1,646,5.0,16.0,unclear,,{},,,87360.0,19525.0,36843.0,81711.0,21815.0,40556.0,56.7,18.7,80350,22118,22954
L,35,26,7,17,9,24,0.76,0.76,49.59,0.64824,0.00856,0.76138,zhao_uCT_match,1,670,6.0,16.0,unclear,,{},,,86881.0,18913.0,36640.0,81258.0,21346.0,40452.0,55.9,19.7,80489,21197,23209
L,35,27,8,17,8,25,3.3,3.3,53.33,0.59616,0.03435,0.80213,zhao_uCT_match,1,692,7.0,16.0,DRA,R7d/R8d,"{""R7d"": 1, ""R8d"": 1}",R7d:300145;R8d:570921,,86665.0,18542.0,35944.0,81080.0,21058.0,39802.0,55.4,20.3,80641,20667,23507
L,35,28,9,17,7,26,7.06,7.06,57.81,0.52873,0.06549,0.84626,zhao_uCT_match,1,712,8.0,16.0,DRA,R7d/R8d,"{""R7d"": 1, ""R8d"": 1}",R7d:262475;R8d:303054,,86069.0,17751.0,35609.0,80552.0,20409.0,39492.0,54.9,21.5,80894,20100,23635
L,35,29,10,17,6,27,10.56,10.56,61.74,0.4655,0.08674,0.88079,zhao_uCT_match,1,732,9.0,16.0,DRA,R7d/R8d,"{""R7d"": 1, ""Dm-DRA1"": 1, ""Dm-DRA2"": 1}",R7d:355929;R8_unclear:383712,,85440.0,17067.0,35254.0,80103.0,19888.0,39138.0,54.0,23.1,81042,19399,23885
L,35,30,11,17,5,28,13.22,13.22,65.12,0.40962,0.0962,0.90717,zhao_uCT_match,1,752,10.0,16.0,DRA,R7d/R8d,"{""R7d"": 1, ""R8d"": 1, ""MeTu2a"": 1}",R7d:382341;R8d:434494,,84796.0,16368.0,34813.0,79611.0,19400.0,38709.0,53.1,25.1,81283,18741,24235
L,35,31,12,17,4,29,16.99,16.99,68.7,0.34748,0.10615,0.93166,zhao_uCT_match,1,769,11.0,16.0,DRA,R7d/R8d,"{""R7d"": 1, ""R8d"": 1, ""Dm-DRA1"": 1, ""Dm-DRA2"": 1}",R7d:246047;R8d:294532,,84025.0,15741.0,34667.0,79121.0,18927.0,38601.0,51.3,26.9,81308,18210,24553
L,35,32,13,17,3,30,20.81,20.81,72.2,0.28574,0.10859,0.95213,zhao_uCT_match,1,787,12.0,16.0,DRA,R7d/R8d,"{""R7d"": 1, ""R8d"": 1, ""Dm-DRA1"": 1}",R7d:902881;R8d:344037,,83313.0,15203.0,34475.0,78555.0,18444.0,38371.0,50.7,27.8,81480,17674,24803
L,35,33,14,17,2,31,22.7,22.7,76.55,0.21463,0.08978,0.97256,zhao_uCT_match,1,804,13.0,16.0,DRA,R7d/R8d,"{""R7d"": 1, ""R8d"": 1, ""Dm-DRA1"": 2, ""Dm-DRA2"": 1, ""MeTu2a"": 2}",R7d:251563;R8d:264939,,82474.0,14589.0,34329.0,78089.0,17899.0,38127.0,49.1,29.7,81831,17145,25424
L,35,34,15,17,1,32,23.58,23.58,81.67,0.13284,0.05799,0.98944,zhao_uCT_match,1,817,14.0,16.0,DRA,R7d/R8d,"{""R7d"": 1, ""R8d"": 1}",R7d:227465;R8d:209436,,81543.0,14074.0,34353.0,77273.0,17446.0,38027.0,49.3,30.9,82087,16771,26085
L,35,35,16,17,0,33,19.9,19.9,86.64,0.05517,0.01997,0.99828,zhao_uCT_match,1,827,15.0,16.0,unclear,,{},,,81004.0,13840.0,34172.0,76861.0,17254.0,37755.0,49.1,31.9,82714,16070,27013
L,35,36,17,17,-1,34,-142.72,-142.72,86.44,-0.0494,-0.03761,0.99807,zhao_uCT_match,1,836,16.0,16.0,DRA,R7d/R8d,"{""R7d"": 1, ""R8d"": 1}",R7d:230819;R8d:48360,,80430.0,13549.0,33957.0,76444.0,16965.0,37531.0,48.1,32.5,83369,15740,27754
L,36,27,8,18,9,26,-6.58,-6.58,52.96,0.59846,-0.06901,0.79818,zhao_uCT_match,1,690,7.0,17.0,unclear,,{},,,86125.0,17851.0,36464.0,80575.0,20349.0,40322.0,55.2,20.3,80486,20269,23706
L,36,28,9,18,8,27,-2.73,-2.73,57.0,0.54398,-0.02595,0.8387,zhao_uCT_match,1,708,8.0,17.0,DRA,R7d/R8d,"{""R7d"": 1}",R7d:280250;R8_unclear:369560,,85658.0,17268.0,36188.0,80257.0,19916.0,40045.0,54.5,21.8,80652,19620,24020
L,36,29,10,18,7,28,-0.4,-0.4,61.36,0.47935,-0.00335,0.87762,zhao_uCT_match,1,730,9.0,17.0,DRA,R7d/R8d,"{""R7d"": 1}",R7d:297034;R8_unclear:20428,,84899.0,16585.0,35816.0,79626.0,19377.0,39674.0,53.8,23.1,80763,19066,24424
L,36,30,11,18,6,29,1.15,1.15,65.53,0.41419,0.00831,0.91015,zhao_uCT_match,1,749,10.0,17.0,unclear,,{},,,84409.0,16087.0,35560.0,79256.0,19080.0,39431.0,53.1,24.9,80961,18548,24774
L,36,31,12,18,5,30,3.31,3.31,69.39,0.35134,0.0203,0.93603,zhao_uCT_match,1,766,11.0,17.0,DRA,R7d/R8d,"{""R7d"": 1, ""R8d"": 1}",R7d:236375;R8d:574779,,83842.0,15588.0,35402.0,79041.0,18731.0,39069.0,52.6,27.5,,,
L,36,32,13,18,4,31,5.52,5.52,73.14,0.28869,0.02788,0.95702,zhao_uCT_match,1,784,12.0,17.0,unclear,,{},,,83276.0,15089.0,35243.0,78530.0,18330.0,39040.0,51.3,28.1,81156,17952,25117
L,36,33,14,18,3,32,3.58,3.58,77.48,0.2163,0.01355,0.97623,zhao_uCT_match,1,800,13.0,17.0,unclear,,{},,,82373.0,14494.0,35046.0,78007.0,17761.0,38734.0,49.8,29.8,81566,17365,25765
L,36,34,15,18,2,33,-16.95,-16.95,81.45,0.14226,-0.04336,0.98888,zhao_uCT_match,1,814,14.0,17.0,unclear,,{},,,81768.0,14216.0,35017.0,77440.0,17526.0,38614.0,50.3,30.5,82279,16407,26579
R,1,7,-12,-17,-6,-29,-103.01,103.01,-75.15,-0.05771,-0.24978,-0.96658,extrapolated_local_linear,13,-1,,,unclear,,{},,unclear,25358.0,49154.0,30777.0,28999.0,44501.0,33534.0,-52.9,-45.5,,,
R,1,8,-11,-17,-7,-28,-110.7,110.7,-71.09,-0.11458,-0.30318,-0.94602,extrapolated_local_linear,13,-1,,,unclear,,{},,unclear,25965.0,48173.0,30151.0,29223.0,43972.0,32905.0,-49.8,-44.6,,,
R,1,10,-9,-17,-9,-26,-121.41,121.41,-63.91,-0.22916,-0.37529,-0.89813,extrapolated_local_linear,13,-1,,,unclear,,{},,unclear,26213.0,47494.0,29179.0,28952.0,43469.0,32138.0,-42.8,-44.9,,,
R,2,5,-14,-16,-3,-30,-63.31,63.31,-80.11,0.07719,-0.15352,-0.98513,extrapolated_local_linear,15,-1,,,unclear,,{},,unclear,24616.0,50305.0,32872.0,28614.0,45667.0,35063.0,-61.3,-45.5,,,
R,2,6,-13,-16,-4,-29,-80.04,80.04,-76.78,0.03956,-0.2252,-0.97351,extrapolated_local_linear,18,-1,,,unclear,,{},,unclear,25072.0,49609.0,32182.0,28716.0,45358.0,34404.0,-58.6,-44.9,12773,52391,30027
R,2,7,-12,-16,-5,-28,-86.8,86.8,-72.69,0.0166,-0.297,-0.95473,zhao_uCT_match,1,50,-13.0,-17.0,unclear,,{},R7_unclear:201559;R8_unclear:240014,unclear,24853.0,49474.0,31053.0,28839.0,44579.0,34169.0,-52.0,-44.1,12680,51621,29796
R,2,8,-11,-16,-6,-27,-98.64,98.64,-68.67,-0.05467,-0.35959,-0.93151,zhao_uCT_match,1,66,-12.0,-17.0,yellow,R7,"{""R7y"": 1, ""R8y"": 1, ""Dm8a"": 1, ""Tm5a"": 1}",R8y:210104;R7y:221309,yellow,24905.0,48984.0,30184.0,29071.0,43838.0,33812.0,-48.9,-43.0,,,
R,2,9,-10,-16,-7,-26,-105.31,105.31,-65.33,-0.1102,-0.40259,-0.90872,zhao_uCT_match,1,82,-11.0,-17.0,unclear,,{},R7_unclear:184248;R8_unclear:196888,yellow,25061.0,48491.0,29444.0,28888.0,43515.0,33153.0,-45.9,-43.0,11974,50931,29753
R,2,10,-9,-16,-8,-25,-109.74,109.74,-61.77,-0.15979,-0.44518,-0.88107,zhao_uCT_match,1,100,-10.0,-17.0,unclear,,{},R7_unclear:192087;R8_unclear:158332,unclear,25551.0,47636.0,28836.0,28961.0,43474.0,32815.0,-40.6,-38.5,11262,50913,29962
R,2,11,-8,-16,-9,-24,-118.73,118.73,-58.9,-0.24825,-0.45291,-0.85629,extrapolated_local_linear,20,-1,,,unclear,,{},,unclear,25845.0,46671.0,28196.0,28803.0,43083.0,32313.0,-35.7,-35.3,10572,50710,29888
R,2,12,-7,-16,-10,-23,-124.66,124.66,-55.52,-0.32198,-0.4657,-0.82429,extrapolated_local_linear,18,-1,,,unclear,,{},,unclear,26110.0,45811.0,27703.0,28803.0,42640.0,31866.0,-32.9,-32.6,10406,49881,30065
R,2,13,-6,-16,-11,-22,-129.45,129.45,-51.69,-0.39394,-0.47872,-0.78463,extrapolated_local_linear,16,-1,,,unclear,,{},,unclear,25846.0,45473.0,27347.0,28657.0,42229.0,31378.0,-34.9,-33.4,10153,49437,30079
R,3,4,-15,-15,-1,-30,-34.32,34.32,-77.64,0.17686,-0.12072,-0.9768,extrapolated_local_linear,17,-1,,,unclear,,{},,unclear,24241.0,50709.0,33757.0,28069.0,46274.0,35837.0,-61.5,-45.5,,,
R,3,5,-14,-15,-2,-29,-50.02,50.02,-75.79,0.15775,-0.18816,-0.96939,zhao_uCT_match,1,22,-15.0,-16.0,unclear,,{},R7_unclear:223755;R8_unclear:216318,unclear,24214.0,50464.0,32668.0,28326.0,45732.0,35496.0,-55.5,-43.5,13426,52779,29461
R,3,6,-13,-15,-3,-28,-71.95,71.95,-73.99,0.08548,-0.26226,-0.96121,zhao_uCT_match,1,33,-14.0,-16.0,yellow,R7,"{""R7y"": 1, ""R8y"": 1, ""Dm8a"": 1, ""Tm5a"": 1}",R8y:273283;R7y:212852,yellow,24164.0,50169.0,31888.0,28705.0,44827.0,35194.0,-53.9,-43.6,12922,52504,29390
R,3,7,-12,-15,-4,-27,-79.03,79.03,-69.86,0.06552,-0.33802,-0.93885,zhao_uCT_match,1,45,-13.0,-16.0,unclear,,{},R7_unclear:220913;R8_unclear:205226,yellow,24008.0,49738.0,30946.0,28587.0,44117.0,34838.0,-49.6,-43.1,12723,52079,29365
R,3,8,-11,-15,-5,-26,-89.41,89.41,-66.09,0.00415,-0.40531,-0.91417,zhao_uCT_match,1,62,-12.0,-16.0,pale,R7,"{""R7p"": 1, ""R8p"": 1}",R7p:190045;R8p:205845,unclear,24063.0,49358.0,30176.0,28482.0,43740.0,34387.0,-46.4,-42.6,12717,51461,29240
R,3,9,-10,-15,-6,-25,-97.49,97.49,-62.49,-0.06021,-0.45802,-0.8869,zhao_uCT_match,1,77,-11.0,-16.0,pale,R7,"{""R7p"": 1, ""R8p"": 1}",R7p:184669;R8p:196810,unclear,24308.0,48647.0,29479.0,28460.0,43518.0,34054.0,-42.2,-39.7,12154,51042,29217
R,3,10,-9,-15,-7,-24,-103.49,103.49,-59.11,-0.11974,-0.49916,-0.8582,zhao_uCT_match,1,94,-10.0,-16.0,unclear,,{},R7_unclear:210272;R8_unclear:182002,unclear,24411.0,48071.0,28962.0,28336.0,43271.0,33597.0,-40.3,-38.3,10640,50921,28517
R,3,11,-8,-15,-8,-23,-109.5,109.5,-56.38,-0.18481,-0.52197,-0.8327,zhao_uCT_match,1,113,-9.0,-16.0,pale,R7,"{""R7p"": 1, ""R8p"": 1, ""Dm8a"": 1}",R7p:184324;R8p:195042,unclear,24621.0,47271.0,28291.0,28356.0,42901.0,33040.0,-38.2,-35.9,10538,50625,29136
R,3,12,-7,-15,-9,-22,-114.55,114.55,-55.07,-0.23788,-0.52078,-0.81988,zhao_uCT_match,1,128,-8.0,-16.0,yellow,R7,"{""R7y"": 1, ""R8y"": 1}",R8y:204303;R7y:194683,yellow,24769.0,46463.0,27721.0,28247.0,42439.0,32655.0,-35.2,-33.7,10361,50254,29724
R,3,13,-6,-15,-10,-21,-120.54,120.54,-50.24,-0.32496,-0.55083,-0.76876,zhao_uCT_match,1,147,-7.0,-16.0,unclear,,{},R7_unclear:200003;R8_unclear:119304,pale,24514.0,45999.0,27221.0,28217.0,42160.0,32090.0,-37.3,-32.1,10485,49592,29784
R,3,14,-5,-15,-11,-20,-124.02,124.02,-46.24,-0.38691,-0.57323,-0.72229,zhao_uCT_match,1,169,-6.0,-16.0,unclear,,{},,unclear,25033.0,45082.0,26935.0,28324.0,41824.0,31499.0,-35.8,-30.1,8881,48854,29811
R,3,15,-4,-15,-12,-19,-130.6,130.6,-44.44,-0.46471,-0.54211,-0.70012,extrapolated_local_linear,19,-1,,,unclear,,{},,unclear,25139.0,44231.0,26655.0,28255.0,41323.0,31060.0,-35.3,-28.3,8391,48118,30021
R,4,3,-16,-14,1,-30,-13.67,13.67,-74.62,0.25772,-0.06267,-0.96419,extrapolated_local_linear,17,-1,,,unclear,,{},,unclear,22977.0,51573.0,34823.0,27259.0,46846.0,36715.0,-66.2,-45.3,,,
R,4,4,-15,-14,0,-29,-33.82,33.82,-73.25,0.23937,-0.16037,-0.95759,zhao_uCT_match,1,11,-16.0,-15.0,yellow,R7,"{""R7y"": 1, ""R8y"": 1, ""Dm8a"": 1, ""Tm5a"": 1}",R8y:224926;R7y:220730,yellow,23373.0,51142.0,33700.0,27824.0,46084.0,36280.0,-59.9,-44.5,14250,52877,29266
R,4,5,-14,-14,-1,-28,-46.27,46.27,-70.33,0.23274,-0.24328,-0.94162,zhao_uCT_match,1,19,-15.0,-15.0,yellow,R7,"{""R7y"": 1, ""R8y"": 1, ""Dm8a"": 1, ""Tm5a"": 1}",R8y:226765;R7y:195409,yellow,23231.0,50903.0,32729.0,27918.0,45471.0,35992.0,-55.2,-43.6,13661,52962,28299
R,4,6,-13,-14,-2,-27,-59.04,59.04,-69.39,0.18111,-0.30188,-0.93598,zhao_uCT_match,1,30,-14.0,-15.0,pale,R7,"{""R7p"": 1, ""R8p"": 1, ""Dm8b"": 1}",R7p:190143;R8p:217050,pale,23321.0,50452.0,31967.0,28051.0,44978.0,35640.0,-52.2,-42.4,12980,52659,28528
R,4,7,-12,-14,-3,-26,-70.87,70.87,-66.58,0.13023,-0.37551,-0.91762,zhao_uCT_match,1,43,-13.0,-15.0,yellow,R7,"{""R7y"": 1, ""R8y"": 1, ""Dm8a"": 1, ""Tm5a"": 1}",R8y:198856;R7y:182032,yellow,23226.0,50078.0,31177.0,28242.0,44285.0,35285.0,-50.7,-41.8,12821,52055,28578
R,4,8,-11,-14,-4,-25,-79.91,79.91,-63.11,0.07923,-0.44525,-0.8919,zhao_uCT_match,1,59,-12.0,-15.0,unclear,,{},R7_unclear:217811;R8_unclear:199271,unclear,23257.0,49467.0,30191.0,27929.0,43850.0,34910.0,-44.7,-40.2,12717,51481,28583
R,4,9,-10,-14,-5,-24,-88.19,88.19,-59.71,0.01593,-0.50409,-0.86351,zhao_uCT_match,1,74,-11.0,-15.0,pale?,Dm8b/Tm5b home,"{""Dm8b"": 1}",R7_unclear:184304;R8_unclear:199062,unclear,23436.0,48714.0,29689.0,27818.0,43479.0,34430.0,-42.7,-39.0,11619,51039,27869
R,4,10,-9,-14,-6,-23,-94.8,94.8,-56.08,-0.04674,-0.55609,-0.82981,zhao_uCT_match,1,96,-10.0,-15.0,pale?,Dm8b/Tm5b home,"{""Tm5b"": 1}",R7_unclear:140125;R8_unclear:188729,unclear,23503.0,48229.0,29103.0,27726.0,43165.0,33984.0,-40.9,-38.1,10930,50742,27887
R,4,11,-8,-14,-7,-22,-100.5,100.5,-53.44,-0.10857,-0.58563,-0.80327,zhao_uCT_match,1,112,-9.0,-15.0,unclear,,{},R7_unclear:199756;R8_unclear:185071,unclear,23651.0,47412.0,28461.0,27678.0,42887.0,33699.0,-37.6,-34.4,10695,50312,28428
R,4,12,-7,-14,-8,-21,-106.18,106.18,-50.84,-0.17595,-0.60644,-0.77542,zhao_uCT_match,1,131,-8.0,-15.0,unclear,,{},R7_unclear:189319;R8_unclear:191765,unclear,23608.0,46993.0,27889.0,27671.0,42544.0,33186.0,-37.5,-33.7,10511,50006,29094
R,4,13,-6,-14,-9,-20,-111.54,111.54,-47.95,-0.24586,-0.623,-0.74258,zhao_uCT_match,1,148,-7.0,-15.0,yellow,R7,"{""R7y"": 1, ""R8y"": 1, ""Dm8a"": 1, ""Tm5a"": 1}",R8y:195131;R7y:212228,yellow,23785.0,46276.0,27359.0,27485.0,42180.0,32755.0,-34.4,-32.0,10374,49392,29160
R,4,14,-5,-14,-10,-19,-116.27,116.27,-44.98,-0.31305,-0.6343,-0.70687,zhao_uCT_match,1,167,-6.0,-15.0,pale,R7,"{""R7p"": 1, ""R8p"": 1, ""Dm8a"": 1}",R7p:148349;R8p:203967,unclear,24025.0,45468.0,26948.0,27555.0,41737.0,32152.0,-34.2,-30.7,8825,48776,29182
R,4,15,-4,-14,-11,-18,-122.99,122.99,-43.0,-0.39816,-0.61342,-0.68205,zhao_uCT_match,1,187,-5.0,-15.0,yellow,R7,"{""R7y"": 1, ""R8y"": 1, ""Tm5a"": 1}",R8y:211010;R7y:176768,yellow,24261.0,44593.0,26613.0,27508.0,41404.0,31661.0,-32.8,-28.0,8366,48283,29579
R,4,16,-3,-14,-12,-17,-127.95,127.95,-40.82,-0.4654,-0.5968,-0.65363,zhao_uCT_match,1,206,-4.0,-15.0,yellow,R7,"{""R7y"": 1, ""R8y"": 1}",R8y:235929;R7y:258775,yellow,24584.0,43797.0,26250.0,27545.0,40831.0,31075.0,-31.5,-27.7,8245,47629,30122
R,4,17,-2,-14,-13,-16,-129.81,129.81,-37.05,-0.51096,-0.61306,-0.60256,zhao_uCT_match,1,227,-3.0,-15.0,unclear,,{},,unclear,25070.0,43235.0,25905.0,27547.0,40382.0,30348.0,-29.1,-29.3,7550,46839,30335
R,4,18,-1,-14,-14,-15,-136.33,136.33,-35.22,-0.59093,-0.56409,-0.57672,extrapolated_local_linear,18,-1,,,unclear,,{},,unclear,25161.0,42290.0,25657.0,27254.0,39728.0,29959.0,-25.9,-28.2,7369,45908,30404
R,5,2,-17,-13,3,-30,5.12,-5.12,-71.07,0.32316,0.02894,-0.9459,extrapolated_local_linear,15,-1,,,unclear,,{},,unclear,22489.0,51785.0,35553.0,26759.0,46842.0,37518.0,-65.3,-46.4,,,
R,5,3,-16,-13,2,-29,-14.01,14.01,-70.14,0.32961,-0.08223,-0.94053,zhao_uCT_match,1,4,-17.0,-14.0,unclear,,{},R7_unclear:169903;R8_unclear:191248,unclear,22516.0,51594.0,34292.0,27054.0,46490.0,37054.0,-58.7,-43.9,,,
R,5,4,-15,-13,1,-28,-30.19,30.19,-69.0,0.30969,-0.18018,-0.93361,zhao_uCT_match,1,9,-16.0,-14.0,unclear,,{},R7_unclear:218297;R8_unclear:189213,unclear,22401.0,51331.0,33513.0,27226.0,45899.0,36715.0,-56.4,-43.2,14420,53067,28611
R,5,5,-14,-13,0,-27,-41.5,41.5,-66.59,0.29761,-0.26329,-0.91766,zhao_uCT_match,1,20,-15.0,-14.0,pale?,Dm8b/Tm5b home,"{""Dm8b"": 1, ""Tm5b"": 1}",R7_unclear:230144;R8_unclear:178416,unclear,22220.0,51078.0,32681.0,27371.0,45344.0,36325.0,-54.7,-42.3,13899,52939,28176
R,5,6,-13,-13,-1,-26,-52.0,52.0,-64.67,0.2634,-0.33714,-0.90386,zhao_uCT_match,1,31,-14.0,-14.0,pale,R7,"{""R7p"": 1, ""R8p"": 1}",R7p:212839;R8p:173757,pale,22395.0,50589.0,31979.0,27394.0,44944.0,35948.0,-51.6,-41.5,13192,52693,27639
R,5,7,-12,-13,-2,-25,-61.9,61.9,-62.5,0.21751,-0.40732,-0.88701,zhao_uCT_match,1,44,-13.0,-14.0,unclear,,{},R7_unclear:229712;R8_unclear:171624,unclear,22306.0,50157.0,31180.0,27375.0,44368.0,35535.0,-49.3,-40.9,12964,52146,27831
R,5,8,-11,-13,-3,-24,-71.13,71.13,-59.34,0.16493,-0.48251,-0.86022,zhao_uCT_match,1,60,-12.0,-14.0,pale?,Dm8b/Tm5b home,"{""Dm8b"": 1, ""Tm5b"": 1}",R7_unclear:198956;R8_unclear:198959,unclear,22209.0,49623.0,30538.0,27278.0,43902.0,35241.0,-47.1,-39.6,12874,51359,27995
R,5,9,-10,-13,-4,-23,-78.58,78.58,-56.29,0.10988,-0.54403,-0.83184,zhao_uCT_match,1,78,-11.0,-14.0,yellow,R7,"{""R7y"": 1, ""R8y"": 1, ""Dm8a"": 1, ""Tm5a"": 1}",R8y:144274;R7y:182839,yellow,22271.0,49190.0,29897.0,27192.0,43497.0,34793.0,-45.1,-39.4,11684,50989,27144
R,5,10,-9,-13,-5,-22,-85.83,85.83,-53.33,0.04345,-0.59561,-0.8021,zhao_uCT_match,1,97,-10.0,-14.0,pale?,Dm8b/Tm5b home,"{""Dm8b"": 1}",R7_unclear:177395;R8_unclear:184737,unclear,22294.0,48554.0,29343.0,27028.0,43014.0,34298.0,-43.7,-39.0,10953,50480,27115
R,5,11,-8,-13,-6,-21,-91.73,91.73,-50.66,-0.01915,-0.63364,-0.77339,zhao_uCT_match,1,114,-9.0,-14.0,yellow?,Dm8a/Tm5a home,"{""Tm5a"": 1}",R7_unclear:239115;R8_unclear:171467,unclear,22595.0,47779.0,28805.0,26914.0,42731.0,33916.0,-40.2,-37.0,10825,49989,27762
R,5,12,-7,-13,-7,-20,-97.6,97.6,-48.08,-0.08836,-0.6622,-0.7441,zhao_uCT_match,1,133,-8.0,-14.0,yellow,R7,"{""R7y"": 1, ""R8y"": 1, ""Dm8a"": 1}",R8y:161371;R7y:209795,yellow,22470.0,47203.0,28119.0,26853.0,42377.0,33572.0,-38.8,-34.6,10598,49665,28381
R,5,13,-6,-13,-8,-19,-103.14,103.14,-44.89,-0.16109,-0.6899,-0.70575,zhao_uCT_match,1,152,-7.0,-14.0,unclear,,"{""Dm8b"": 1, ""Tm5a"": 1}",R7_unclear:193899;R8_unclear:219699,unclear,22735.0,46519.0,27629.0,26783.0,42117.0,33101.0,-36.5,-32.9,9988,49116,28339
R,5,14,-5,-13,-9,-18,-108.09,108.09,-42.26,-0.22974,-0.70349,-0.67254,zhao_uCT_match,1,171,-6.0,-14.0,unclear,,{},R7_unclear:230919;R8_unclear:190724,unclear,22545.0,45924.0,27099.0,26816.0,41769.0,32701.0,-37.3,-30.5,8869,48459,28550
R,5,15,-4,-13,-10,-17,-113.29,113.29,-39.85,-0.30355,-0.70517,-0.64077,zhao_uCT_match,1,190,-5.0,-14.0,pale,R7,"{""R7p"": 1, ""R8p"": 1, ""Dm8b"": 1, ""Tm5b"": 1}",R7p:165818;R8p:206912,unclear,23214.0,45196.0,26796.0,26644.0,41451.0,32244.0,-32.2,-30.2,8472,47937,28956
R,5,16,-3,-13,-11,-16,-119.06,119.06,-37.79,-0.38388,-0.6908,-0.61272,zhao_uCT_match,1,209,-4.0,-14.0,yellow?,Dm8a/Tm5a home,"{""Dm8a"": 1}",R7_unclear:206207;R8_unclear:206934,unclear,23561.0,44123.0,26304.0,26676.0,40951.0,31655.0,-30.2,-27.1,8215,47506,29430
R,5,17,-2,-13,-12,-15,-123.45,123.45,-35.55,-0.44847,-0.67881,-0.58145,zhao_uCT_match,1,229,-3.0,-14.0,pale,R7,"{""R7p"": 1, ""R8p"": 1}",R7p:192931;R8p:133116,unclear,23770.0,43572.0,25868.0,26830.0,40532.0,31153.0,-30.1,-26.5,7969,47021,29797
R,5,18,-1,-13,-13,-14,-128.11,128.11,-33.68,-0.51363,-0.65473,-0.55454,zhao_uCT_match,1,249,-2.0,-14.0,yellow,R7,"{""R7y"": 1, ""R8y"": 1, ""Dm8a"": 1, ""Tm5a"": 1}",R8y:103892;R7y:226094,yellow,24195.0,42722.0,25531.0,26702.0,40079.0,30853.0,-25.2,-24.2,7370,46222,30052
R,5,19,0,-13,-14,-13,-133.4,133.4,-31.24,-0.58749,-0.62117,-0.51865,zhao_uCT_match,1,269,-1.0,-14.0,unclear,,{},R7_unclear:224969;R8_unclear:200523,unclear,24239.0,41913.0,25224.0,26656.0,39468.0,30350.0,-25.2,-23.3,7370,45480,30301
R,5,20,1,-13,-15,-12,-138.01,138.01,-28.78,-0.65146,-0.58639,-0.4814,extrapolated_local_linear,19,-1,,,yellow,R7,"{""R7y"": 1, ""R8y"": 1, ""Tm5a"": 1}",R8y:217791;R7y:196849,yellow,24248.0,41086.0,24947.0,26535.0,38844.0,29751.0,-25.5,-22.8,6767,43792,30290
R,6,1,-18,-12,5,-30,19.6,-19.6,-69.58,0.32868,0.11706,-0.93716,extrapolated_local_linear,11,-1,,,unclear,,{},,unclear,21530.0,51970.0,36852.0,26115.0,47056.0,38147.0,-74.2,-45.9,,,
R,6,2,-17,-12,4,-29,2.1,-2.1,-68.34,0.36887,0.01355,-0.92938,extrapolated_local_linear,18,-1,,,unclear,,{},R7_unclear:174196;R8_unclear:211484,unclear,21842.0,51995.0,35907.0,26499.0,46688.0,37770.0,-68.2,-46.6,,,
R,6,3,-16,-12,3,-28,-6.67,6.67,-66.04,0.40336,-0.04716,-0.91383,zhao_uCT_match,1,3,-17.0,-13.0,yellow,R7,"{""R7y"": 1, ""R8y"": 1, ""Dm8a"": 1, ""Tm5a"": 1}",R8y:214639;R7y:209222,yellow,21852.0,51683.0,34880.0,26660.0,46049.0,37468.0,-61.7,-45.9,15214,52969,28318
R,6,4,-15,-12,2,-27,-25.91,25.91,-64.46,0.38779,-0.18836,-0.9023,zhao_uCT_match,1,10,-16.0,-13.0,yellow,R7,"{""R7y"": 1, ""R8y"": 1, ""Dm8a"": 1, ""Tm5a"": 1}",R8y:205118;R7y:206395,yellow,21673.0,51482.0,33924.0,26693.0,45666.0,37088.0,-57.8,-44.4,14563,53001,27799
R,6,5,-14,-12,1,-26,-37.27,37.27,-62.48,0.36772,-0.27983,-0.88684,zhao_uCT_match,1,21,-15.0,-13.0,pale,R7,"{""R7p"": 1, ""R8p"": 1}",R7p:131772;R8p:203973,pale,21313.0,51254.0,32997.0,26691.0,45217.0,36664.0,-55.7,-42.8,14009,52807,27454
R,6,6,-13,-12,0,-25,-46.29,46.29,-60.25,0.34293,-0.35874,-0.86816,zhao_uCT_match,1,32,-14.0,-13.0,yellow,R7,"{""R7y"": 1, ""R8y"": 1, ""Dm8a"": 1, ""Tm5a"": 1}",R8y:224787;R7y:203440,yellow,21549.0,50659.0,32217.0,26642.0,44755.0,36281.0,-51.4,-42.2,13564,52314,27335
R,6,7,-12,-12,-1,-24,-54.52,54.52,-58.16,0.30616,-0.42956,-0.84956,zhao_uCT_match,1,46,-13.0,-13.0,unclear,,{},R7_unclear:120596;R8_unclear:201776,unclear,21540.0,50184.0,31427.0,26629.0,44459.0,35824.0,-49.2,-40.4,13029,51765,27243
R,6,8,-11,-12,-2,-23,-62.77,62.77,-55.53,0.25895,-0.50329,-0.82441,zhao_uCT_match,1,64,-12.0,-13.0,pale,R7,"{""R7p"": 1, ""R8p"": 1, ""Tm5a"": 1, ""Tm5b"": 1}",R7p:126130;R8p:204361,unclear,21325.0,49760.0,30740.0,26469.0,43913.0,35455.0,-47.5,-40.0,12788,51109,27295
R,6,9,-10,-12,-3,-22,-70.23,70.23,-52.52,0.20579,-0.57257,-0.79361,zhao_uCT_match,1,81,-11.0,-13.0,yellow,R7,"{""R7y"": 1, ""R8y"": 1, ""Dm8a"": 1, ""Tm5a"": 1}",R8y:202183;R7y:194585,yellow,21291.0,49230.0,30191.0,26419.0,43480.0,35098.0,-46.3,-39.0,11754,50650,26717
R,6,10,-9,-12,-4,-21,-77.07,77.07,-49.99,0.14392,-0.62665,-0.76589,zhao_uCT_match,1,98,-10.0,-13.0,unclear,,{},R7_unclear:184420;R8_unclear:183646,unclear,21436.0,48700.0,29619.0,26349.0,43068.0,34726.0,-43.9,-38.5,11133,50064,26601
R,6,11,-8,-12,-5,-20,-83.28,83.28,-47.35,0.07928,-0.67286,-0.73551,zhao_uCT_match,1,117,-9.0,-13.0,yellow,R7,"{""R7y"": 1, ""R8y"": 1, ""Dm8a"": 1, ""Tm5a"": 1}",R8y:193317;R7y:172742,yellow,21451.0,48174.0,28968.0,26277.0,42720.0,34399.0,-41.6,-36.9,10783,49617,27056
R,6,12,-7,-12,-6,-19,-89.23,89.23,-44.91,0.00956,-0.70817,-0.70598,zhao_uCT_match,1,134,-8.0,-13.0,pale?,Dm8b/Tm5b home,"{""Dm8b"": 1, ""Tm5b"": 1}",R7_unclear:181833;R8_unclear:176902,unclear,21583.0,47329.0,28533.0,26080.0,42423.0,33983.0,-39.5,-34.8,10775,49203,27845
R,6,13,-6,-12,-7,-18,-94.82,94.82,-42.3,-0.06211,-0.73697,-0.67306,zhao_uCT_match,1,154,-7.0,-13.0,yellow,R7,"{""R7y"": 1, ""R8y"": 1, ""Dm8a"": 1, ""Tm5a"": 1}",R8y:192634;R7y:177924,yellow,21520.0,46836.0,27816.0,25981.0,41988.0,33510.0,-38.1,-33.8,10564,48718,28118
R,6,14,-5,-12,-8,-17,-100.27,100.27,-39.63,-0.13735,-0.75789,-0.63776,zhao_uCT_match,1,173,-6.0,-13.0,unclear,,{},R7_unclear:162863;R8_unclear:156040,unclear,21423.0,45833.0,27143.0,25900.0,41671.0,32991.0,-37.4,-29.5,9839,48251,28279
R,6,15,-4,-12,-9,-16,-105.16,105.16,-37.0,-0.20887,-0.77083,-0.60183,zhao_uCT_match,1,193,-5.0,-13.0,unclear,,{},R7_unclear:124437;R8_unclear:144646,unclear,22114.0,44792.0,26753.0,25758.0,41327.0,32695.0,-31.5,-26.4,8863,47652,28495
R,6,16,-3,-12,-10,-15,-110.52,110.52,-34.58,-0.28853,-0.77107,-0.56763,zhao_uCT_match,1,213,-4.0,-13.0,pale?,Dm8b/Tm5b home,"{""Dm8b"": 1, ""Tm5b"": 1}",R7_unclear:162002;R8_unclear:186841,unclear,22511.0,44130.0,26368.0,25821.0,40988.0,32211.0,-29.5,-25.1,8306,47062,28813
R,6,17,-2,-12,-11,-14,-115.63,115.63,-32.81,-0.36356,-0.75779,-0.54182,zhao_uCT_match,1,233,-3.0,-13.0,yellow,R7,"{""R7y"": 1, ""R8y"": 1, ""Dm8a"": 1, ""Tm5a"": 1}",R8y:202801;R7y:221481,yellow,22630.0,43477.0,25860.0,25716.0,40510.0,31686.0,-27.9,-24.2,8220,46636,29269
R,6,18,-1,-12,-12,-13,-120.54,120.54,-31.23,-0.43443,-0.73647,-0.51854,zhao_uCT_match,1,252,-2.0,-13.0,yellow,R7,"{""R7y"": 1, ""R8y"": 1}",R8y:215744;R7y:189707,yellow,23074.0,42853.0,25441.0,25923.0,40005.0,31229.0,-26.2,-23.8,7962,46085,29619
R,6,19,0,-12,-13,-12,-125.52,125.52,-29.17,-0.50728,-0.71068,-0.48743,zhao_uCT_match,1,272,-1.0,-13.0,yellow,R7,"{""R7y"": 1, ""R8y"": 1, ""Dm8a"": 1, ""Tm5a"": 1}",R8y:547239;R7y:214134,yellow,23295.0,41929.0,25131.0,25885.0,39509.0,30938.0,-24.0,-20.8,7351,45323,29820
R,6,20,1,-12,-14,-11,-131.88,131.88,-26.97,-0.59497,-0.66357,-0.45353,zhao_uCT_match,1,291,0.0,-13.0,yellow,R7,"{""R7y"": 1, ""R8y"": 1, ""Dm8a"": 1, ""Tm5a"": 1}",R8y:29911;R7y:195337,yellow,23181.0,41184.0,24816.0,25787.0,38770.0,30471.0,-24.7,-21.2,6861,44466,29996
R,6,21,2,-12,-15,-10,-133.79,133.79,-24.4,-0.63024,-0.65736,-0.41314,zhao_uCT_match,1,311,1.0,-13.0,unclear,,{},,yellow,23983.0,40369.0,24698.0,26219.0,37956.0,29656.0,-24.3,-23.9,6768,44506,30460
R,6,22,3,-12,-16,-9,-141.09,141.09,-23.44,-0.71395,-0.5762,-0.39783,extrapolated_local_linear,19,-1,,,unclear,,{},,unclear,24518.0,40305.0,24741.0,26450.0,37382.0,29190.0,-23.5,-31.1,6555,42440,30362
R,7,1,-18,-11,6,-29,12.61,-12.61,-66.56,0.38815,0.08685,-0.9175,extrapolated_local_linear,13,-1,,,unclear,,{},,unclear,21227.0,51908.0,37419.0,25232.0,47351.0,38757.0,-71.5,-47.2,,,
R,7,2,-17,-11,5,-28,0.32,-0.32,-66.16,0.40418,0.00228,-0.91467,zhao_uCT_match,1,0,-18.0,-12.0,pale,R7,"{""R7p"": 1, ""R8p"": 1}",R7p:168699;R8p:201338,pale,21048.0,52094.0,36055.0,25941.0,46406.0,38256.0,-65.8,-46.7,,,
R,7,3,-16,-11,4,-27,-15.61,15.61,-61.6,0.45807,-0.12799,-0.87965,zhao_uCT_match,1,5,-17.0,-12.0,pale?,Dm8b/Tm5b home,"{""Dm8b"": 1}",R7_unclear:554011;R8_unclear:183167,unclear,21041.0,51797.0,35315.0,25939.0,46087.0,37810.0,-63.0,-46.1,15646,53172,26152
R,7,4,-15,-11,3,-26,-23.62,23.62,-60.05,0.45747,-0.20002,-0.86644,zhao_uCT_match,1,13,-16.0,-12.0,pale,R7,"{""R7p"": 1, ""R8p"": 1, ""Tm5b"": 1}",R7p:189142;R8p:193602,unclear,20803.0,51579.0,34343.0,26042.0,45580.0,37458.0,-59.3,-44.5,,,
R,7,5,-14,-11,2,-25,-33.13,33.13,-58.22,0.44096,-0.28783,-0.85012,zhao_uCT_match,1,24,-15.0,-12.0,pale?,Dm8b/Tm5b home,"{""Dm8b"": 1}",R7_unclear:154706;R8_unclear:203083,unclear,20782.0,51246.0,33488.0,25963.0,45120.0,36944.0,-56.3,-44.5,14541,52402,27224
R,7,6,-13,-11,1,-24,-41.54,41.54,-56.01,0.41846,-0.37072,-0.82913,zhao_uCT_match,1,37,-14.0,-12.0,yellow,R7,"{""R7y"": 1, ""R8y"": 1, ""Dm8a"": 1, ""Tm5a"": 1, ""Tm5b"": 1}",R8y:201340;R7y:205801,yellow,20467.0,50912.0,32641.0,25953.0,44754.0,36569.0,-54.4,-42.4,13989,52072,27059
R,7,7,-12,-11,0,-23,-49.14,49.14,-53.62,0.38802,-0.44854,-0.80514,zhao_uCT_match,1,52,-13.0,-12.0,yellow,R7,"{""R7y"": 1, ""R8y"": 1, ""Dm8a"": 1, ""Tm5a"": 1}",R8y:196910;R7y:189913,yellow,20673.0,50349.0,31831.0,25863.0,44220.0,36217.0,-49.8,-42.0,13363,51779,26793
R,7,8,-11,-11,-1,-22,-56.28,56.28,-51.27,0.34727,-0.52041,-0.78012,zhao_uCT_match,1,67,-12.0,-12.0,pale?,Dm8b/Tm5b home,"{""Dm8b"": 1}",R7_unclear:178018;R8_unclear:193595,unclear,20540.0,49905.0,31198.0,25748.0,43929.0,35716.0,-49.1,-40.9,12984,51131,26746
R,7,9,-10,-11,-2,-21,-63.15,63.15,-48.58,0.2988,-0.59019,-0.74993,zhao_uCT_match,1,84,-11.0,-12.0,pale,R7,"{""R7p"": 1, ""R8p"": 1, ""Dm8b"": 1}",R7p:184298;R8p:191675,unclear,20409.0,49299.0,30592.0,25606.0,43355.0,35353.0,-47.5,-40.1,12202,50618,26554
R,7,10,-9,-11,-3,-20,-69.64,69.64,-45.86,0.24235,-0.65292,-0.71761,zhao_uCT_match,1,104,-10.0,-12.0,yellow,R7,"{""R7y"": 1, ""R8y"": 1, ""Dm8a"": 1, ""Tm5a"": 1}",R8y:154623;R7y:202686,yellow,20572.0,48583.0,30003.0,25612.0,42938.0,34952.0,-45.5,-38.6,11674,49895,26495
R,7,11,-8,-11,-4,-19,-75.5,75.5,-43.42,0.18193,-0.70322,-0.6873,zhao_uCT_match,1,122,-9.0,-12.0,yellow,R7,"{""R7y"": 1, ""R8y"": 1, ""Dm8a"": 1, ""Tm5a"": 1}",R8y:190877;R7y:155203,yellow,20430.0,48283.0,29246.0,25490.0,42501.0,34565.0,-43.6,-38.2,10738,49293,26252
R,7,12,-7,-11,-5,-18,-81.28,81.28,-41.11,0.11428,-0.74471,-0.65753,zhao_uCT_match,1,140,-8.0,-12.0,pale?,Dm8b/Tm5b home,"{""Dm8b"": 1}",R7_unclear:176841;R8_unclear:182153,unclear,20564.0,47451.0,28769.0,25377.0,42238.0,34261.0,-41.2,-35.5,10757,48896,27098
R,7,13,-6,-11,-6,-17,-86.5,86.5,-38.94,0.04748,-0.77636,-0.6285,zhao_uCT_match,1,159,-7.0,-12.0,yellow,R7,"{""R7y"": 1, ""R8y"": 1, ""Dm8a"": 1, ""Tm5a"": 1}",R8y:175838;R7y:174126,yellow,20657.0,46982.0,28157.0,25298.0,41998.0,33842.0,-39.2,-34.2,10742,48383,27587
R,7,14,-5,-11,-7,-16,-92.11,92.11,-36.46,-0.02967,-0.80373,-0.59425,zhao_uCT_match,1,179,-6.0,-12.0,yellow,R7,"{""R7y"": 1, ""R8y"": 1, ""Dm8a"": 1}",R8y:177798;R7y:161450,yellow,20609.0,46153.0,27596.0,25188.0,41604.0,33538.0,-37.6,-31.2,10404,47869,27914
R,7,15,-4,-11,-8,-15,-97.44,97.44,-34.23,-0.10706,-0.81978,-0.56258,zhao_uCT_match,1,199,-5.0,-12.0,pale,R7,"{""R7p"": 1, ""R8p"": 1, ""Tm5a"": 1}",R7p:194976;R8p:183570,pale,20934.0,45043.0,27082.0,25100.0,41209.0,33026.0,-35.0,-27.8,9755,47464,28174
R,7,16,-3,-11,-9,-14,-102.36,102.36,-31.81,-0.18188,-0.83012,-0.52709,zhao_uCT_match,1,218,-4.0,-12.0,pale?,Dm8b/Tm5b home,"{""Dm8b"": 1, ""Tm5b"": 1}",R7_unclear:191599;R8_unclear:183057,yellow,21277.0,44186.0,26700.0,25066.0,40741.0,32613.0,-32.7,-26.1,8947,46876,28405
R,7,17,-2,-11,-10,-13,-107.28,107.28,-29.6,-0.25826,-0.83028,-0.4939,zhao_uCT_match,1,240,-3.0,-12.0,pale,R7,"{""R7p"": 1, ""R8p"": 1, ""Dm8a"": 1, ""Tm5a"": 1}",R7p:160815;R8p:198808,pale,21661.0,43533.0,26268.0,25046.0,40444.0,32159.0,-29.9,-24.4,8434,46271,28732
R,7,18,-1,-11,-11,-12,-112.36,112.36,-28.1,-0.3356,-0.81578,-0.47103,zhao_uCT_match,1,258,-2.0,-12.0,unclear,,{},R7_unclear:150196;R8_unclear:206170,unclear,21520.0,42937.0,25739.0,24775.0,39936.0,31759.0,-28.4,-23.7,8326,45731,29074
R,7,19,0,-11,-12,-11,-117.73,117.73,-26.55,-0.41618,-0.7918,-0.44705,zhao_uCT_match,1,277,-1.0,-12.0,yellow,R7,"{""R7y"": 1, ""R8y"": 1, ""Dm8a"": 1, ""Tm5a"": 1}",R8y:203374;R7y:173510,yellow,21671.0,42428.0,25287.0,25059.0,39629.0,31563.0,-28.4,-21.4,8025,45147,29341
R,7,20,1,-11,-13,-10,-122.78,122.78,-24.63,-0.49218,-0.76423,-0.4168,zhao_uCT_match,1,297,0.0,-12.0,yellow,R7,"{""R7y"": 1, ""R8y"": 1, ""Dm8a"": 1, ""Tm5a"": 1}",R8y:553925;R7y:149415,yellow,22134.0,41530.0,25010.0,24986.0,39086.0,31074.0,-25.2,-20.0,7265,44195,29505
R,7,21,2,-11,-14,-9,-127.66,127.66,-22.68,-0.56366,-0.73046,-0.38564,zhao_uCT_match,1,316,1.0,-12.0,pale,R7,"{""R7p"": 1, ""R8p"": 1, ""Dm8b"": 1}",R7p:175748;R8p:553926,unclear,22273.0,40548.0,24708.0,24962.0,38326.0,30674.0,-24.3,-18.8,6225,43208,29823
R,7,22,3,-11,-15,-8,-132.44,132.44,-20.64,-0.63156,-0.69056,-0.3525,zhao_uCT_match,1,335,2.0,-12.0,yellow?,Dm8a/Tm5a home,"{""Dm8a"": 1, ""Tm5a"": 1}",R7_unclear:163975;R7_unclear:133275;R8_unclear:183232,yellow,23120.0,40114.0,24513.0,25486.0,37994.0,30167.0,-22.7,-19.1,6455,42802,30051
R,7,23,4,-11,-16,-7,-140.19,140.19,-20.41,-0.71991,-0.6001,-0.34872,zhao_uCT_match,1,356,3.0,-12.0,pale?,Dm8b/Tm5b home,"{""Tm5b"": 1}",R7_unclear:201435;R8_unclear:218397,unclear,23381.0,39243.0,24232.0,25484.0,37131.0,29692.0,-21.1,-19.8,6263,41769,30208
R,7,24,5,-11,-17,-6,-146.46,146.46,-19.25,-0.78689,-0.52163,-0.32972,extrapolated_local_linear,19,-1,,,unclear,,{},,unclear,23993.0,38335.0,24204.0,25990.0,36327.0,29241.0,-21.6,-20.3,5940,41088,30309
R,8,1,-18,-10,7,-28,8.54,-8.54,-62.29,0.45988,0.06908,-0.88529,extrapolated_local_linear,14,-1,,,unclear,,{},,unclear,20597.0,51975.0,37718.0,24632.0,47474.0,39148.0,-70.5,-46.4,,,
R,8,2,-17,-10,6,-27,-4.35,4.35,-61.29,0.47897,-0.03644,-0.87707,zhao_uCT_match,1,1,-18.0,-11.0,yellow?,Dm8a/Tm5a home,"{""Tm5a"": 1}",R7_unclear:226154;R8_unclear:190788,yellow,20360.0,52250.0,36588.0,25326.0,46579.0,38664.0,-67.3,-46.5,,,
R,8,3,-16,-10,5,-26,-13.23,13.23,-58.32,0.51129,-0.12023,-0.85096,zhao_uCT_match,1,7,-17.0,-11.0,yellow,R7,"{""R7y"": 1, ""R8y"": 1, ""Dm8a"": 1, ""Tm5a"": 1}",R8y:82086;R7y:542726,yellow,20156.0,51930.0,35692.0,25295.0,46049.0,38381.0,-62.4,-45.4,,,
R,8,4,-15,-10,4,-25,-21.9,21.9,-55.47,0.52592,-0.21142,-0.82384,zhao_uCT_match,1,15,-16.0,-11.0,yellow,R7,"{""R7y"": 1, ""R8y"": 1, ""Dm8a"": 1}",R8y:225979;R7y:182812,yellow,20014.0,51550.0,34825.0,25331.0,45627.0,37839.0,-60.5,-44.1,15423,52500,25580
R,8,5,-14,-10,3,-24,-29.67,29.67,-53.76,0.51361,-0.2926,-0.80659,zhao_uCT_match,1,26,-15.0,-11.0,unclear,,{},R7_unclear:228692;R8_unclear:197408,unclear,19992.0,51221.0,33981.0,25283.0,45171.0,37379.0,-57.3,-43.9,15114,52253,26247
R,8,6,-13,-10,2,-23,-37.19,37.19,-51.87,0.49182,-0.37322,-0.78666,zhao_uCT_match,1,38,-14.0,-11.0,pale,R7,"{""R7p"": 1, ""R8p"": 1, ""Dm8b"": 1, ""Tm5b"": 1}",R7p:142925;R8p:169467,pale,19823.0,50661.0,33158.0,25274.0,44745.0,36900.0,-55.5,-41.8,14180,51759,26735
R,8,7,-12,-10,1,-22,-44.36,44.36,-49.46,0.46469,-0.45438,-0.76,zhao_uCT_match,1,53,-13.0,-11.0,yellow,R7,"{""R7y"": 1, ""R8y"": 1, ""Dm8a"": 1, ""Tm5a"": 1}",R8y:204907;R7y:99511,yellow,19753.0,50206.0,32351.0,25117.0,44276.0,36443.0,-52.7,-41.3,13684,51199,26674
R,8,8,-11,-10,0,-21,-50.96,50.96,-47.41,0.42622,-0.52563,-0.73624,zhao_uCT_match,1,71,-12.0,-11.0,pale?,Dm8b/Tm5b home,"{""Dm8b"": 1}",R7_unclear:173366;R8_unclear:169605,unclear,19648.0,49660.0,31654.0,25011.0,43820.0,36029.0,-50.8,-40.2,13047,50756,26353
R,8,9,-10,-10,-1,-20,-57.2,57.2,-44.85,0.38403,-0.59591,-0.70527,zhao_uCT_match,1,88,-11.0,-11.0,yellow,R7,"{""R7y"": 1, ""R8y"": 1, ""Dm8a"": 1, ""Tm5a"": 1, ""Tm5b"": 1}",R8y:188047;R7y:163662,yellow,19534.0,49000.0,31062.0,24876.0,43274.0,35605.0,-49.6,-39.2,12635,50252,26373
R,8,10,-9,-10,-2,-19,-63.37,63.37,-42.03,0.33293,-0.66404,-0.66948,zhao_uCT_match,1,107,-10.0,-11.0,pale?,Dm8b/Tm5b home,"{""Dm8b"": 1}",R7_unclear:212643;R8_unclear:148953,unclear,19668.0,48515.0,30330.0,24852.0,42810.0,35249.0,-46.5,-38.6,11934,49708,26065
R,8,11,-8,-10,-3,-18,-69.29,69.29,-39.46,0.27307,-0.72218,-0.63552,zhao_uCT_match,1,124,-9.0,-11.0,pale,R7,"{""R7p"": 1, ""R8p"": 1, ""Tm5b"": 1}",R7p:179634;R8p:171951,pale,19396.0,47969.0,29592.0,24772.0,42404.0,34788.0,-46.0,-36.7,11171,49149,26040
R,8,12,-7,-10,-4,-17,-74.28,74.28,-37.39,0.2153,-0.76481,-0.60722,zhao_uCT_match,1,143,-8.0,-11.0,pale,R7,"{""R7p"": 1, ""R8p"": 1, ""Dm8b"": 1}",R7p:176885;R8p:124853,pale,19533.0,47446.0,29044.0,24712.0,42001.0,34517.0,-43.4,-35.9,10751,48535,26260
R,8,13,-6,-10,-5,-16,-79.35,79.35,-35.36,0.15077,-0.8015,-0.57868,zhao_uCT_match,1,162,-7.0,-11.0,pale?,Dm8b/Tm5b home,"{""Tm5b"": 1}",R7_unclear:171852;R8_unclear:120506,unclear,19645.0,46545.0,28573.0,24523.0,41685.0,34089.0,-41.5,-33.4,10667,48167,26947
R,8,14,-5,-10,-6,-15,-84.46,84.46,-32.94,0.08103,-0.8353,-0.54379,zhao_uCT_match,1,182,-6.0,-11.0,pale,R7,"{""R7p"": 1, ""R8p"": 1, ""Dm8b"": 1, ""Tm5b"": 1}",R7p:177304;R8p:122037,unclear,19721.0,45965.0,27995.0,24442.0,41435.0,33726.0,-39.5,-31.4,10543,47572,27414
R,8,15,-4,-10,-7,-14,-90.03,90.03,-30.46,-0.00044,-0.86197,-0.50697,zhao_uCT_match,1,202,-5.0,-11.0,yellow,R7,"{""R7y"": 1, ""R8y"": 1, ""Dm8a"": 1, ""Tm5a"": 1}",R8y:223132;R7y:208872,yellow,19811.0,45116.0,27373.0,24429.0,41000.0,33312.0,-37.9,-28.7,10255,47109,27855
R,8,16,-3,-10,-8,-13,-95.1,95.1,-28.57,-0.07803,-0.87478,-0.47819,zhao_uCT_match,1,222,-4.0,-11.0,yellow,R7,"{""R7y"": 1, ""R8y"": 1, ""Dm8a"": 1, ""Tm5a"": 1}",R8y:222271;R7y:17721,yellow,20152.0,44153.0,26850.0,24356.0,40660.0,32943.0,-34.6,-25.3,9996,46614,28154
R,8,17,-2,-10,-9,-12,-99.59,99.59,-26.68,-0.14879,-0.88107,-0.44897,zhao_uCT_match,1,243,-3.0,-11.0,pale,R7,"{""R7p"": 1, ""R8p"": 1, ""Dm8b"": 1}",R7p:177235;R8p:199524,pale,20410.0,43491.0,26417.0,24250.0,40318.0,32721.0,-31.3,-23.3,9215,45952,28370
R,8,18,-1,-10,-10,-11,-104.35,104.35,-24.55,-0.22549,-0.88123,-0.41543,zhao_uCT_match,1,264,-2.0,-11.0,pale,R7,"{""R7p"": 1, ""R8p"": 1}",R7p:179644;R8p:175231,pale,20421.0,42885.0,25936.0,24188.0,39875.0,32268.0,-30.7,-22.2,8556,45330,28557
R,8,19,0,-10,-11,-10,-109.59,109.59,-23.03,-0.30852,-0.86705,-0.39119,zhao_uCT_match,1,284,-1.0,-11.0,pale?,Dm8b/Tm5b home,"{""Tm5b"": 1}",R7_unclear:181612;R8_unclear:187660,unclear,20531.0,42270.0,25479.0,24082.0,39357.0,31832.0,-29.2,-21.8,8077,44616,28768
R,8,20,1,-10,-12,-9,-114.92,114.92,-21.66,-0.39165,-0.84282,-0.36914,zhao_uCT_match,1,303,0.0,-11.0,pale,R7,"{""R7p"": 1, ""R8p"": 1, ""Dm8b"": 1, ""Tm5b"": 1}",R7p:167904;R8p:191865,pale,20886.0,41513.0,25170.0,24311.0,39014.0,31580.0,-28.1,-19.0,,,
R,8,21,2,-10,-13,-8,-120.19,120.19,-19.99,-0.47254,-0.8123,-0.34188,zhao_uCT_match,1,324,1.0,-11.0,unclear,,{},R7_unclear:199380;R8_unclear:193264,unclear,21177.0,40669.0,24790.0,24220.0,38490.0,31177.0,-25.5,-17.1,7488,43086,29305
R,8,22,3,-10,-14,-7,-125.12,125.12,-18.13,-0.54679,-0.77728,-0.31123,zhao_uCT_match,1,345,2.0,-11.0,pale,R7,"{""R7p"": 1, ""R8p"": 1}",R7p:149517;R8p:194886,unclear,21433.0,39847.0,24348.0,24221.0,37769.0,30749.0,-23.5,-16.6,6993,42354,29524
R,8,23,4,-10,-15,-6,-130.57,130.57,-16.57,-0.62341,-0.72804,-0.28517,zhao_uCT_match,1,362,3.0,-11.0,unclear,,"{""Dm8b"": 1, ""Tm5a"": 1}",R7_unclear:553917;R8_unclear:188126,unclear,22065.0,39281.0,24178.0,24537.0,37293.0,30377.0,-21.7,-16.6,6316,41536,29682
R,8,24,5,-10,-16,-5,-137.78,137.78,-15.64,-0.71316,-0.64706,-0.26967,zhao_uCT_match,1,380,4.0,-11.0,yellow,R7,"{""R7y"": 1, ""R8y"": 1, ""Dm8a"": 1, ""Tm5a"": 1}",R8y:197717;R7y:198830,yellow,22509.0,38477.0,23976.0,24791.0,36562.0,29976.0,-20.8,-16.6,6773,40904,29851
R,8,25,6,-10,-17,-4,-145.41,145.41,-15.7,-0.79255,-0.54646,-0.27066,zhao_uCT_match,1,401,5.0,-11.0,yellow,R7,"{""R7y"": 1, ""R8y"": 1, ""Tm5a"": 1}",R8y:201738;R7y:206627,yellow,22683.0,37576.0,23746.0,25203.0,35917.0,29547.0,-23.5,-14.7,6262,40166,30095
R,8,26,7,-10,-18,-3,-152.34,152.34,-15.26,-0.85446,-0.44792,-0.26319,extrapolated_local_linear,19,-1,,,unclear,,{},,yellow,23587.0,37173.0,23776.0,25741.0,35093.0,29057.0,-22.2,-20.0,6357,39659,30100
R,9,1,-18,-9,8,-27,7.22,-7.22,-57.43,0.534,0.06762,-0.84278,extrapolated_local_linear,15,-1,,,unclear,,{},,unclear,19936.0,51819.0,37958.0,24326.0,47273.0,39375.0,-72.1,-44.6,,,
R,9,2,-17,-9,7,-26,-3.2,3.2,-56.33,0.55353,-0.03098,-0.83226,zhao_uCT_match,1,2,-18.0,-10.0,unclear,,{},R7_unclear:181578;R8_unclear:213711,yellow,19782.0,51913.0,37030.0,24858.0,46475.0,38911.0,-69.7,-45.1,,,
R,9,3,-16,-9,6,-25,-11.86,11.86,-53.99,0.57541,-0.12086,-0.80889,zhao_uCT_match,1,8,-17.0,-10.0,pale?,Dm8b/Tm5b home,"{""Tm5b"": 1}",R7_unclear:224816;R8_unclear:172830,unclear,19387.0,51777.0,36067.0,24678.0,45922.0,38586.0,-64.5,-45.0,16333,52350,25190
R,9,4,-15,-9,5,-24,-19.32,19.32,-51.55,0.58675,-0.2057,-0.7832,zhao_uCT_match,1,18,-16.0,-10.0,pale,R7,"{""R7p"": 1, ""R8p"": 1, ""Dm8b"": 1}",R7p:240706;R8p:201198,unclear,19242.0,51331.0,35137.0,24685.0,45566.0,38161.0,-60.9,-42.8,15654,52078,24545
R,9,5,-14,-9,4,-23,-26.65,26.65,-49.33,0.58243,-0.29227,-0.75852,zhao_uCT_match,1,29,-15.0,-10.0,pale,R7,"{""R7p"": 1, ""R8p"": 1, ""Dm8b"": 1, ""Tm5a"": 1, ""Tm5b"": 1}",R7p:197213;R8p:170836,pale,18864.0,50944.0,34242.0,24665.0,45163.0,37663.0,-59.5,-40.6,15194,51824,25224
R,9,6,-13,-9,3,-22,-33.56,33.56,-47.54,0.56257,-0.37319,-0.73772,zhao_uCT_match,1,42,-14.0,-10.0,pale,R7,"{""R7p"": 1, ""R8p"": 1, ""Dm8b"": 1}",R7p:236656;R8p:162357,unclear,18993.0,50441.0,33540.0,24601.0,44744.0,37255.0,-56.5,-40.3,,,
R,9,7,-12,-9,2,-21,-40.0,40.0,-45.61,0.53592,-0.44962,-0.71459,zhao_uCT_match,1,57,-13.0,-10.0,yellow,R7,"{""R7y"": 1, ""R8y"": 1, ""Dm8a"": 1, ""Tm5a"": 1}",R8y:174749;R7y:239832,yellow,18843.0,49815.0,32734.0,24510.0,44288.0,36739.0,-54.8,-38.5,14212,50793,26485
R,9,8,-11,-9,1,-20,-46.26,46.26,-43.65,0.50026,-0.52281,-0.69022,zhao_uCT_match,1,73,-12.0,-10.0,yellow,R7,"{""R7y"": 1, ""R8y"": 1, ""Dm8a"": 1, ""Tm5a"": 1}",R8y:207216;R7y:230104,yellow,18659.0,49190.0,32130.0,24344.0,43685.0,36347.0,-53.4,-37.9,13614,50451,26327
R,9,9,-10,-9,0,-19,-51.63,51.63,-41.69,0.46355,-0.58553,-0.66504,zhao_uCT_match,1,92,-11.0,-10.0,yellow,R7,"{""R7y"": 1, ""R8y"": 1, ""Dm8a"": 1, ""Tm5a"": 1}",R8y:183195;R7y:200994,yellow,18597.0,48621.0,31467.0,24204.0,43118.0,35871.0,-51.9,-37.7,12970,49885,26069
R,9,10,-9,-9,-1,-18,-57.14,57.14,-39.03,0.42152,-0.65252,-0.62971,zhao_uCT_match,1,110,-10.0,-10.0,yellow,R7,"{""R7y"": 1, ""R8y"": 1, ""Dm8a"": 1, ""Tm5a"": 1}",R8y:184575;R7y:234642,yellow,18491.0,48030.0,30675.0,24044.0,42675.0,35552.0,-48.7,-35.9,12316,49258,26038
R,9,11,-8,-9,-2,-17,-63.31,63.31,-36.34,0.36182,-0.71963,-0.59264,zhao_uCT_match,1,130,-9.0,-10.0,pale,R7,"{""R7p"": 1, ""R8p"": 1, ""Dm8b"": 1, ""Tm5b"": 1}",R7p:165272;R8p:529932,pale,18629.0,47534.0,30139.0,23973.0,42258.0,35218.0,-46.5,-35.6,11572,48742,25931
R,9,12,-7,-9,-3,-16,-68.57,68.57,-33.83,0.30349,-0.77326,-0.55674,zhao_uCT_match,1,150,-8.0,-10.0,yellow,R7,"{""R7y"": 1, ""R8y"": 1, ""Dm8a"": 1, ""Tm5a"": 1}",R8y:179569;R7y:175562,yellow,18665.0,46885.0,29416.0,23875.0,41883.0,34777.0,-44.2,-33.8,10907,48076,26064
R,9,13,-6,-9,-4,-15,-73.01,73.01,-31.97,0.24787,-0.81129,-0.52949,zhao_uCT_match,1,170,-7.0,-10.0,pale?,Dm8b/Tm5b home,"{""Dm8b"": 1, ""Tm5b"": 1}",R7_unclear:183196;R8_unclear:179722,unclear,18591.0,46266.0,28906.0,23827.0,41537.0,34514.0,-43.0,-31.6,10720,47644,26599
R,9,14,-5,-9,-5,-14,-78.08,78.08,-29.7,0.17946,-0.84986,-0.49551,zhao_uCT_match,1,189,-6.0,-10.0,yellow,R7,"{""R7y"": 1, ""R8y"": 1, ""Dm8a"": 1, ""Tm5a"": 1}",R8y:169694;R7y:169088,yellow,18532.0,45386.0,28131.0,23672.0,41165.0,34087.0,-40.8,-28.2,10502,47130,27051
R,9,15,-4,-9,-6,-13,-83.4,83.4,-27.2,0.10216,-0.88355,-0.45705,zhao_uCT_match,1,211,-5.0,-10.0,pale,R7,"{""R7p"": 1, ""R8p"": 1}",R7p:225698;R8p:155153,unclear,18810.0,44533.0,27616.0,23689.0,40871.0,33733.0,-38.6,-25.1,10290,46674,27487
R,9,16,-3,-9,-7,-12,-88.7,88.7,-25.04,0.02051,-0.90578,-0.42325,zhao_uCT_match,1,232,-4.0,-10.0,pale?,Dm8b/Tm5b home,"{""Dm8b"": 1, ""Tm5b"": 1}",R7_unclear:219344;R8_unclear:156811,unclear,19072.0,43845.0,27076.0,23669.0,40542.0,33497.0,-35.6,-22.7,10269,46134,27895
R,9,17,-2,-9,-8,-11,-93.1,93.1,-23.47,-0.04957,-0.9159,-0.39834,zhao_uCT_match,1,251,-3.0,-10.0,pale,R7,"{""R7p"": 1, ""R8p"": 1}",R7p:181424;R8p:185994,pale,19175.0,43171.0,26670.0,23511.0,40079.0,32975.0,-34.5,-22.0,10048,45523,28081
R,9,18,-1,-9,-9,-10,-97.36,97.36,-21.28,-0.11936,-0.92412,-0.36297,zhao_uCT_match,1,273,-2.0,-10.0,pale,R7,"{""R7p"": 1, ""R8p"": 1, ""Dm8b"": 1, ""Tm5b"": 1}",R7p:184834;R8p:183019,pale,19386.0,42551.0,26282.0,23462.0,39749.0,32723.0,-32.3,-20.2,9920,44833,28376
R,9,19,0,-9,-10,-9,-102.12,102.12,-19.33,-0.19811,-0.9226,-0.33099,zhao_uCT_match,1,292,-1.0,-10.0,unclear,,{},R7_unclear:190047;R8_unclear:176590,unclear,19582.0,41941.0,25736.0,23334.0,39160.0,32392.0,-29.4,-20.0,7748,43891,28460
R,9,20,1,-9,-11,-8,-107.04,107.04,-17.99,-0.27874,-0.90934,-0.30888,zhao_uCT_match,1,313,0.0,-10.0,pale?,Dm8b/Tm5b home,"{""Dm8b"": 1, ""Tm5b"": 1}",R7_unclear:80266;R8_unclear:190676,unclear,19861.0,41256.0,25293.0,23426.0,38725.0,31892.0,-28.4,-18.6,7919,43270,28573
R,9,21,2,-9,-12,-7,-112.42,112.42,-16.58,-0.36555,-0.88599,-0.28528,zhao_uCT_match,1,332,1.0,-10.0,yellow,R7,"{""R7y"": 1, ""R8y"": 1, ""Dm8a"": 1, ""Tm5a"": 1}",R8y:182446;R7y:206687,yellow,20357.0,40415.0,25019.0,23470.0,38227.0,31636.0,-25.2,-16.7,7896,43261,28615
R,9,22,3,-9,-13,-6,-117.72,117.72,-14.89,-0.44959,-0.85546,-0.257,zhao_uCT_match,1,352,2.0,-10.0,pale,R7,"{""R7p"": 1, ""R8p"": 1, ""Dm8b"": 1, ""Tm5b"": 1}",R7p:60378;R8p:188262,pale,20625.0,39628.0,24507.0,23512.0,37766.0,31261.0,-23.1,-14.2,7765,42029,28957
R,9,23,4,-9,-14,-5,-122.51,122.51,-13.22,-0.52326,-0.82091,-0.22869,zhao_uCT_match,1,372,3.0,-10.0,unclear,,{},R7_unclear:176445;R8_unclear:200269,yellow,20831.0,38765.0,24139.0,23527.0,37051.0,30892.0,-21.8,-13.3,7528,41392,29247
R,9,24,5,-9,-15,-4,-128.26,128.26,-11.97,-0.60577,-0.76812,-0.20747,zhao_uCT_match,1,392,4.0,-10.0,pale,R7,"{""R7p"": 1, ""R8p"": 1}",R7p:197361;R8p:192378,unclear,21297.0,38157.0,23944.0,23940.0,36517.0,30564.0,-21.8,-13.0,7611,40710,29253
R,9,25,6,-9,-16,-3,-135.24,135.24,-11.79,-0.69508,-0.68929,-0.20431,zhao_uCT_match,1,412,5.0,-10.0,yellow,R7,"{""R7y"": 1, ""R8y"": 1, ""Dm8a"": 1, ""Tm5a"": 1, ""Tm5b"": 1}",R8y:190791;R7y:187665,yellow,21618.0,37387.0,23684.0,24074.0,35816.0,30199.0,-20.7,-12.7,7479,40021,29295
R,9,26,7,-9,-17,-2,-143.52,143.52,-12.7,-0.7844,-0.57998,-0.21986,zhao_uCT_match,1,427,6.0,-10.0,yellow,R7,"{""R7y"": 1, ""R8y"": 1, ""Dm8a"": 1, ""Tm5a"": 1}",R8y:131289;R7y:221145,yellow,22031.0,36468.0,23526.0,24364.0,35131.0,29729.0,-20.6,-11.4,6695,39142,29805
R,9,27,8,-9,-18,-1,-150.96,150.96,-11.19,-0.85768,-0.47616,-0.19404,zhao_uCT_match,1,446,7.0,-10.0,unclear,,"{""Dm8a"": 1, ""Tm5b"": 1}",R7_unclear:189939;R8_unclear:207755,unclear,23081.0,36047.0,23526.0,24813.0,34712.0,29419.0,-16.4,-12.3,5845,37931,30119
R,9,28,9,-9,-19,0,-158.46,158.46,-10.22,-0.91541,-0.3613,-0.17742,extrapolated_local_linear,17,-1,,,unclear,,{},,unclear,23630.0,35311.0,23541.0,25364.0,34074.0,28966.0,-17.7,-12.3,6316,38628,30180
R,10,1,-18,-8,9,-26,7.14,-7.14,-52.53,0.60358,0.07558,-0.79372,extrapolated_local_linear,16,-1,,,unclear,,{},,unclear,18851.0,51545.0,38435.0,23502.0,47563.0,40019.0,-71.2,-39.0,17505,51977,25585
R,10,2,-17,-8,8,-25,-1.67,1.67,-51.04,0.62852,-0.01838,-0.77758,zhao_uCT_match,1,6,-18.0,-9.0,yellow,R7,"{""R7y"": 1, ""R8y"": 1, ""Dm8a"": 1, ""Tm5a"": 1}",R8y:181043;R7y:159120,yellow,18699.0,51636.0,37330.0,23946.0,46682.0,39570.0,-66.9,-41.0,17119,51907,25225
R,10,3,-16,-8,7,-24,-9.97,9.97,-49.32,0.64195,-0.11282,-0.7584,zhao_uCT_match,1,14,-17.0,-9.0,pale?,Dm8b/Tm5b home,"{""Dm8b"": 1, ""Tm5b"": 1}",R7_unclear:185848;R8_unclear:188713,unclear,18664.0,51457.0,36326.0,24043.0,45991.0,38992.0,-63.6,-42.3,16576,51925,24486
R,10,4,-15,-8,6,-23,-16.78,16.78,-47.39,0.64822,-0.19543,-0.73595,zhao_uCT_match,1,23,-16.0,-9.0,yellow,R7,"{""R7y"": 1, ""R8y"": 1, ""Dm8a"": 1, ""Tm5a"": 1}",R8y:203836;R7y:174586,yellow,18355.0,51247.0,35306.0,23915.0,45482.0,38435.0,-60.6,-42.1,16089,51678,24360
R,10,5,-14,-8,5,-22,-23.28,23.28,-45.65,0.64219,-0.27628,-0.71503,zhao_uCT_match,1,35,-15.0,-9.0,yellow,R7,"{""R7y"": 1, ""R8y"": 1, ""Dm8a"": 1, ""Tm5a"": 1}",R8y:218598;R7y:190231,yellow,18188.0,50593.0,34537.0,23839.0,45008.0,38001.0,-58.5,-40.1,15447,51377,24153
R,10,6,-13,-8,4,-21,-29.88,29.88,-43.69,0.62697,-0.36016,-0.69079,zhao_uCT_match,1,49,-14.0,-9.0,pale,R7,"{""R7p"": 1, ""R8p"": 1}",R7p:230050;R8p:188862,pale,17961.0,50093.0,33797.0,23833.0,44561.0,37575.0,-57.2,-38.4,15114,51038,25476
R,10,7,-12,-8,3,-20,-35.99,35.99,-41.87,0.60248,-0.43761,-0.66747,zhao_uCT_match,1,65,-13.0,-9.0,pale?,Dm8b/Tm5b home,"{""Tm5b"": 1}",R7_unclear:206597;R8_unclear:257464,unclear,17800.0,49501.0,33116.0,23774.0,44154.0,37085.0,-56.4,-36.7,14576,50507,26109
R,10,8,-11,-8,2,-19,-41.81,41.81,-40.14,0.56979,-0.5097,-0.64463,zhao_uCT_match,1,83,-12.0,-9.0,pale?,Dm8b/Tm5b home,"{""Dm8b"": 1, ""Tm5b"": 1}",R7_unclear:195284;R8_unclear:195277,unclear,17751.0,48885.0,32551.0,23555.0,43596.0,36639.0,-54.8,-36.7,13854,50187,25799
R,10,9,-10,-8,1,-18,-46.97,46.97,-38.43,0.53452,-0.57263,-0.6216,zhao_uCT_match,1,99,-11.0,-9.0,pale?,Dm8b/Tm5b home,"{""Dm8b"": 1}",R7_unclear:179691;R8_unclear:192091,unclear,17522.0,48267.0,31685.0,23452.0,42947.0,36256.0,-52.4,-35.4,13302,49708,25746
R,10,10,-9,-8,0,-17,-52.21,52.21,-35.91,0.49633,-0.6401,-0.58645,zhao_uCT_match,1,118,-10.0,-9.0,pale?,Dm8b/Tm5b home,"{""Tm5b"": 1}",R7_unclear:208419;R8_unclear:198954,unclear,17311.0,47770.0,30991.0,23331.0,42472.0,35818.0,-51.3,-34.5,12786,49105,25795
R,10,11,-8,-8,-1,-16,-57.7,57.7,-33.32,0.44649,-0.70637,-0.54926,zhao_uCT_match,1,135,-9.0,-9.0,yellow,R7,"{""R7y"": 1, ""R8y"": 1, ""Dm8a"": 1, ""Tm5a"": 1}",R8y:216792;R7y:175276,yellow,17548.0,46978.0,30463.0,23244.0,42083.0,35493.0,-48.6,-32.8,12175,48485,25790
R,10,12,-7,-8,-2,-15,-63.18,63.18,-30.67,0.38805,-0.76762,-0.51008,zhao_uCT_match,1,157,-8.0,-9.0,pale,R7,"{""R7p"": 1, ""R8p"": 1, ""Dm8b"": 1}",R7p:160181;R8p:168122,pale,17694.0,46543.0,29790.0,23318.0,41799.0,35176.0,-46.2,-31.4,11243,47995,25816
R,10,13,-6,-8,-3,-14,-67.91,67.91,-28.63,0.33006,-0.81331,-0.47915,zhao_uCT_match,1,177,-7.0,-9.0,yellow,R7,"{""R7y"": 1, ""R8y"": 1, ""Dm8a"": 1, ""Tm5a"": 1}",R8y:185284;R7y:122524,yellow,17632.0,45690.0,29269.0,23120.0,41387.0,34788.0,-44.8,-28.9,10780,47219,26136
R,10,14,-5,-8,-4,-13,-72.5,72.5,-26.64,0.26871,-0.85248,-0.4484,zhao_uCT_match,1,196,-6.0,-9.0,yellow,R7,"{""R7y"": 1, ""R8y"": 1, ""Dm8a"": 1, ""Tm5a"": 1}",R8y:177356;R7y:191575,yellow,17887.0,44885.0,28671.0,22976.0,41005.0,34507.0,-41.1,-26.6,10538,46741,26611
R,10,15,-4,-8,-5,-12,-77.46,77.46,-24.16,0.19804,-0.89068,-0.40924,zhao_uCT_match,1,217,-5.0,-9.0,pale?,Dm8b/Tm5b home,"{""Dm8b"": 1}",R7_unclear:150230;R8_unclear:176282,unclear,17926.0,44169.0,27963.0,22871.0,40593.0,34209.0,-38.4,-24.2,10274,46256,26921
R,10,16,-3,-8,-6,-11,-82.53,82.53,-21.9,0.12062,-0.91997,-0.37297,zhao_uCT_match,1,239,-4.0,-9.0,yellow,R7,"{""R7y"": 1, ""R8y"": 1, ""Dm8a"": 1}",R8y:188019;R7y:178815,yellow,18343.0,43454.0,27592.0,22850.0,40247.0,33824.0,-35.9,-22.6,10113,45766,27330
R,10,17,-2,-8,-7,-10,-87.43,87.43,-20.14,0.04206,-0.93793,-0.34426,zhao_uCT_match,1,260,-3.0,-9.0,yellow?,Dm8a/Tm5a home,"{""Tm5a"": 1}",R7_unclear:92443;R8_unclear:178085,unclear,18188.0,42850.0,26875.0,22906.0,39889.0,33435.0,-35.7,-20.1,9992,45123,27684
R,10,18,-1,-8,-8,-9,-91.56,91.56,-18.37,-0.02587,-0.94867,-0.31521,zhao_uCT_match,1,280,-2.0,-9.0,pale?,Dm8b/Tm5b home,"{""Dm8b"": 1}",R7_unclear:193756;R8_unclear:185450,unclear,18402.0,42106.0,26389.0,22666.0,39203.0,32928.0,-33.1,-20.4,9858,44435,27965
R,10,19,0,-8,-9,-8,-95.87,95.87,-16.05,-0.09828,-0.95599,-0.27646,zhao_uCT_match,1,301,-1.0,-9.0,yellow,R7,"{""R7y"": 1, ""R8y"": 1, ""Dm8a"": 1, ""Tm5a"": 1}",R8y:185914;R7y:194507,yellow,18558.0,41433.0,25930.0,22615.0,38818.0,32733.0,-30.8,-18.3,,,
R,10,20,1,-8,-10,-7,-100.54,100.54,-14.42,-0.17717,-0.95216,-0.24901,zhao_uCT_match,1,322,0.0,-9.0,pale?,Dm8b/Tm5b home,"{""Dm8b"": 1}",R7_unclear:186695;R8_unclear:184570,unclear,18866.0,40751.0,25494.0,22572.0,38311.0,32479.0,-27.9,-17.1,8173,42858,28178
R,10,21,2,-8,-11,-6,-105.42,105.42,-12.99,-0.25901,-0.93934,-0.22483,zhao_uCT_match,1,344,1.0,-9.0,unclear,,{},R7_unclear:135626;R8_unclear:175744,yellow,19345.0,40021.0,25176.0,22645.0,37823.0,31895.0,-26.2,-16.4,7796,42241,28276
R,10,22,3,-8,-12,-5,-110.76,110.76,-11.24,-0.3477,-0.91713,-0.19486,zhao_uCT_match,1,363,2.0,-9.0,pale,R7,"{""R7p"": 1, ""R8p"": 1, ""Tm5b"": 1}",R7p:223651;R8p:152620,pale,19509.0,39199.0,24765.0,22657.0,37509.0,31691.0,-24.4,-12.5,7906,41553,28523
R,10,23,4,-8,-13,-4,-115.49,115.49,-9.7,-0.42426,-0.88974,-0.16843,zhao_uCT_match,1,383,3.0,-9.0,pale?,Dm8b/Tm5b home,"{""Dm8b"": 1}",R7_unclear:178601;R8_unclear:136604,unclear,19689.0,38486.0,24242.0,22713.0,36714.0,31278.0,-23.3,-13.0,7639,40933,28678
R,10,24,5,-8,-14,-3,-120.68,120.68,-8.47,-0.50462,-0.85068,-0.14731,zhao_uCT_match,1,404,4.0,-9.0,unclear,,"{""Dm8b"": 1, ""Tm5a"": 1, ""Tm5b"": 1}",R7_unclear:158327;R8_unclear:185040,unclear,20222.0,37649.0,23931.0,22778.0,36044.0,31030.0,-19.8,-12.0,7585,40142,28728
R,10,25,6,-8,-15,-2,-126.72,126.72,-7.39,-0.59297,-0.79488,-0.12868,zhao_uCT_match,1,424,5.0,-9.0,pale?,Dm8b/Tm5b home,"{""Tm5b"": 1}",R7_unclear:179815;R8_unclear:184585,unclear,20590.0,36839.0,23687.0,23124.0,35625.0,30735.0,-19.8,-9.2,7584,39339,28940
R,10,26,7,-8,-16,-1,-133.54,133.54,-7.16,-0.68343,-0.7193,-0.12461,zhao_uCT_match,1,442,6.0,-9.0,pale,R7,"{""R7p"": 1, ""R8p"": 1, ""Dm8b"": 1}",R7p:162942;R8p:188427,unclear,21114.0,36118.0,23529.0,23394.0,34854.0,30355.0,-18.5,-10.0,7341,38737,29223
R,10,27,8,-8,-17,0,-141.1,141.1,-6.86,-0.77267,-0.62348,-0.11943,zhao_uCT_match,1,460,7.0,-9.0,pale,R7,"{""R7p"": 1, ""R8p"": 1, ""Dm8b"": 1, ""Tm5b"": 1}",R7p:151738;R8p:185821,unclear,21724.0,35228.0,23393.0,23808.0,34200.0,29764.0,-18.1,-8.7,7157,37637,29439
R,10,28,9,-8,-18,1,-149.79,149.79,-6.37,-0.85886,-0.50005,-0.11095,zhao_uCT_match,1,477,8.0,-9.0,pale?,Dm8b/Tm5b home,"{""Tm5b"": 1}",R7_unclear:220469;R8_unclear:244865,unclear,22497.0,34807.0,23471.0,24424.0,33597.0,29408.0,-18.0,-11.0,5667,36731,30119
R,10,29,10,-8,-19,2,-158.0,158.0,-6.34,-0.92149,-0.37235,-0.11049,extrapolated_local_linear,18,-1,,,unclear,,{},,unclear,23029.0,34032.0,23528.0,24946.0,32968.0,28970.0,-19.4,-10.4,5930,36154,30202
R,11,1,-18,-7,10,-25,7.15,-7.15,-47.88,0.66542,0.08346,-0.74179,extrapolated_local_linear,15,-1,,,unclear,,{},,unclear,18047.0,51135.0,38785.0,22542.0,47461.0,40614.0,-67.9,-37.1,17804,51422,25604
R,11,2,-17,-7,9,-24,-0.46,0.46,-46.58,0.68732,-0.0055,-0.72634,zhao_uCT_match,1,12,-18.0,-8.0,yellow,R7,"{""R7y"": 1, ""R8y"": 1, ""Dm8a"": 1, ""Tm5a"": 1, ""Tm5b"": 1}",R8y:200097;R7y:164547,yellow,18085.0,51249.0,37745.0,23161.0,46658.0,40061.0,-65.5,-39.4,17318,51449,24835
R,11,3,-16,-7,8,-23,-8.07,8.07,-45.35,0.69585,-0.09861,-0.71138,zhao_uCT_match,1,17,-17.0,-8.0,yellow,R7,"{""R7y"": 1, ""R8y"": 1, ""Dm8a"": 1, ""Tm5a"": 1}",R8y:140234;R7y:175461,yellow,17794.0,51237.0,36550.0,23409.0,46029.0,39603.0,-61.5,-39.2,16856,51330,24496
R,11,4,-15,-7,7,-22,-14.53,14.53,-43.64,0.70055,-0.1816,-0.6901,zhao_uCT_match,1,28,-16.0,-8.0,pale?,Dm8b/Tm5b home,"{""Dm8b"": 1, ""Tm5b"": 1}",R7_unclear:173429;R8_unclear:160698,unclear,17676.0,50841.0,35813.0,23298.0,45408.0,38957.0,-60.8,-40.1,16314,51058,24080
R,11,5,-14,-7,6,-21,-20.53,20.53,-41.84,0.69772,-0.26128,-0.66702,zhao_uCT_match,1,40,-15.0,-8.0,yellow,R7,"{""R7y"": 1, ""R8y"": 1, ""Dm8a"": 1}",R8y:272456;R7y:173491,yellow,17138.0,50173.0,35046.0,22964.0,44932.0,38523.0,-59.2,-37.7,15739,50797,24130
R,11,6,-13,-7,5,-20,-26.47,26.47,-40.25,0.68321,-0.34021,-0.64613,zhao_uCT_match,1,54,-14.0,-8.0,pale?,Dm8b/Tm5b home,"{""Dm8b"": 1, ""Tm5b"": 1}",R7_unclear:318691;R8_unclear:298091,yellow,16721.0,49750.0,34143.0,23039.0,44499.0,37997.0,-58.6,-35.4,15229,50475,24698
R,11,7,-12,-7,4,-19,-32.53,32.53,-38.42,0.66056,-0.42128,-0.62144,zhao_uCT_match,1,70,-13.0,-8.0,pale,R7,"{""R7p"": 1, ""R8p"": 1, ""Dm8b"": 1, ""Tm5a"": 1}",R7p:348116;R8p:216254,unclear,16597.0,49365.0,33523.0,23027.0,44051.0,37529.0,-58.1,-35.0,,,
R,11,8,-11,-7,3,-18,-38.12,38.12,-36.3,0.63399,-0.49754,-0.59204,zhao_uCT_match,1,87,-12.0,-8.0,pale?,Dm8b/Tm5b home,"{""Dm8b"": 1}",R7_unclear:190876;R8_unclear:200109,unclear,16590.0,48717.0,32872.0,22755.0,43574.0,37129.0,-55.4,-34.5,,,
R,11,9,-10,-7,2,-17,-43.03,43.03,-34.61,0.60164,-0.56167,-0.56794,zhao_uCT_match,1,106,-11.0,-8.0,yellow?,Dm8a/Tm5a home,"{""Tm5a"": 1}",R7_unclear:184463;R8_unclear:194774,yellow,16524.0,48138.0,32200.0,22594.0,42938.0,36629.0,-53.9,-34.7,13346,49116,25582
R,11,10,-9,-7,1,-16,-47.86,47.86,-32.51,0.56585,-0.62533,-0.53737,zhao_uCT_match,1,123,-10.0,-8.0,pale,R7,"{""R7p"": 1, ""R8p"": 1, ""Dm8b"": 1, ""Tm5b"": 1}",R7p:181992;R8p:190626,pale,16547.0,47424.0,31389.0,22529.0,42373.0,36274.0,-50.8,-33.2,12847,48513,25759
R,11,11,-8,-7,0,-15,-53.18,53.18,-30.0,0.51906,-0.69321,-0.50003,zhao_uCT_match,1,142,-9.0,-8.0,pale?,Dm8b/Tm5b home,"{""Dm8b"": 1, ""Tm5b"": 1}",R7_unclear:183627;R8_unclear:176548,unclear,16294.0,46656.0,30740.0,22413.0,41921.0,35883.0,-50.0,-30.6,11894,47926,25523
R,11,12,-7,-7,-1,-14,-58.17,58.17,-27.57,0.46751,-0.75316,-0.46279,zhao_uCT_match,1,163,-8.0,-8.0,pale,R7,"{""R7p"": 1, ""R8p"": 1, ""Dm8b"": 1}",R7p:179992;R8p:179020,pale,16384.0,45847.0,30115.0,22567.0,41544.0,35518.0,-48.9,-27.7,11142,47403,25667
R,11,13,-6,-7,-2,-13,-63.03,63.03,-25.37,0.40984,-0.80525,-0.4285,zhao_uCT_match,1,183,-7.0,-8.0,pale,R7,"{""R7p"": 1, ""R8p"": 1, ""Tm5b"": 1}",R7p:175093;R8p:185012,unclear,16532.0,45219.0,29509.0,22424.0,41098.0,35238.0,-45.8,-26.6,10924,46727,25938
R,11,14,-5,-7,-3,-12,-67.69,67.69,-23.33,0.34852,-0.84952,-0.39603,zhao_uCT_match,1,204,-6.0,-8.0,pale,R7,"{""R7p"": 1, ""R8p"": 1, ""Dm8b"": 1, ""Tm5b"": 1}",R7p:171254;R8p:181509,pale,16686.0,44440.0,28859.0,22234.0,40632.0,34875.0,-42.7,-25.0,10527,46213,26126
R,11,15,-4,-7,-4,-11,-72.3,72.3,-21.31,0.28319,-0.88752,-0.36347,zhao_uCT_match,1,223,-5.0,-8.0,pale?,Dm8b/Tm5b home,"{""Dm8b"": 1, ""Tm5b"": 1}",R7_unclear:220387;R8_unclear:168230,unclear,16991.0,43769.0,28264.0,22263.0,40304.0,34537.0,-40.0,-22.9,10349,45767,26528
R,11,16,-3,-7,-5,-10,-77.03,77.03,-19.23,0.21196,-0.92008,-0.32944,zhao_uCT_match,1,244,-4.0,-8.0,yellow,R7,"{""R7y"": 1, ""R8y"": 1, ""Dm8a"": 1, ""Tm5a"": 1}",R8y:154970;R7y:161375,yellow,17006.0,43040.0,27674.0,22183.0,39867.0,34104.0,-38.8,-21.0,10258,45256,27059
R,11,17,-2,-7,-6,-9,-82.09,82.09,-17.04,0.13163,-0.94699,-0.29307,zhao_uCT_match,1,267,-3.0,-8.0,pale?,Dm8b/Tm5b home,"{""Dm8b"": 1, ""Tm5b"": 1}",R7_unclear:200329;R8_unclear:202662,unclear,17301.0,42290.0,27231.0,22185.0,39396.0,33666.0,-37.2,-19.7,9938,44695,27302
R,11,18,-1,-7,-7,-8,-86.56,86.56,-15.43,0.05788,-0.96223,-0.26601,zhao_uCT_match,1,288,-2.0,-8.0,yellow,R7,"{""R7y"": 1, ""R8y"": 1, ""Dm8a"": 1, ""Tm5a"": 1}",R8y:194093;R7y:168685,yellow,17428.0,41650.0,26664.0,22135.0,38991.0,33369.0,-35.1,-18.0,9848,44039,27539
R,11,19,0,-7,-8,-7,-90.61,90.61,-13.36,-0.01041,-0.97287,-0.23112,zhao_uCT_match,1,309,-1.0,-8.0,pale,R7,"{""R7p"": 1, ""R8p"": 1, ""Dm8b"": 1, ""Tm5b"": 1}",R7p:160256;R8p:178464,pale,17700.0,40955.0,26181.0,22012.0,38393.0,33007.0,-32.3,-17.6,,,
R,11,20,1,-7,-9,-6,-95.03,95.03,-11.26,-0.08591,-0.97698,-0.19526,zhao_uCT_match,1,331,0.0,-8.0,pale?,Dm8b/Tm5b home,"{""Dm8b"": 1, ""Tm5b"": 1}",R7_unclear:168062;R8_unclear:182354,unclear,17957.0,40310.0,25718.0,21924.0,37793.0,32709.0,-29.6,-17.4,8219,42464,27778
R,11,21,2,-7,-10,-5,-99.42,99.42,-9.51,-0.16137,-0.97296,-0.16527,zhao_uCT_match,1,354,1.0,-8.0,unclear,,{},R7_unclear:188141;R8_unclear:176261,unclear,18098.0,39533.0,25307.0,21915.0,37245.0,32222.0,-28.9,-16.2,7947,41747,27973
R,11,22,3,-7,-11,-4,-104.28,104.28,-7.76,-0.2444,-0.96023,-0.13498,zhao_uCT_match,1,375,2.0,-8.0,unclear,,"{""Dm8b"": 1, ""Tm5a"": 1, ""Tm5b"": 1}",R7_unclear:189730;R8_unclear:183887,yellow,18570.0,38780.0,24965.0,21861.0,36695.0,31827.0,-25.6,-15.3,7766,40911,27973
R,11,23,4,-7,-12,-3,-109.26,109.26,-6.47,-0.32771,-0.93805,-0.11261,zhao_uCT_match,1,395,3.0,-8.0,pale,R7,"{""R7p"": 1, ""R8p"": 1, ""Dm8b"": 1}",R7p:175900;R8p:177676,pale,18749.0,37995.0,24543.0,22165.0,36309.0,31548.0,-26.0,-12.2,7892,40261,28168
R,11,24,5,-7,-13,-2,-113.89,113.89,-5.03,-0.40336,-0.91084,-0.08764,zhao_uCT_match,1,416,4.0,-8.0,yellow,R7,"{""R7y"": 1, ""R8y"": 1, ""Dm8a"": 1, ""Tm5a"": 1, ""Tm5b"": 1}",R8y:181967;R7y:151977,yellow,19129.0,37171.0,24155.0,22119.0,35527.0,31271.0,-22.8,-12.0,7608,39458,28384
R,11,25,6,-7,-14,-1,-119.2,119.2,-3.7,-0.48678,-0.87113,-0.06459,zhao_uCT_match,1,437,5.0,-8.0,pale,R7,"{""R7p"": 1, ""R8p"": 1}",R7p:157200;R8p:173953,pale,19506.0,36402.0,23800.0,22268.0,34851.0,31038.0,-20.9,-11.3,7605,38389,28679
R,11,26,7,-7,-15,0,-125.53,125.53,-2.65,-0.58045,-0.81298,-0.04622,zhao_uCT_match,1,458,6.0,-8.0,pale,R7,"{""R7p"": 1, ""R8p"": 1, ""Dm8b"": 1, ""Tm5b"": 1}",R7p:217398;R8p:171685,unclear,19928.0,35457.0,23562.0,22600.0,34294.0,30697.0,-20.5,-8.7,7458,37685,28808
R,11,27,8,-7,-16,1,-132.32,132.32,-2.31,-0.67279,-0.73874,-0.04027,zhao_uCT_match,1,475,7.0,-8.0,yellow?,Dm8a/Tm5a home,"{""Dm8a"": 1}",R7_unclear:154095;R8_unclear:177915,unclear,20637.0,34858.0,23367.0,22805.0,33675.0,30399.0,-17.1,-9.1,7384,36783,28973
R,11,28,9,-7,-17,2,-140.31,140.31,-2.3,-0.76894,-0.63806,-0.04011,zhao_uCT_match,1,493,8.0,-8.0,yellow,R7,"{""R7y"": 1, ""R8y"": 1, ""Dm8a"": 1, ""Tm5a"": 1, ""Tm5b"": 1}",R8y:182805;R7y:136304,yellow,21119.0,34035.0,23362.0,23283.0,33086.0,29798.0,-18.6,-8.0,7225,36073,29148
R,11,29,10,-7,-18,3,-150.7,150.7,-2.07,-0.8715,-0.48906,-0.03613,zhao_uCT_match,1,507,9.0,-8.0,pale?,Dm8b/Tm5b home,"{""Dm8b"": 2, ""Tm5b"": 1}",R7_unclear:230279;R8_unclear:209679,unclear,21779.0,33474.0,23448.0,23871.0,32441.0,29446.0,-19.2,-9.2,5555,35320,30127
R,11,30,11,-7,-19,4,-157.97,157.97,-3.2,-0.92554,-0.37452,-0.05582,extrapolated_local_linear,18,-1,,,unclear,,{},,unclear,22802.0,32260.0,24270.0,24223.0,31167.0,29240.0,-16.0,-11.9,5529,34618,30388
R,12,1,-18,-6,11,-24,7.94,-7.94,-43.48,0.71871,0.10027,-0.68804,extrapolated_local_linear,14,-1,,,unclear,,{},,unclear,17366.0,50655.0,39076.0,21615.0,47313.0,41149.0,-64.0,-35.3,,,
R,12,2,-17,-6,10,-23,0.45,-0.45,-42.84,0.73328,0.00571,-0.6799,zhao_uCT_match,1,16,-18.0,-7.0,yellow?,Dm8a/Tm5a home,"{""Dm8a"": 1, ""Tm5a"": 1}",R7_unclear:189761;R8_unclear:207176,yellow,17287.0,50771.0,38220.0,22351.0,46639.0,40662.0,-64.3,-36.3,17600,50917,25234
R,12,3,-16,-6,9,-22,-5.94,5.94,-41.5,0.74489,-0.0775,-0.66267,zhao_uCT_match,1,25,-17.0,-7.0,yellow,R7,"{""R7y"": 1, ""R8y"": 1, ""Dm8a"": 1, ""Tm5a"": 1}",R8y:280106;R7y:225910,yellow,16915.0,50885.0,36955.0,22686.0,45812.0,39966.0,-62.4,-37.9,17130,50762,24228
R,12,4,-15,-6,8,-21,-12.44,12.44,-40.31,0.74469,-0.16433,-0.64687,zhao_uCT_match,1,36,-16.0,-7.0,pale,R7,"{""R7p"": 1, ""R8p"": 1, ""Tm5b"": 1}",R7_unclear:196908;R7p:208049;R8p:202322,unclear,16567.0,50314.0,36178.0,22724.0,45433.0,39380.0,-62.5,-35.1,16609,50533,24123
R,12,5,-14,-6,7,-20,-18.01,18.01,-38.7,0.74222,-0.24137,-0.62518,zhao_uCT_match,1,47,-15.0,-7.0,unclear,,"{""Tm5a"": 1, ""Tm5b"": 1}",R7_unclear:285915;R8_unclear:289268,yellow,15883.0,50127.0,35170.0,22529.0,44913.0,39004.0,-60.0,-34.2,16001,50203,23949
R,12,6,-13,-6,6,-19,-23.61,23.61,-36.89,0.73283,-0.32033,-0.60029,zhao_uCT_match,1,61,-14.0,-7.0,pale,R7,"{""R7p"": 1, ""R8p"": 1, ""Dm8b"": 1, ""Tm5b"": 1}",R7p:500103;R8p:417677,pale,16031.0,49530.0,34517.0,22336.0,44365.0,38442.0,-58.1,-34.8,15406,49882,24204
R,12,7,-12,-6,5,-18,-29.37,29.37,-35.1,0.71298,-0.4013,-0.57499,zhao_uCT_match,1,76,-13.0,-7.0,yellow?,Dm8a/Tm5a home,"{""Tm5a"": 1}",R7_unclear:251270;R8_unclear:305056,unclear,15743.0,48902.0,33815.0,22187.0,43840.0,37999.0,-57.0,-33.4,,,
R,12,8,-11,-6,4,-17,-34.8,34.8,-33.03,0.68844,-0.47851,-0.54505,zhao_uCT_match,1,93,-12.0,-7.0,yellow,R7,"{""R7y"": 1, ""R8y"": 1, ""Dm8a"": 1, ""Tm5a"": 1, ""Tm5b"": 1}",R8y:336527;R7y:246311,yellow,15715.0,48296.0,33204.0,22136.0,43309.0,37407.0,-56.8,-33.0,,,
R,12,9,-10,-6,3,-16,-39.43,39.43,-31.02,0.66201,-0.54427,-0.51528,zhao_uCT_match,1,111,-11.0,-7.0,unclear,,{},R7_unclear:193278;R8_unclear:208170,unclear,15694.0,47740.0,32467.0,21959.0,42815.0,36982.0,-54.2,-32.5,13394,48663,25648
R,12,10,-9,-6,2,-15,-43.98,43.98,-29.07,0.62897,-0.60688,-0.48589,zhao_uCT_match,1,132,-10.0,-7.0,yellow,R7,"{""R7y"": 1, ""R8y"": 1, ""Dm8a"": 1, ""Tm5a"": 1}",R8y:212519;R7y:200064,yellow,15593.0,47045.0,31972.0,21736.0,42201.0,36578.0,-53.1,-32.2,12751,48019,25455
R,12,11,-8,-6,1,-14,-48.71,48.71,-26.84,0.58882,-0.67041,-0.45149,zhao_uCT_match,1,151,-9.0,-7.0,pale?,Dm8b/Tm5b home,"{""Dm8b"": 1, ""Tm5b"": 1}",R7_unclear:184391;R8_unclear:188934,unclear,15487.0,46427.0,31317.0,21800.0,41775.0,36288.0,-51.8,-30.1,12288,47567,25464
R,12,12,-7,-6,0,-13,-53.63,53.63,-24.61,0.53919,-0.73204,-0.4164,zhao_uCT_match,1,172,-8.0,-7.0,pale?,Dm8b/Tm5b home,"{""Tm5b"": 1}",R7_unclear:188341;R8_unclear:177390,unclear,15407.0,45704.0,30556.0,21760.0,41276.0,35840.0,-50.2,-28.2,11361,47031,25471
R,12,13,-6,-6,-1,-12,-58.38,58.38,-22.35,0.48488,-0.78757,-0.3803,zhao_uCT_match,1,192,-7.0,-7.0,pale,R7,"{""R7p"": 1, ""R8p"": 1, ""Dm8b"": 1, ""Tm5b"": 1}",R7p:545389;R8p:545388,pale,15598.0,44912.0,29987.0,21697.0,40767.0,35488.0,-48.0,-26.8,11055,46410,25538
R,12,14,-5,-6,-2,-11,-62.99,62.99,-20.24,0.42604,-0.83594,-0.34598,zhao_uCT_match,1,212,-6.0,-7.0,yellow,R7,"{""R7y"": 1, ""R8y"": 1, ""Dm8a"": 1, ""Tm5a"": 1}",R8y:185164;R7y:193987,yellow,15742.0,44171.0,29212.0,21668.0,40353.0,35174.0,-44.8,-24.4,10652,45792,25746
R,12,15,-4,-6,-3,-10,-67.44,67.44,-18.24,0.36431,-0.87709,-0.31303,zhao_uCT_match,1,234,-5.0,-7.0,pale?,Dm8b/Tm5b home,"{""Dm8b"": 1}",R7_unclear:179124;R8_unclear:174285,unclear,15954.0,43489.0,28696.0,21620.0,39926.0,34733.0,-43.2,-23.3,10281,45325,26078
R,12,16,-3,-6,-4,-9,-71.96,71.96,-16.23,0.29731,-0.91297,-0.27944,zhao_uCT_match,1,254,-4.0,-7.0,pale,R7,"{""R7p"": 1, ""R8p"": 1, ""Dm8b"": 1}",R7p:170626;R8p:186310,unclear,16085.0,42722.0,28094.0,21550.0,39441.0,34405.0,-40.9,-21.5,10147,44798,26599
R,12,17,-2,-6,-5,-8,-76.66,76.66,-14.2,0.22372,-0.94326,-0.24536,zhao_uCT_match,1,276,-3.0,-7.0,pale?,Dm8b/Tm5b home,"{""Tm5b"": 1}",R7_unclear:169774;R8_unclear:188291,unclear,16165.0,42069.0,27544.0,21558.0,39100.0,34025.0,-39.8,-19.4,10030,44175,26954
R,12,18,-1,-6,-6,-7,-81.36,81.36,-12.25,0.14681,-0.96616,-0.2121,zhao_uCT_match,1,299,-2.0,-7.0,yellow,R7,"{""R7y"": 1, ""R8y"": 1, ""Dm8a"": 1, ""Tm5a"": 1}",R8y:189891;R7y:172955,yellow,16348.0,41336.0,26958.0,21517.0,38446.0,33688.0,-37.5,-18.8,9835,43553,27155
R,12,19,0,-6,-7,-6,-85.65,85.65,-10.48,0.07451,-0.98051,-0.18181,zhao_uCT_match,1,320,-1.0,-7.0,yellow,R7,"{""R7y"": 1, ""R8y"": 1, ""Dm8a"": 1, ""Tm5a"": 1}",R8y:165894;R7y:162832,yellow,16726.0,40671.0,26511.0,21438.0,38000.0,33423.0,-34.3,-17.7,,,
R,12,20,1,-6,-8,-5,-89.93,89.93,-8.53,0.00129,-0.98894,-0.14829,zhao_uCT_match,1,342,0.0,-7.0,yellow,R7,"{""R7y"": 1, ""R8y"": 1, ""Dm8a"": 1, ""Tm5a"": 1}",R8y:181001;R7y:192904,yellow,16811.0,39842.0,26061.0,21359.0,37388.0,32993.0,-33.3,-16.5,8854,42111,27677
R,12,21,2,-6,-9,-4,-94.39,94.39,-6.67,-0.07595,-0.99032,-0.1162,zhao_uCT_match,1,365,1.0,-7.0,yellow,R7,"{""R7y"": 1, ""R8y"": 1, ""Dm8a"": 1, ""Tm5a"": 1}",R8y:164234;R7y:158889,yellow,17117.0,38946.0,25628.0,21367.0,36892.0,32676.0,-31.1,-14.0,8604,41334,27652
R,12,22,3,-6,-10,-3,-98.79,98.79,-4.72,-0.15229,-0.98491,-0.08228,zhao_uCT_match,1,386,2.0,-7.0,yellow,R7,"{""R7y"": 1, ""R8y"": 1, ""Dm8a"": 1, ""Tm5a"": 1}",R8y:157459;R7y:189519,yellow,17555.0,38142.0,25172.0,21322.0,36296.0,32240.0,-28.1,-13.0,8086,40388,27603
R,12,23,4,-6,-11,-2,-103.16,103.16,-3.28,-0.22734,-0.97213,-0.05722,zhao_uCT_match,1,407,3.0,-7.0,pale,R7,"{""R7p"": 1, ""R8p"": 1, ""Dm8b"": 1, ""Tm5b"": 1}",R7p:159591;R8p:192314,pale,17892.0,37363.0,24769.0,21401.0,35747.0,31811.0,-26.5,-11.6,7752,39567,27795
R,12,24,5,-6,-12,-1,-107.51,107.51,-1.94,-0.30069,-0.95312,-0.03393,zhao_uCT_match,1,430,4.0,-7.0,pale?,Dm8b/Tm5b home,"{""Dm8b"": 1, ""Tm5b"": 1}",R7_unclear:181797;R8_unclear:182263,unclear,18220.0,36568.0,24352.0,21457.0,35104.0,31622.0,-24.0,-10.4,7644,38735,28227
R,12,25,6,-6,-13,0,-112.49,112.49,-0.61,-0.38249,-0.9239,-0.01063,zhao_uCT_match,1,451,5.0,-7.0,yellow,R7,"{""R7y"": 1, ""R8y"": 1, ""Dm8a"": 1, ""Tm5a"": 1}",R8y:185421;R7y:152437,yellow,18623.0,35797.0,24035.0,21582.0,34530.0,31342.0,-22.0,-9.1,7604,37841,28150
R,12,26,7,-6,-14,1,-118.43,118.43,0.6,-0.47602,-0.87938,0.01043,zhao_uCT_match,1,471,6.0,-7.0,pale?,Dm8b/Tm5b home,"{""Dm8b"": 1, ""Tm5b"": 1}",R7_unclear:158684;R8_unclear:180334,unclear,18859.0,34739.0,23753.0,21722.0,33866.0,31061.0,-21.4,-6.3,7574,37047,28356
R,12,27,8,-6,-15,2,-125.02,125.02,1.08,-0.57371,-0.81884,0.01877,zhao_uCT_match,1,490,7.0,-7.0,pale?,Dm8b/Tm5b home,"{""Dm8b"": 1, ""Tm5b"": 1}",R7_unclear:182414;R8_unclear:175286,unclear,19510.0,33993.0,23559.0,21997.0,33132.0,30741.0,-19.1,-6.5,7370,36204,28510
R,12,28,9,-6,-16,3,-132.03,132.03,1.05,-0.66936,-0.74271,0.01839,zhao_uCT_match,1,508,8.0,-7.0,yellow?,Dm8a/Tm5a home,"{""Tm5a"": 1}",R7_unclear:188192;R8_unclear:167213,yellow,20142.0,33298.0,23366.0,22444.0,32586.0,30474.0,-17.9,-5.4,7270,35322,28706
R,12,29,10,-6,-17,4,-140.12,140.12,0.89,-0.76732,-0.64108,0.01552,zhao_uCT_match,1,521,9.0,-7.0,yellow,R7,"{""R7y"": 1, ""R8y"": 1, ""Dm8a"": 1, ""Tm5a"": 1, ""Tm5b"": 1}",R8y:193907;R7y:149122,yellow,20934.0,32601.0,23437.0,23040.0,31869.0,29728.0,-18.5,-6.3,7225,34799,29105
R,12,30,11,-6,-18,5,-149.81,149.81,-0.52,-0.86436,-0.50279,-0.00912,zhao_uCT_match,1,533,10.0,-7.0,unclear,,"{""Dm8a"": 1, ""Tm5b"": 1}",R7_unclear:190367;R8_unclear:197753,unclear,21625.0,31379.0,23525.0,23708.0,31114.0,29440.0,-19.4,-2.4,5786,34013,30153
R,12,31,12,-6,-19,6,-158.27,158.27,-0.25,-0.92894,-0.3702,-0.00439,extrapolated_local_linear,18,-1,,,unclear,,{},,unclear,22029.0,30310.0,23521.0,24162.0,30129.0,29087.0,-21.0,-1.7,5859,33414,30431
R,13,1,-18,-5,12,-23,9.97,-9.97,-39.9,0.75561,0.13279,-0.64142,extrapolated_local_linear,13,-1,,,unclear,,{},,unclear,16758.0,50468.0,39187.0,21109.0,47135.0,41393.0,-63.1,-34.3,17989,50078,25027
R,13,2,-17,-5,11,-22,2.78,-2.78,-38.65,0.78007,0.03793,-0.62455,zhao_uCT_match,1,27,-18.0,-6.0,unclear,,{},R7_unclear:507689;R8_unclear:305390,yellow,16476.0,50366.0,38622.0,21474.0,46554.0,41151.0,-63.2,-34.2,17553,50243,26051
R,13,3,-16,-5,10,-21,-3.49,3.49,-37.85,0.78815,-0.04804,-0.61361,zhao_uCT_match,1,34,-17.0,-6.0,unclear,,{},R7_unclear:184164;R8_unclear:500022,yellow,16247.0,50331.0,37532.0,21927.0,46001.0,40628.0,-61.4,-33.8,17326,50131,24497
R,13,4,-15,-5,9,-20,-9.74,9.74,-36.63,0.79093,-0.13572,-0.59666,zhao_uCT_match,1,41,-16.0,-6.0,pale?,Dm8b/Tm5b home,"{""Dm8b"": 1}",R8_unclear:159789,unclear,15896.0,50199.0,36551.0,21988.0,45307.0,40007.0,-60.4,-34.9,16772,49917,23969
R,13,5,-14,-5,8,-19,-15.2,15.2,-35.39,0.78668,-0.21372,-0.57919,zhao_uCT_match,1,55,-15.0,-6.0,unclear,,{},R7_unclear:391173;R8_unclear:246922,unclear,15277.0,49625.0,35807.0,21820.0,44839.0,39618.0,-59.8,-32.3,16108,49558,23910
R,13,6,-13,-5,7,-18,-20.51,20.51,-33.62,0.77995,-0.29169,-0.55371,zhao_uCT_match,1,69,-14.0,-6.0,pale?,Dm8b/Tm5b home,"{""Dm8b"": 1}",R7_unclear:330877;R8_unclear:500029,pale,15216.0,49322.0,34836.0,21678.0,44238.0,38996.0,-57.2,-33.5,15532,49239,23984
R,13,7,-12,-5,6,-17,-26.04,26.04,-31.73,0.76426,-0.37334,-0.52585,zhao_uCT_match,1,85,-13.0,-6.0,pale?,Dm8b/Tm5b home,"{""Dm8b"": 1, ""Tm5b"": 1}",R7_unclear:1019617211;R7R8_unclear:500090;R8_unclear:401771,unclear,14903.0,48605.0,34282.0,21599.0,43626.0,38432.0,-58.2,-32.3,,,
R,13,8,-11,-5,5,-16,-31.35,31.35,-29.82,0.74093,-0.45131,-0.49734,zhao_uCT_match,1,102,-12.0,-6.0,pale?,Dm8b/Tm5b home,"{""Dm8b"": 1, ""Tm5b"": 1}",R8_unclear:347656,yellow,14836.0,48098.0,33455.0,21435.0,42999.0,37873.0,-56.2,-32.7,,,
R,13,9,-10,-5,4,-15,-35.87,35.87,-28.0,0.71551,-0.51735,-0.46946,zhao_uCT_match,1,120,-11.0,-6.0,pale,R7,"{""R7p"": 1, ""R8p"": 1, ""Dm8b"": 1, ""Tm5b"": 1}",R7p:291433;R8p:428871,unclear,14688.0,47485.0,32877.0,21179.0,42417.0,37381.0,-55.2,-32.7,13552,47983,25499
R,13,10,-9,-5,3,-14,-40.24,40.24,-26.03,0.68596,-0.58041,-0.43884,zhao_uCT_match,1,139,-10.0,-6.0,pale,R7,"{""R7p"": 1, ""R8p"": 1, ""Dm8b"": 1, ""Tm5b"": 1}",R7p:254266;R8p:378399,pale,14606.0,46734.0,32371.0,21075.0,41918.0,36917.0,-54.9,-31.3,13013,47491,25458
R,13,11,-8,-5,2,-13,-45.05,45.05,-23.7,0.64694,-0.64798,-0.40199,zhao_uCT_match,1,160,-9.0,-6.0,yellow,R7,"{""R7y"": 1, ""R8y"": 1, ""Dm8a"": 1, ""Tm5a"": 1}",R8y:500027;R7y:258908,yellow,14473.0,46084.0,31594.0,21052.0,41537.0,36554.0,-53.0,-28.9,12407,47056,25275
R,13,12,-7,-5,1,-12,-49.59,49.59,-21.5,0.60313,-0.70847,-0.36648,zhao_uCT_match,1,181,-8.0,-6.0,pale,R7,"{""R7p"": 1, ""R8p"": 1, ""Dm8b"": 1, ""Tm5b"": 1}",R7p:553222;R8p:553237,pale,14297.0,45334.0,30949.0,21023.0,41032.0,36239.0,-51.8,-26.7,11690,46652,25209
R,13,13,-6,-5,0,-11,-53.97,53.97,-19.38,0.55483,-0.76289,-0.3319,zhao_uCT_match,1,200,-7.0,-6.0,unclear,,"{""Dm8b"": 1, ""Tm5a"": 1}",R7_unclear:216340;R8_unclear:237616,yellow,14593.0,44488.0,30319.0,21037.0,40558.0,35855.0,-49.3,-24.8,11358,45977,25430
R,13,14,-5,-5,-1,-10,-58.49,58.49,-17.29,0.49898,-0.81408,-0.29713,zhao_uCT_match,1,221,-6.0,-6.0,pale?,Dm8b/Tm5b home,"{""Dm8b"": 1, ""Tm5b"": 1}",R7_unclear:169891;R8_unclear:198541,unclear,14778.0,43822.0,29661.0,21012.0,40106.0,35509.0,-46.8,-23.5,10903,45425,25484
R,13,15,-4,-5,-2,-9,-62.71,62.71,-15.32,0.44215,-0.85713,-0.26427,zhao_uCT_match,1,242,-5.0,-6.0,pale?,Dm8b/Tm5b home,"{""Dm8b"": 1, ""Tm5b"": 1}",R7_unclear:195743;R8_unclear:188303,unclear,14928.0,43078.0,28968.0,20893.0,39519.0,35146.0,-44.0,-22.5,10381,44958,25615
R,13,16,-3,-5,-3,-8,-67.07,67.07,-13.2,0.37928,-0.89667,-0.22832,zhao_uCT_match,1,263,-4.0,-6.0,yellow,R7,"{""R7y"": 1, ""R8y"": 1, ""Dm8a"": 1, ""Tm5a"": 1}",R8y:173239;R7y:222812,yellow,15142.0,42278.0,28405.0,20855.0,39022.0,34733.0,-42.1,-20.9,10173,44401,26080
R,13,17,-2,-5,-4,-7,-71.55,71.55,-11.26,0.31037,-0.93033,-0.19533,zhao_uCT_match,1,286,-3.0,-6.0,pale,R7,"{""R7p"": 1, ""R8p"": 1}",R7p:176053;R8p:191171,unclear,15454.0,41661.0,27882.0,20794.0,38511.0,34412.0,-39.3,-20.5,10061,43829,26357
R,13,18,-1,-5,-5,-6,-76.0,76.0,-9.39,0.23873,-0.95728,-0.16315,zhao_uCT_match,1,308,-2.0,-6.0,pale,R7,"{""R7p"": 1, ""R8p"": 1, ""Dm8b"": 1}",R7p:150621;R8p:164624,pale,15606.0,40838.0,27286.0,20822.0,38003.0,33988.0,-37.9,-18.5,9735,43158,26633
R,13,19,0,-5,-6,-5,-80.44,80.44,-7.38,0.16474,-0.97793,-0.1285,zhao_uCT_match,1,330,-1.0,-6.0,pale?,Dm8b/Tm5b home,"{""Dm8b"": 1, ""Tm5b"": 1}",R7_unclear:179689;R8_unclear:174868,unclear,15861.0,40169.0,26783.0,20762.0,37424.0,33739.0,-35.2,-17.9,,,
R,13,20,1,-5,-7,-4,-84.84,84.84,-5.71,0.08945,-0.99101,-0.09946,zhao_uCT_match,1,353,0.0,-6.0,pale?,Dm8b/Tm5b home,"{""Dm8b"": 1, ""Tm5b"": 1}",R7_unclear:134524;R8_unclear:153193,unclear,16020.0,39228.0,26418.0,20792.0,36903.0,33331.0,-34.6,-15.5,,,
R,13,21,2,-5,-8,-3,-89.16,89.16,-3.75,0.0147,-0.99775,-0.06543,zhao_uCT_match,1,377,1.0,-6.0,yellow,R7,"{""R7y"": 1, ""R8y"": 1, ""Dm8a"": 1, ""Tm5a"": 1}",R8y:170390;R7y:164588,yellow,16342.0,38328.0,25883.0,20753.0,36422.0,32967.0,-31.9,-12.9,,,
R,13,22,3,-5,-9,-2,-93.6,93.6,-2.01,-0.06279,-0.99741,-0.03515,zhao_uCT_match,1,396,2.0,-6.0,pale,R7,"{""R7p"": 1, ""R8p"": 1, ""Dm8b"": 1}",R7p:172046;R8p:170581,unclear,16423.0,37365.0,25329.0,20634.0,35495.0,32689.0,-29.8,-12.4,8419,39831,27399
R,13,23,4,-5,-10,-1,-97.96,97.96,-0.26,-0.13857,-0.99034,-0.00453,zhao_uCT_match,1,420,3.0,-6.0,pale,R7,"{""R7p"": 1, ""R8p"": 1, ""Tm5b"": 1}",R7p:214151;R8p:156939,pale,17004.0,36764.0,24920.0,20888.0,35308.0,32221.0,-28.0,-10.0,7732,38897,27598
R,13,24,5,-5,-11,0,-101.95,101.95,0.92,-0.20695,-0.97822,0.01613,zhao_uCT_match,1,441,4.0,-6.0,yellow,R7,"{""R7y"": 1, ""R8y"": 1, ""Dm8a"": 1, ""Tm5a"": 1}",R8y:171516;R7y:201927,yellow,17263.0,35828.0,24600.0,20938.0,34745.0,31790.0,-27.1,-7.6,7587,38044,27612
R,13,25,6,-5,-12,1,-106.55,106.55,2.03,-0.28459,-0.95799,0.0355,zhao_uCT_match,1,462,5.0,-6.0,pale?,Dm8b/Tm5b home,"{""Dm8b"": 1, ""Tm5b"": 1}",R7_unclear:153687;R8_unclear:170186,unclear,17804.0,35048.0,24258.0,21110.0,34117.0,31563.0,-24.3,-6.6,7545,37145,27777
R,13,26,7,-5,-13,2,-112.08,112.08,3.31,-0.3752,-0.92514,0.05773,zhao_uCT_match,1,484,6.0,-6.0,yellow,R7,"{""R7y"": 1, ""R8y"": 1, ""Dm8a"": 1, ""Tm5a"": 1}",R8y:183290;R7y:101414,yellow,18151.0,34046.0,23976.0,21174.0,33368.0,31268.0,-22.5,-4.9,7454,36251,27904
R,13,27,8,-5,-14,3,-118.1,118.1,3.78,-0.46993,-0.88024,0.06594,zhao_uCT_match,1,505,7.0,-6.0,pale?,Dm8b/Tm5b home,"{""Dm8b"": 1, ""Tm5b"": 1}",R7_unclear:178387;R8_unclear:185361,unclear,18607.0,33267.0,23716.0,21392.0,32727.0,31053.0,-20.8,-3.9,7454,35486,28172
R,13,28,9,-5,-15,4,-124.79,124.79,4.0,-0.56911,-0.81929,0.06977,zhao_uCT_match,1,520,8.0,-6.0,pale,R7,"{""R7p"": 1, ""R8p"": 1}",R7p:100886;R8p:172943,pale,19243.0,32308.0,23563.0,21793.0,31979.0,30758.0,-19.5,-2.5,7501,34531,28526
R,13,29,10,-5,-16,5,-132.1,132.1,4.29,-0.66853,-0.73991,0.07483,zhao_uCT_match,1,540,9.0,-6.0,pale?,Dm8b/Tm5b home,"{""Dm8b"": 1}",R7_unclear:180906;R8_unclear:179481,unclear,20193.0,31703.0,23484.0,22293.0,31359.0,30314.0,-17.1,-2.8,7405,33997,28994
R,13,30,11,-5,-17,6,-141.02,141.02,4.06,-0.77547,-0.62741,0.07078,zhao_uCT_match,1,552,10.0,-6.0,yellow,R7,"{""R7y"": 1, ""R8y"": 1, ""Dm8a"": 1, ""Tm5a"": 1}",R8y:192209;R7y:169862,yellow,20863.0,30596.0,23519.0,22800.0,30775.0,29839.0,-17.0,1.6,6499,33366,29575
R,13,31,12,-5,-18,7,-151.26,151.26,3.02,-0.87562,-0.48011,0.05265,zhao_uCT_match,1,561,11.0,-6.0,yellow,R7,"{""R7y"": 1, ""R8y"": 1, ""Dm8a"": 1, ""Tm5a"": 1}",R8y:194417;R7y:189291,yellow,21296.0,29818.0,23521.0,23461.0,29746.0,29482.0,-20.0,-0.7,5757,32680,30296
R,13,32,13,-5,-19,8,-159.02,159.02,3.1,-0.93232,-0.35755,0.05413,extrapolated_local_linear,17,-1,,,unclear,,{},,unclear,21791.0,28266.0,23752.0,23881.0,28584.0,29114.0,-21.3,3.2,5559,32326,30720
R,14,2,-17,-4,12,-21,6.57,-6.57,-36.51,0.79845,0.09197,-0.595,extrapolated_local_linear,19,-1,,,unclear,,{},,unclear,15789.0,49941.0,38895.0,20476.0,46739.0,41619.0,-59.8,-30.6,17964,49583,24986
R,14,3,-16,-4,11,-20,0.2,-0.2,-34.73,0.82181,0.0029,-0.56975,zhao_uCT_match,1,39,-17.0,-5.0,yellow,R7,"{""R7y"": 1, ""R8y"": 1, ""Dm8a"": 1, ""Tm5a"": 1}",R8y:106686;R7y:500064,yellow,15310.0,49791.0,37917.0,21039.0,45606.0,41082.0,-61.1,-32.6,17365,49578,24585
R,14,4,-15,-4,10,-19,-6.55,6.55,-33.62,0.82726,-0.09496,-0.55374,zhao_uCT_match,1,51,-16.0,-5.0,pale?,Dm8b/Tm5b home,"{""Dm8b"": 1}",R7_unclear:500185;R8_unclear:196271,pale,15202.0,49485.0,37060.0,21249.0,45103.0,40572.0,-59.9,-32.1,16876,49265,24107
R,14,5,-14,-4,9,-18,-12.05,12.05,-32.04,0.82902,-0.17695,-0.53048,zhao_uCT_match,1,63,-15.0,-5.0,yellow?,Dm8a/Tm5a home,"{""Dm8a"": 1, ""Tm5a"": 1}",R7R8_unclear:500119;R7R8_unclear:500147;R8_unclear:500045,yellow,14368.0,49215.0,36086.0,20993.0,44508.0,39997.0,-59.4,-31.5,16296,48981,23799
R,14,6,-13,-4,8,-17,-17.09,17.09,-30.39,0.82449,-0.25353,-0.5059,zhao_uCT_match,1,75,-14.0,-5.0,pale?,Dm8b/Tm5b home,"{""Tm5b"": 1}",R7R8_unclear:500236;R8_unclear:500035,unclear,14338.0,48824.0,35289.0,21000.0,44013.0,39412.0,-58.2,-31.6,15654,48602,23816
R,14,7,-12,-4,7,-16,-22.26,22.26,-28.51,0.81318,-0.33293,-0.47738,zhao_uCT_match,1,91,-13.0,-5.0,pale?,Dm8b/Tm5b home,"{""Dm8b"": 1, ""Tm5b"": 1}",R8_unclear:500036,pale,14026.0,48263.0,34626.0,20712.0,43246.0,38822.0,-57.9,-32.4,15322,48290,23879
R,14,8,-11,-4,6,-15,-27.76,27.76,-26.43,0.79236,-0.41713,-0.44517,zhao_uCT_match,1,108,-12.0,-5.0,pale?,Dm8b/Tm5b home,"{""Dm8b"": 1}",R7_unclear:500187;R8_unclear:353901,unclear,14031.0,47531.0,33928.0,20679.0,42719.0,38363.0,-56.3,-31.1,,,
R,14,9,-10,-4,5,-14,-32.39,32.39,-24.55,0.76806,-0.48723,-0.41556,zhao_uCT_match,1,127,-11.0,-5.0,pale?,Dm8b/Tm5b home,"{""Dm8b"": 1, ""Tm5b"": 1}",R7_unclear:453240;R8_unclear:308871,unclear,13864.0,46895.0,33265.0,20548.0,42085.0,37844.0,-55.6,-30.7,,,
R,14,10,-9,-4,4,-13,-36.89,36.89,-22.91,0.73673,-0.55288,-0.38931,zhao_uCT_match,1,146,-10.0,-5.0,unclear,,"{""Dm8b"": 1, ""Tm5a"": 1, ""Tm5b"": 1}",R7_unclear:267744;R8_unclear:270939,unclear,13505.0,46266.0,32661.0,20371.0,41665.0,37377.0,-55.5,-28.9,13095,46930,25427
R,14,11,-8,-4,3,-12,-41.55,41.55,-20.76,0.6998,-0.62017,-0.3545,zhao_uCT_match,1,166,-9.0,-5.0,yellow,R7,"{""R7y"": 1, ""R8y"": 1, ""Dm8a"": 1, ""Tm5a"": 1}",R8y:219030;R7y:207529,yellow,13580.0,45694.0,31955.0,20303.0,41255.0,36996.0,-53.1,-27.8,,,
R,14,12,-7,-4,2,-11,-45.99,45.99,-18.59,0.6585,-0.68169,-0.31887,zhao_uCT_match,1,188,-8.0,-5.0,pale,R7,"{""R7p"": 1, ""R8p"": 1}",R7p:290064;R8p:327734,pale,13385.0,44910.0,31256.0,20225.0,40716.0,36529.0,-52.4,-25.9,11853,46055,25230
R,14,13,-6,-4,1,-10,-50.15,50.15,-16.66,0.61393,-0.73548,-0.28662,zhao_uCT_match,1,210,-7.0,-5.0,yellow,R7,"{""R7y"": 1, ""R8y"": 1, ""Dm8a"": 1, ""Tm5a"": 1}",R8y:222973;R7y:213648,yellow,13452.0,44258.0,30670.0,20246.0,40095.0,36074.0,-51.5,-25.6,11478,45412,25337
R,14,14,-5,-4,0,-9,-54.03,54.03,-14.48,0.56871,-0.78361,-0.25006,zhao_uCT_match,1,231,-6.0,-5.0,pale,R7,"{""R7p"": 1, ""R8p"": 1, ""Dm8b"": 1, ""Tm5a"": 1, ""Tm5b"": 1}",R7p:177547;R8p:208338,pale,13729.0,43271.0,30146.0,20289.0,39629.0,35806.0,-49.2,-22.8,11026,44752,25410
R,14,15,-4,-4,-1,-8,-58.29,58.29,-12.46,0.51324,-0.83066,-0.21584,zhao_uCT_match,1,253,-5.0,-5.0,pale?,Dm8b/Tm5b home,"{""Dm8b"": 1}",R7_unclear:213766;R8_unclear:199906,unclear,13754.0,42779.0,29408.0,20373.0,39226.0,35384.0,-47.9,-21.7,10395,44414,25361
R,14,16,-3,-4,-2,-7,-62.34,62.34,-10.39,0.45667,-0.87118,-0.18028,zhao_uCT_match,1,274,-4.0,-5.0,pale?,Dm8b/Tm5b home,"{""Dm8b"": 1, ""Tm5b"": 1}",R7_unclear:169455;R8_unclear:193884,unclear,14117.0,41924.0,28769.0,20362.0,38590.0,34992.0,-45.1,-20.7,10071,43850,25493
R,14,17,-2,-4,-3,-6,-66.76,66.76,-8.41,0.39042,-0.90896,-0.14618,zhao_uCT_match,1,295,-3.0,-5.0,pale,R7,"{""R7p"": 1, ""R8p"": 1, ""Dm8b"": 1, ""Tm5b"": 1}",R7p:167518;R8p:374816,pale,14522.0,41086.0,28201.0,20253.0,38056.0,34518.0,-42.2,-19.6,9876,43225,26080
R,14,18,-1,-4,-4,-5,-71.28,71.28,-6.83,0.31874,-0.94035,-0.11893,zhao_uCT_match,1,319,-2.0,-5.0,yellow,R7,"{""R7y"": 1, ""R8y"": 1, ""Dm8a"": 1, ""Tm5a"": 1}",R8y:194706;R7y:184015,yellow,14697.0,40203.0,27602.0,20259.0,37582.0,34266.0,-39.8,-16.8,9918,42516,26504
R,14,19,0,-4,-5,-4,-75.71,75.71,-4.9,0.24596,-0.9655,-0.08547,zhao_uCT_match,1,341,-1.0,-5.0,unclear,,{},R7_unclear:183475;R8_unclear:172160,unclear,14865.0,39421.0,27056.0,20088.0,36913.0,34055.0,-36.7,-16.0,,,
R,14,20,1,-4,-6,-3,-79.92,79.92,-2.95,0.17475,-0.98327,-0.05148,zhao_uCT_match,1,366,0.0,-5.0,pale?,Dm8b/Tm5b home,"{""Dm8b"": 1}",R7_unclear:182045;R8_unclear:173976,unclear,15296.0,38624.0,26692.0,20226.0,36511.0,33720.0,-35.0,-13.8,,,
R,14,21,2,-4,-7,-2,-83.96,83.96,-1.19,0.10525,-0.99423,-0.02085,zhao_uCT_match,1,388,1.0,-5.0,pale?,Dm8b/Tm5b home,"{""Tm5b"": 1}",R7_unclear:182849;R8_unclear:172451,unclear,15551.0,37810.0,26232.0,20204.0,35878.0,33391.0,-33.0,-12.7,,,
R,14,22,3,-4,-8,-1,-88.24,88.24,0.33,0.03076,-0.99951,0.00576,zhao_uCT_match,1,411,2.0,-5.0,pale,R7,"{""R7p"": 1, ""R8p"": 1, ""Dm8b"": 1}",R7p:133729;R8p:167438,pale,15839.0,36965.0,25801.0,20171.0,35261.0,33069.0,-30.8,-11.4,,,
R,14,23,4,-4,-9,0,-92.82,92.82,1.8,-0.04917,-0.9983,0.03135,zhao_uCT_match,1,435,3.0,-5.0,yellow,R7,"{""R7y"": 1, ""R8y"": 1, ""Dm8a"": 1, ""Tm5a"": 1}",R8y:184347;R7y:175621,yellow,15997.0,36065.0,25288.0,20222.0,34636.0,32662.0,-29.8,-9.5,8260,38489,27321
R,14,24,5,-4,-10,1,-97.45,97.45,3.26,-0.12938,-0.98996,0.05687,zhao_uCT_match,1,456,4.0,-5.0,yellow,R7,"{""R7y"": 1, ""R8y"": 1, ""Dm8a"": 1, ""Tm5a"": 1}",R8y:152241;R7y:205414,yellow,16461.0,35055.0,24926.0,20339.0,34158.0,32196.0,-28.1,-6.2,7910,37489,27278
R,14,25,6,-4,-11,2,-101.6,101.6,3.97,-0.20063,-0.97722,0.06925,zhao_uCT_match,1,474,5.0,-5.0,yellow,R7,"{""R7y"": 1, ""R8y"": 1, ""Dm8a"": 1, ""Tm5a"": 1}",R8y:177772;R7y:209144,yellow,16929.0,34316.0,24614.0,20302.0,33460.0,31758.0,-25.3,-6.2,7597,36557,27315
R,14,26,7,-4,-12,3,-106.6,106.6,5.47,-0.2844,-0.95396,0.09525,zhao_uCT_match,1,497,6.0,-5.0,yellow,R7,"{""R7y"": 1, ""R8y"": 1, ""Dm8a"": 1, ""Tm5a"": 1}",R8y:172712;R7y:100772,yellow,17472.0,33449.0,24258.0,20557.0,32875.0,31619.0,-22.7,-4.1,7454,35745,27472
R,14,27,8,-4,-13,4,-112.34,112.34,6.37,-0.37781,-0.9192,0.11101,zhao_uCT_match,1,516,7.0,-5.0,yellow,R7,"{""R7y"": 1, ""R8y"": 1, ""Dm8a"": 1, ""Tm5a"": 1}",R8y:178814;R7y:195271,yellow,17917.0,32539.0,23951.0,20914.0,32161.0,31217.0,-22.4,-2.8,7521,35042,27775
R,14,28,9,-4,-14,5,-118.26,118.26,7.03,-0.46994,-0.87416,0.12244,zhao_uCT_match,1,537,8.0,-5.0,yellow,R7,"{""R7y"": 1, ""R8y"": 1, ""Dm8a"": 1, ""Tm5a"": 1}",R8y:187144;R7y:151704,yellow,18479.0,31612.0,23742.0,21104.0,31493.0,31046.0,-19.8,-0.9,7338,34345,27983
R,14,29,10,-4,-15,6,-125.32,125.32,7.68,-0.57295,-0.80862,0.13364,zhao_uCT_match,1,556,9.0,-5.0,pale,R7,"{""R7p"": 1, ""R8p"": 1, ""Tm5b"": 1}",R7p:162793;R8p:183383,pale,19154.0,30835.0,23640.0,21634.0,30877.0,30747.0,-19.2,0.3,7328,33662,28449
R,14,30,11,-4,-16,7,-133.34,133.34,8.08,-0.67955,-0.72005,0.14048,zhao_uCT_match,1,570,10.0,-5.0,pale?,Dm8b/Tm5b home,"{""Tm5b"": 1}",R7_unclear:209621;R8_unclear:185871,unclear,19694.0,30111.0,23566.0,22186.0,30237.0,30232.0,-20.5,1.0,7396,32847,29104
R,14,31,12,-4,-17,8,-142.87,142.87,7.76,-0.78992,-0.59814,0.1351,zhao_uCT_match,1,581,11.0,-5.0,pale,R7,"{""R7p"": 1, ""R8p"": 1}",R7p:177139;R8p:223848,pale,20259.0,29086.0,23617.0,22728.0,29279.0,29919.0,-21.4,1.6,6883,32110,29616
R,14,32,13,-4,-18,9,-151.8,151.8,7.87,-0.87296,-0.46817,0.13697,zhao_uCT_match,1,589,12.0,-5.0,DRA,R7d/R8d,"{""R7d"": 1, ""R8d"": 1, ""Dm-DRA1"": 1, ""Dm-DRA2"": 1, ""MeTu2a"": 1}",R7d:165946;R8d:175523,DRA,20994.0,28417.0,23681.0,23344.0,28265.0,29547.0,-21.8,-1.4,5603,31569,30551
R,15,2,-17,-3,13,-20,9.59,-9.59,-33.87,0.81869,0.13831,-0.55732,extrapolated_local_linear,17,-1,,,unclear,,{},,unclear,15244.0,49511.0,39115.0,19806.0,46196.0,41942.0,-58.2,-31.7,17684,48790,24887
R,15,3,-16,-3,12,-19,3.82,-3.82,-33.95,0.82772,0.05533,-0.5584,zhao_uCT_match,1,48,-17.0,-4.0,yellow,R7,"{""R7y"": 1, ""R8y"": 1, ""Tm5a"": 1}",R8y:500023;R7y:500048,yellow,14567.0,49364.0,38231.0,20228.0,45631.0,41561.0,-59.5,-29.6,17612,49104,24640
R,15,4,-15,-3,11,-18,-3.03,3.03,-31.09,0.85518,-0.04524,-0.51636,zhao_uCT_match,1,56,-16.0,-4.0,pale?,Dm8b/Tm5b home,"{""Dm8b"": 1, ""Tm5b"": 1}",R7R8_unclear:500063,unclear,14012.0,49095.0,37365.0,20321.0,44742.0,41109.0,-59.3,-30.7,17067,48718,24230
R,15,5,-14,-3,10,-17,-8.96,8.96,-29.25,0.86184,-0.1359,-0.48864,zhao_uCT_match,1,72,-15.0,-4.0,pale?,Dm8b/Tm5b home,"{""Dm8b"": 1, ""Tm5b"": 1}",R7R8_unclear:500068;R7R8_unclear:500203,unclear,13885.0,48649.0,36832.0,20380.0,44163.0,40565.0,-60.1,-30.9,16547,48418,23961
R,15,6,-13,-3,9,-16,-13.98,13.98,-27.22,0.86294,-0.21476,-0.4574,zhao_uCT_match,1,86,-14.0,-4.0,yellow?,Dm8a/Tm5a home,"{""Dm8a"": 1, ""Tm5a"": 1}",R7_unclear:500228;R8_unclear:405022,yellow,13208.0,48308.0,35666.0,20118.0,43642.0,39866.0,-58.7,-30.0,15882,47968,23632
R,15,7,-12,-3,8,-15,-18.88,18.88,-25.3,0.85544,-0.29255,-0.42736,zhao_uCT_match,1,101,-13.0,-4.0,unclear,,"{""Dm8a"": 1, ""Dm8b"": 1}",R7R8_unclear:500256;R7R8_unclear:500135,unclear,13157.0,47716.0,35028.0,20031.0,42968.0,39311.0,-58.1,-30.4,15299,47432,23546
R,15,8,-11,-3,7,-14,-24.14,24.14,-23.52,0.83675,-0.37502,-0.39901,zhao_uCT_match,1,119,-12.0,-4.0,unclear,,{},R7_unclear:500209;R8_unclear:500124,unclear,13089.0,47192.0,34237.0,19942.0,42380.0,38778.0,-56.5,-30.3,,,
R,15,9,-10,-3,6,-13,-29.11,29.11,-21.41,0.81341,-0.45295,-0.36496,zhao_uCT_match,1,138,-11.0,-4.0,yellow,R7,"{""R7y"": 1, ""R8y"": 1, ""Dm8a"": 1, ""Tm5a"": 1}",R8y:500065;R7y:553941,yellow,13176.0,46535.0,33649.0,19951.0,41921.0,38278.0,-55.7,-29.3,13633,46808,25301
R,15,10,-9,-3,5,-12,-33.56,33.56,-19.52,0.78544,-0.521,-0.33412,zhao_uCT_match,1,156,-10.0,-4.0,yellow,R7,"{""R7y"": 1, ""R8y"": 1, ""Dm8a"": 1, ""Tm5a"": 1}",R8y:500174;R7y:378365,yellow,12787.0,45848.0,33038.0,19819.0,41348.0,37872.0,-55.5,-27.8,13097,46319,25355
R,15,11,-8,-3,4,-11,-38.03,38.03,-17.72,0.75032,-0.58682,-0.30442,zhao_uCT_match,1,178,-9.0,-4.0,yellow?,Dm8a/Tm5a home,"{""Dm8a"": 1, ""Tm5a"": 1}",R7_unclear:500254;R8_unclear:241461,yellow,12685.0,45148.0,32429.0,19705.0,40873.0,37327.0,-55.1,-26.5,,,
R,15,12,-7,-3,3,-10,-42.32,42.32,-15.86,0.71129,-0.64759,-0.2733,zhao_uCT_match,1,198,-8.0,-4.0,pale?,Dm8b/Tm5b home,"{""Dm8b"": 1, ""Tm5b"": 1}",R7_unclear:230008;R8_unclear:283691,unclear,12682.0,44516.0,31783.0,19663.0,40337.0,36875.0,-53.9,-25.8,,,
R,15,13,-6,-3,2,-9,-46.63,46.63,-14.06,0.66618,-0.70513,-0.24289,zhao_uCT_match,1,220,-7.0,-4.0,yellow,R7,"{""R7y"": 1, ""R8y"": 1, ""Dm8a"": 1, ""Tm5a"": 1}",R8y:259825;R7y:214772,yellow,12455.0,43744.0,30990.0,19518.0,39789.0,36448.0,-52.3,-23.9,11588,44757,25160
R,15,14,-5,-3,1,-8,-50.49,50.49,-12.16,0.6219,-0.75423,-0.21065,zhao_uCT_match,1,241,-6.0,-4.0,pale,R7,"{""R7p"": 1, ""R8p"": 1, ""Dm8b"": 1, ""Tm5b"": 1}",R7p:151988;R8p:244860,unclear,12718.0,43005.0,30517.0,19657.0,39233.0,36068.0,-51.3,-23.0,11077,44083,25181
R,15,15,-4,-3,0,-7,-54.04,54.04,-9.85,0.57861,-0.79747,-0.17107,zhao_uCT_match,1,262,-5.0,-4.0,pale?,Dm8b/Tm5b home,"{""Dm8b"": 1, ""Tm5b"": 1}",R7_unclear:547422;R8_unclear:553205,yellow,13023.0,42261.0,29869.0,19639.0,38631.0,35747.0,-48.4,-22.3,10511,43613,25121
R,15,16,-3,-3,-1,-6,-57.96,57.96,-7.75,0.52571,-0.83989,-0.13492,zhao_uCT_match,1,283,-4.0,-4.0,pale,R7,"{""R7p"": 1, ""R8p"": 1, ""Dm8b"": 1}",R7p:156733;R8p:191053,pale,13131.0,41528.0,29395.0,19768.0,38197.0,35307.0,-48.3,-20.5,10051,43117,25440
R,15,17,-2,-3,-2,-5,-62.11,62.11,-5.9,0.46527,-0.87918,-0.10277,zhao_uCT_match,1,306,-3.0,-4.0,pale,R7,"{""R7p"": 1, ""R8p"": 1, ""Dm8b"": 1, ""Tm5a"": 1, ""Tm5b"": 1}",R7p:172293;R8p:173847,pale,13592.0,40594.0,28710.0,19760.0,37641.0,34973.0,-44.6,-18.6,9985,42526,25672
R,15,18,-1,-3,-3,-4,-66.3,66.3,-4.19,0.40086,-0.91322,-0.07305,zhao_uCT_match,1,328,-2.0,-4.0,yellow,R7,"{""R7y"": 1, ""R8y"": 1, ""Dm8a"": 1, ""Tm5a"": 1}",R8y:176239;R7y:170037,yellow,13722.0,39693.0,28156.0,19683.0,37071.0,34695.0,-42.4,-16.5,9778,41910,26005
R,15,19,0,-3,-4,-3,-70.9,70.9,-2.53,0.32692,-0.94402,-0.04418,zhao_uCT_match,1,351,-1.0,-4.0,pale?,Dm8b/Tm5b home,"{""Dm8b"": 1, ""Tm5b"": 1}",R7_unclear:157053;R8_unclear:162618,unclear,13994.0,38864.0,27603.0,19641.0,36355.0,34232.0,-40.4,-16.1,,,
R,15,20,1,-3,-5,-2,-75.27,75.27,-0.91,0.25417,-0.96703,-0.01593,zhao_uCT_match,1,376,0.0,-4.0,pale,R7,"{""R7p"": 1, ""R8p"": 1, ""Dm8b"": 1, ""Tm5b"": 1}",R7p:204787;R8p:221365,unclear,14406.0,38074.0,27126.0,19646.0,35784.0,33923.0,-37.6,-14.9,,,
R,15,21,2,-3,-6,-1,-79.29,79.29,0.77,0.18584,-0.98249,0.01342,zhao_uCT_match,1,400,1.0,-4.0,yellow,R7,"{""R7y"": 1, ""R8y"": 1, ""Dm8a"": 1, ""Tm5a"": 1}",R8y:199325;R7y:180239,yellow,14794.0,37324.0,26702.0,19664.0,35316.0,33720.0,-34.8,-13.2,,,
R,15,22,3,-3,-7,0,-83.25,83.25,2.21,0.11748,-0.99233,0.03849,zhao_uCT_match,1,422,2.0,-4.0,pale,R7,"{""R7p"": 1, ""R8p"": 1, ""Dm8b"": 1, ""Tm5b"": 1}",R7p:188374;R8p:185348,unclear,15145.0,36383.0,26251.0,19680.0,34735.0,33400.0,-32.4,-11.0,,,
R,15,23,4,-3,-8,1,-87.89,87.89,3.19,0.03679,-0.99777,0.0557,zhao_uCT_match,1,445,3.0,-4.0,pale?,Dm8b/Tm5b home,"{""Dm8b"": 1}",R7_unclear:175072;R8_unclear:166716,unclear,15380.0,35379.0,25953.0,19736.0,34113.0,32914.0,-32.0,-8.8,,,
R,15,24,5,-3,-9,2,-92.75,92.75,4.61,-0.04786,-0.99562,0.0803,zhao_uCT_match,1,467,4.0,-4.0,pale,R7,"{""R7p"": 1, ""R8p"": 1, ""Dm8b"": 1, ""Tm5b"": 1}",R7p:175617;R8p:533913,pale,15748.0,34579.0,25424.0,19796.0,33344.0,32498.0,-29.8,-8.6,,,
R,15,25,6,-3,-10,3,-97.62,97.62,5.89,-0.13183,-0.98595,0.10259,zhao_uCT_match,1,487,5.0,-4.0,yellow,R7,"{""R7y"": 1, ""R8y"": 1, ""Dm8a"": 1, ""Tm5a"": 1}",R8y:177158;R7y:166197,yellow,16137.0,33551.0,25070.0,19912.0,32714.0,32056.0,-28.4,-6.0,,,
R,15,26,7,-3,-11,4,-102.08,102.08,7.52,-0.20752,-0.96943,0.13089,zhao_uCT_match,1,510,6.0,-4.0,pale?,Dm8b/Tm5b home,"{""Dm8b"": 1}",R7_unclear:32018;R8_unclear:168842,unclear,16656.0,32852.0,24589.0,20016.0,31840.0,31675.0,-25.4,-7.4,7899,35283,27198
R,15,27,8,-3,-12,5,-107.61,107.61,9.32,-0.29846,-0.94059,0.16191,zhao_uCT_match,1,531,7.0,-4.0,yellow,R7,"{""R7y"": 1, ""R8y"": 1, ""Dm8a"": 1, ""Tm5a"": 1, ""Tm5b"": 1}",R8y:171262;R7y:198026,yellow,17257.0,31645.0,24254.0,20401.0,31310.0,31482.0,-23.5,-2.4,7519,34538,27366
R,15,28,9,-3,-13,6,-113.33,113.33,10.38,-0.38958,-0.90319,0.1802,zhao_uCT_match,1,550,8.0,-4.0,yellow,R7,"{""R7y"": 1, ""R8y"": 1, ""Dm8a"": 1}",R8y:170766;R7y:227415,yellow,17782.0,30842.0,24055.0,20557.0,30620.0,31307.0,-20.9,-1.6,7601,33745,27835
R,15,29,10,-3,-14,7,-119.44,119.44,11.23,-0.48214,-0.85417,0.19479,zhao_uCT_match,1,568,9.0,-4.0,pale,R7,"{""R7p"": 1, ""R8p"": 1, ""Dm8b"": 1}",R7p:164792;R8p:190138,unclear,18328.0,30236.0,23953.0,21117.0,30294.0,31020.0,-21.5,0.4,7381,33039,28308
R,15,30,11,-3,-15,8,-127.03,127.03,11.85,-0.58933,-0.78135,0.20541,zhao_uCT_match,1,587,10.0,-4.0,pale,R7,"{""R7p"": 1, ""R8p"": 1, ""Dm8b"": 1, ""Tm5b"": 1}",R7p:195315;R8p:186817,pale,18837.0,29316.0,23904.0,21436.0,29641.0,30787.0,-20.7,2.5,7414,32338,28741
R,15,31,12,-3,-16,9,-135.44,135.44,11.95,-0.69708,-0.68647,0.207,zhao_uCT_match,1,601,11.0,-4.0,pale?,Dm8b/Tm5b home,"{""Tm5b"": 1}",R7_unclear:224017;R8_unclear:190271,unclear,19466.0,28435.0,23818.0,21945.0,28807.0,30425.0,-20.6,3.0,7428,31506,29214
R,15,32,13,-3,-17,10,-144.96,144.96,11.02,-0.80362,-0.56358,0.19123,zhao_uCT_match,1,609,12.0,-4.0,unclear,,"{""Dm8a"": 1, ""Dm8b"": 1, ""Tm5b"": 1}",R7_unclear:193485;R8_unclear:197826,unclear,20391.0,27694.0,23859.0,22681.0,28193.0,29987.0,-20.5,4.4,6640,31052,29919
R,15,33,14,-3,-18,11,-154.05,154.05,10.9,-0.88298,-0.42961,0.18914,extrapolated_local_linear,19,-1,,,unclear,,{},,unclear,21383.0,27023.0,24006.0,23768.0,27438.0,29163.0,-24.8,4.2,5521,30912,30728
R,16,3,-16,-2,13,-18,6.09,-6.09,-29.45,0.86584,0.0924,-0.49171,zhao_uCT_match,1,58,-17.0,-3.0,unclear,,{},R7_unclear:500162;R8_unclear:244530,yellow,14097.0,48917.0,38867.0,19376.0,45455.0,41985.0,-59.4,-29.5,17560,48329,24897
R,16,4,-15,-2,12,-17,0.11,-0.11,-28.08,0.88232,0.00166,-0.47065,zhao_uCT_match,1,68,-16.0,-3.0,pale?,Dm8b/Tm5b home,"{""Dm8b"": 1, ""Tm5b"": 2}",,unclear,13314.0,48497.0,38004.0,19535.0,44379.0,41436.0,-61.1,-30.1,17085,48107,24249
R,16,5,-14,-2,11,-16,-5.76,5.76,-26.43,0.89094,-0.08987,-0.44514,zhao_uCT_match,1,80,-15.0,-3.0,pale?,Dm8b/Tm5b home,"{""Tm5b"": 1}",R7_unclear:500145;R8_unclear:322221,unclear,13034.0,48143.0,37131.0,19458.0,43678.0,40776.0,-60.4,-31.2,16609,47728,23841
R,16,6,-13,-2,10,-15,-11.03,11.03,-24.51,0.89309,-0.17412,-0.41481,zhao_uCT_match,1,95,-14.0,-3.0,pale?,Dm8b/Tm5b home,"{""Dm8b"": 1, ""Tm5b"": 1}",R7R8_unclear:500307;R7R8_unclear:208820,unclear,12460.0,47659.0,35915.0,19379.0,43223.0,40237.0,-58.0,-28.5,15938,47284,23698
R,16,7,-12,-2,9,-14,-15.85,15.85,-22.49,0.88881,-0.25235,-0.38255,zhao_uCT_match,1,109,-13.0,-3.0,yellow,R7,"{""R7y"": 1, ""R8y"": 1, ""Dm8a"": 1, ""Tm5a"": 1}",R8y:500053;R7R8_unclear:500199;R7y:500058,yellow,12400.0,47298.0,35205.0,19348.0,42581.0,39680.0,-57.2,-29.7,15410,46717,23361
R,16,8,-11,-2,8,-13,-20.77,20.77,-20.53,0.87563,-0.33204,-0.35074,zhao_uCT_match,1,126,-12.0,-3.0,pale?,Dm8b/Tm5b home,"{""Dm8b"": 1, ""Tm5b"": 1}",R7_unclear:500126;R8_unclear:449068,unclear,12173.0,46869.0,34399.0,19283.0,42082.0,39214.0,-55.9,-29.1,,,
R,16,9,-10,-2,7,-12,-25.62,25.62,-18.59,0.85467,-0.4098,-0.31875,zhao_uCT_match,1,145,-11.0,-3.0,pale?,Dm8b/Tm5b home,"{""Dm8b"": 1, ""Tm5b"": 1}",R7R8_unclear:500214;R8_unclear:500202,pale,12156.0,46013.0,33938.0,19202.0,41507.0,38714.0,-55.9,-27.9,,,
R,16,10,-9,-2,6,-11,-30.11,30.11,-16.75,0.82837,-0.48031,-0.28827,zhao_uCT_match,1,164,-10.0,-3.0,pale?,Dm8b/Tm5b home,"{""Tm5b"": 1}",R7_unclear:500122;R8_unclear:400334,unclear,12140.0,45384.0,33538.0,19125.0,40927.0,38251.0,-56.0,-27.9,13059,45483,25421
R,16,11,-8,-2,5,-10,-34.52,34.52,-14.89,0.79621,-0.54771,-0.25705,zhao_uCT_match,1,186,-9.0,-3.0,pale?,Dm8b/Tm5b home,"{""Dm8b"": 1, ""Tm5b"": 1}",R7_unclear:394595;R8_unclear:500033,unclear,11999.0,44726.0,32838.0,19147.0,40463.0,37746.0,-55.5,-26.2,,,
R,16,12,-7,-2,4,-9,-38.53,38.53,-13.22,0.76154,-0.60645,-0.22864,zhao_uCT_match,1,207,-8.0,-3.0,yellow,R7,"{""R7y"": 1, ""R8y"": 1, ""Dm8a"": 1, ""Tm5a"": 1}",R8y:455385;R7y:369735,yellow,11982.0,44075.0,32354.0,19088.0,39995.0,37257.0,-55.4,-25.3,,,
R,16,13,-6,-2,3,-8,-42.6,42.6,-11.43,0.72148,-0.66349,-0.19811,zhao_uCT_match,1,228,-7.0,-3.0,pale?,Dm8b/Tm5b home,"{""Dm8b"": 1, ""Tm5b"": 1}",R7_unclear:500097;R8_unclear:482958,unclear,11983.0,43480.0,31696.0,19014.0,39449.0,36810.0,-54.0,-24.9,11553,44107,24983
R,16,14,-5,-2,2,-7,-46.93,46.93,-9.52,0.6735,-0.72047,-0.16531,zhao_uCT_match,1,250,-6.0,-3.0,yellow,R7,"{""R7y"": 1, ""R8y"": 1, ""Dm8a"": 1, ""Tm5a"": 1}",R8y:301517;R7y:500025,yellow,11721.0,42616.0,30975.0,18955.0,38766.0,36421.0,-53.0,-23.0,11225,43459,24968
R,16,15,-4,-2,1,-6,-50.45,50.45,-7.48,0.63134,-0.76451,-0.13011,zhao_uCT_match,1,271,-5.0,-3.0,pale?,Dm8b/Tm5b home,"{""Dm8b"": 1, ""Tm5b"": 1}",R7_unclear:340551;R8_unclear:201086,unclear,12175.0,41888.0,30438.0,19093.0,38287.0,36063.0,-50.9,-22.0,10768,43039,25081
R,16,16,-3,-2,0,-5,-54.04,54.04,-5.33,0.58465,-0.80595,-0.09289,zhao_uCT_match,1,294,-4.0,-3.0,pale?,Dm8b/Tm5b home,"{""Tm5b"": 1}",R7_unclear:197621;R8_unclear:190540,unclear,12387.0,40980.0,29834.0,19114.0,37571.0,35661.0,-49.1,-21.0,10336,42480,25007
R,16,17,-2,-2,-1,-4,-57.87,57.87,-3.43,0.53084,-0.84536,-0.05974,zhao_uCT_match,1,318,-3.0,-3.0,yellow,R7,"{""R7y"": 1, ""R8y"": 1, ""Dm8a"": 1}",R8y:175753;R7y:223619,yellow,12697.0,40067.0,29316.0,19194.0,37119.0,35179.0,-47.9,-18.6,10094,41885,25167
R,16,18,-1,-2,-2,-3,-61.91,61.91,-1.71,0.4707,-0.88179,-0.02986,zhao_uCT_match,1,339,-2.0,-3.0,yellow,R7,"{""R7y"": 1, ""R8y"": 1, ""Dm8a"": 1, ""Tm5a"": 1}",R8y:209637;R7y:194972,yellow,12973.0,39347.0,28713.0,19137.0,36496.0,34976.0,-44.5,-18.0,9831,41395,25609
R,16,19,0,-2,-3,-2,-65.85,65.85,0.11,0.40919,-0.91245,0.00196,zhao_uCT_match,1,364,-1.0,-3.0,pale?,Dm8b/Tm5b home,"{""Dm8b"": 1, ""Tm5b"": 1}",R7_unclear:179653;R8_unclear:182120,unclear,13144.0,38370.0,28279.0,19075.0,35870.0,34587.0,-43.2,-16.1,,,
R,16,20,1,-2,-4,-1,-70.3,70.3,1.43,0.33703,-0.94117,0.02488,zhao_uCT_match,1,387,0.0,-3.0,unclear,,"{""Dm8b"": 1, ""Tm5a"": 1, ""Tm5b"": 1}",R7_unclear:161842;R8_unclear:209236,yellow,13406.0,37287.0,27761.0,19211.0,35342.0,34187.0,-42.1,-12.7,,,
R,16,21,2,-2,-5,0,-74.68,74.68,2.53,0.2639,-0.96354,0.04413,zhao_uCT_match,1,410,1.0,-3.0,yellow,R7,"{""R7y"": 1, ""R8y"": 1, ""Dm8a"": 1, ""Tm5a"": 1}",R8y:163558;R7y:168619,yellow,13890.0,36486.0,27113.0,19179.0,34549.0,33893.0,-38.0,-12.7,,,
R,16,22,3,-2,-6,1,-78.82,78.82,3.72,0.19351,-0.97895,0.06489,zhao_uCT_match,1,434,2.0,-3.0,yellow,R7,"{""R7y"": 1, ""R8y"": 1, ""Dm8a"": 1, ""Tm5a"": 1}",R8y:177362;R7y:171919,yellow,14291.0,35683.0,26749.0,19211.0,33962.0,33590.0,-35.7,-11.5,,,
R,16,23,4,-2,-7,2,-83.59,83.59,4.91,0.11123,-0.9901,0.08566,zhao_uCT_match,1,454,3.0,-3.0,pale?,Dm8b/Tm5b home,"{""Tm5b"": 1}",R7_unclear:129341;R8_unclear:238831,unclear,14732.0,34546.0,26430.0,19270.0,33405.0,33255.0,-33.6,-7.9,,,
R,16,24,5,-2,-8,3,-88.42,88.42,6.4,0.02737,-0.9934,0.11142,zhao_uCT_match,1,479,4.0,-3.0,yellow,R7,"{""R7y"": 1, ""R8y"": 1, ""Dm8a"": 1, ""Tm5a"": 1}",R8y:180161;R7y:169695,yellow,15153.0,33760.0,25907.0,19366.0,32789.0,32845.0,-31.3,-6.8,,,
R,16,25,6,-2,-9,4,-93.28,93.28,8.1,-0.05664,-0.98841,0.14088,zhao_uCT_match,1,500,5.0,-3.0,pale,R7,"{""R7p"": 1, ""R8p"": 1, ""Dm8b"": 1, ""Tm5b"": 1}",R7p:156632;R8p:184403,unclear,15601.0,32883.0,25456.0,19370.0,32173.0,32522.0,-28.1,-5.1,,,
R,16,26,7,-2,-10,5,-98.51,98.51,9.88,-0.1458,-0.97432,0.1716,zhao_uCT_match,1,524,6.0,-3.0,yellow,R7,"{""R7y"": 1, ""R8y"": 1, ""Dm8a"": 1, ""Tm5a"": 1}",R8y:177267;R7y:164888,yellow,16019.0,31932.0,25106.0,19600.0,31426.0,32013.0,-27.4,-3.7,,,
R,16,27,8,-2,-11,6,-103.62,103.62,12.06,-0.23022,-0.95044,0.20896,zhao_uCT_match,1,544,7.0,-3.0,pale,R7,"{""R7p"": 1, ""R8p"": 1, ""Dm8b"": 1}",R7p:162110;R8p:180555,unclear,16545.0,31303.0,24750.0,19759.0,30910.0,31766.0,-24.6,-2.9,7601,33916,27213
R,16,28,9,-2,-12,7,-109.09,109.09,13.7,-0.3178,-0.91812,0.23677,zhao_uCT_match,1,565,8.0,-3.0,pale?,Dm8b/Tm5b home,"{""Dm8b"": 1, ""Tm5b"": 1}",R7_unclear:147205;R8_unclear:181245,unclear,16943.0,30410.0,24499.0,20189.0,30328.0,31567.0,-24.7,-0.6,7530,33170,27532
R,16,29,10,-2,-13,8,-114.84,114.84,14.9,-0.40599,-0.87696,0.25713,zhao_uCT_match,1,586,9.0,-3.0,pale,R7,"{""R7p"": 1, ""R8p"": 1, ""Tm5b"": 1}",R7p:118589;R8p:178159,pale,17605.0,29478.0,24235.0,20551.0,29655.0,31281.0,-22.7,1.3,7549,32480,28127
R,16,30,11,-2,-14,9,-122.06,122.06,15.72,-0.51087,-0.81582,0.27101,zhao_uCT_match,1,603,10.0,-3.0,yellow,R7,"{""R7y"": 1, ""R8y"": 1, ""Dm8a"": 1, ""Tm5a"": 1}",R8y:197814;R7y:169131,yellow,18146.0,28792.0,24206.0,21131.0,28963.0,31011.0,-23.7,1.3,7517,31565,28507
R,16,31,12,-2,-15,10,-129.44,129.44,16.21,-0.61007,-0.74154,0.27918,zhao_uCT_match,1,617,11.0,-3.0,yellow,R7,"{""R7y"": 1, ""R8y"": 1, ""Dm8a"": 1, ""Tm5a"": 1}",R8y:195327;R7y:160146,yellow,18810.0,27893.0,24086.0,21526.0,28257.0,30721.0,-22.3,2.9,7460,30799,29029
R,16,32,13,-2,-16,11,-137.84,137.84,16.11,-0.71214,-0.64486,0.2775,zhao_uCT_match,1,629,12.0,-3.0,yellow,R7,"{""R7y"": 1, ""R8y"": 1, ""Dm8a"": 1, ""Tm5a"": 1}",R8y:190700;R7y:166891,yellow,19728.0,26938.0,24139.0,22189.0,27787.0,30223.0,-22.0,7.4,6113,30318,30071
R,16,33,14,-2,-17,12,-148.47,148.47,15.31,-0.82214,-0.50434,0.26406,zhao_uCT_match,1,633,13.0,-3.0,DRA,R7d/R8d,"{""R7d"": 1, ""R8d"": 1, ""Dm-DRA1"": 1, ""Dm-DRA2"": 1, ""MeTu2a"": 2}",R7d:121841;R8d:155183,DRA,20803.0,26522.0,24155.0,23139.0,27028.0,29757.0,-22.6,4.8,5680,30063,30804
R,17,3,-16,-1,14,-17,9.75,-9.75,-27.01,0.8781,0.15081,-0.45409,extrapolated_local_linear,18,-1,,,unclear,,{},,unclear,13140.0,47656.0,39582.0,18405.0,44764.0,42163.0,-63.9,-26.3,,,
R,17,4,-15,-1,13,-16,2.93,-2.93,-25.28,0.90308,0.04627,-0.42698,zhao_uCT_match,1,79,-16.0,-2.0,yellow?,Dm8a/Tm5a home,"{""Dm8a"": 1, ""Tm5a"": 1}",R8_unclear:500092,yellow,12878.0,47800.0,38554.0,18734.0,44251.0,41805.0,-61.0,-27.9,17092,47399,24261
R,17,5,-14,-1,12,-15,-2.63,2.63,-23.6,0.91542,-0.04202,-0.40031,zhao_uCT_match,1,89,-15.0,-2.0,unclear,,{},R7_unclear:235090;R8_unclear:543536,unclear,12225.0,47655.0,37409.0,18800.0,43372.0,41349.0,-59.1,-29.2,16645,47009,23851
R,17,6,-13,-1,11,-14,-7.79,7.79,-22.17,0.9175,-0.12558,-0.37739,zhao_uCT_match,1,105,-14.0,-2.0,yellow?,Dm8a/Tm5a home,"{""Tm5a"": 1}",R7_unclear:500086;R7R8_unclear:500180;R8_unclear:105138176,unclear,11870.0,47240.0,36574.0,18700.0,42602.0,40746.0,-58.6,-30.1,16098,46545,23477
R,17,7,-12,-1,10,-13,-12.76,12.76,-20.24,0.91507,-0.20716,-0.34601,zhao_uCT_match,1,121,-13.0,-2.0,pale?,Dm8b/Tm5b home,"{""Dm8b"": 1, ""Tm5b"": 1}",R7R8_unclear:500253;R7R8_unclear:500141;R7R8_unclear:500241,unclear,11587.0,46678.0,35720.0,18605.0,42290.0,40220.0,-57.3,-27.8,15532,45994,23172
R,17,8,-11,-1,9,-12,-17.58,17.58,-18.2,0.90558,-0.28695,-0.31239,zhao_uCT_match,1,136,-12.0,-2.0,pale?,Dm8b/Tm5b home,"{""Dm8b"": 1, ""Tm5b"": 1}",R7R8_unclear:500100;R7R8_unclear:500104,unclear,11634.0,46070.0,35230.0,18615.0,41723.0,39695.0,-57.4,-27.7,14118,45793,25331
R,17,9,-10,-1,8,-11,-22.28,22.28,-16.07,0.88915,-0.36436,-0.27685,zhao_uCT_match,1,155,-11.0,-2.0,yellow?,Dm8a/Tm5a home,"{""Dm8a"": 1, ""Tm5a"": 1}",R7R8_unclear:500052;R7R8_unclear:500192,yellow,11238.0,45602.0,34446.0,18502.0,41073.0,39126.0,-57.2,-27.7,,,
R,17,10,-9,-1,7,-10,-26.78,26.78,-14.45,0.86447,-0.43632,-0.24962,zhao_uCT_match,1,174,-10.0,-2.0,pale?,Dm8b/Tm5b home,"{""Dm8b"": 1, ""Tm5b"": 1}",R7R8_unclear:500076;R7R8_unclear:500149,unclear,11237.0,44847.0,33963.0,18466.0,40533.0,38729.0,-56.6,-26.5,,,
R,17,11,-8,-1,6,-9,-31.07,31.07,-12.54,0.83615,-0.50372,-0.21706,zhao_uCT_match,1,195,-9.0,-2.0,pale?,Dm8b/Tm5b home,"{""Dm8b"": 1, ""Tm5b"": 1}",R7_unclear:480615166;R8_unclear:394316,yellow,11301.0,44170.0,33447.0,18475.0,39971.0,38148.0,-56.8,-26.1,,,
R,17,12,-7,-1,5,-8,-35.34,35.34,-10.61,0.80182,-0.56851,-0.18409,zhao_uCT_match,1,216,-8.0,-2.0,pale?,Dm8b/Tm5b home,"{""Dm8b"": 1, ""Tm5b"": 1}",R7_unclear:286828;R8_unclear:238050,unclear,11138.0,43462.0,32748.0,18496.0,39479.0,37630.0,-56.4,-24.3,,,
R,17,13,-6,-1,4,-7,-38.92,38.92,-8.86,0.76875,-0.62073,-0.15401,zhao_uCT_match,1,238,-7.0,-2.0,pale,R7,"{""R7p"": 1, ""R8p"": 1, ""Dm8b"": 1, ""Tm5b"": 1}",R7p:354271;R8p:303535,pale,11015.0,42879.0,32081.0,18508.0,39086.0,37234.0,-55.5,-22.6,11856,43372,24956
R,17,14,-5,-1,3,-6,-42.89,42.89,-6.96,0.72722,-0.67561,-0.1212,zhao_uCT_match,1,261,-6.0,-2.0,yellow,R7,"{""R7y"": 1, ""R8y"": 1, ""Dm8a"": 1, ""Tm5a"": 1}",R8y:162288;R7y:247008,yellow,11091.0,42206.0,31591.0,18494.0,38553.0,36797.0,-54.9,-22.0,11482,42705,24884
R,17,15,-4,-1,2,-5,-46.81,46.81,-5.06,0.6818,-0.7262,-0.08823,zhao_uCT_match,1,282,-5.0,-2.0,yellow,R7,"{""R7y"": 1, ""R8y"": 1, ""Dm8a"": 1, ""Tm5a"": 1}",R8y:326147;R7y:271230,yellow,11192.0,41311.0,30900.0,18554.0,37967.0,36415.0,-53.2,-20.0,11061,42290,24926
R,17,16,-3,-1,1,-4,-50.41,50.41,-3.24,0.63624,-0.76942,-0.05645,zhao_uCT_match,1,305,-4.0,-2.0,pale?,Dm8b/Tm5b home,"{""Dm8b"": 1}",R7_unclear:231386;R8_unclear:221822,unclear,11558.0,40353.0,30472.0,18503.0,37181.0,36085.0,-51.1,-19.6,10730,41785,24929
R,17,17,-2,-1,0,-3,-53.9,53.9,-1.14,0.58911,-0.80781,-0.01996,zhao_uCT_match,1,327,-3.0,-2.0,yellow,R7,"{""R7y"": 1, ""R8y"": 1, ""Dm8a"": 1, ""Tm5a"": 1, ""Tm5b"": 1}",R8y:177842;R7y:193355,yellow,11804.0,39611.0,29904.0,18618.0,36633.0,35724.0,-49.5,-18.4,10198,41075,24972
R,17,18,-1,-1,-1,-2,-57.59,57.59,0.45,0.53593,-0.84422,0.00787,zhao_uCT_match,1,349,-2.0,-2.0,pale?,Dm8b/Tm5b home,"{""Dm8b"": 1, ""Tm5b"": 1}",R7_unclear:177361;R8_unclear:185489,unclear,11857.0,38702.0,29146.0,18551.0,36024.0,35349.0,-47.2,-16.4,9891,40571,25175
R,17,19,0,-1,-2,-1,-61.4,61.4,2.04,0.47842,-0.87741,0.03556,zhao_uCT_match,1,374,-1.0,-2.0,yellow,R7,"{""R7y"": 1, ""R8y"": 1, ""Dm8a"": 1, ""Tm5a"": 1}",R8y:199862;R7y:224710,yellow,12229.0,37824.0,28707.0,18625.0,35362.0,34954.0,-45.7,-15.4,,,
R,17,20,1,-1,-3,0,-65.45,65.45,3.48,0.41475,-0.90791,0.06068,zhao_uCT_match,1,397,0.0,-2.0,yellow,R7,"{""R7y"": 1, ""R8y"": 1, ""Dm8a"": 1, ""Tm5a"": 1}",R8y:182140;R7y:170022,yellow,12655.0,36839.0,28165.0,18732.0,34737.0,34498.0,-43.8,-13.5,,,
R,17,21,2,-1,-4,1,-70.03,70.03,4.15,0.34056,-0.93743,0.07242,zhao_uCT_match,1,419,1.0,-2.0,pale,R7,"{""R7p"": 1, ""R8p"": 1, ""Dm8b"": 1}",R7p:175010;R8p:197760,pale,13240.0,35939.0,27694.0,18674.0,34005.0,34286.0,-39.5,-12.8,,,
R,17,22,3,-1,-5,2,-74.58,74.58,5.58,0.26471,-0.95941,0.09726,zhao_uCT_match,1,444,2.0,-2.0,pale?,Dm8b/Tm5b home,"{""Dm8b"": 1, ""Tm5b"": 1}",R7_unclear:186930;R8_unclear:174693,unclear,13474.0,34849.0,27294.0,18807.0,33356.0,33869.0,-39.0,-10.0,,,
R,17,23,4,-1,-6,3,-79.28,79.28,7.33,0.18442,-0.97453,0.1276,zhao_uCT_match,1,468,3.0,-2.0,yellow,R7,"{""R7y"": 1, ""R8y"": 1, ""Dm8a"": 1, ""Tm5a"": 1}",R8y:176307;R7y:210420,yellow,13973.0,33866.0,27058.0,18881.0,32790.0,33603.0,-36.9,-7.5,,,
R,17,24,5,-1,-7,4,-84.26,84.26,8.71,0.0988,-0.98353,0.15138,zhao_uCT_match,1,492,4.0,-2.0,yellow,R7,"{""R7y"": 1, ""R8y"": 1, ""Tm5a"": 1}",R8y:186350;R7y:214653,yellow,14459.0,32996.0,26489.0,18923.0,32077.0,33206.0,-33.6,-6.5,,,
R,17,25,6,-1,-8,5,-89.23,89.23,10.28,0.01322,-0.98387,0.17842,zhao_uCT_match,1,514,5.0,-2.0,pale,R7,"{""R7p"": 1, ""R8p"": 1, ""Dm8b"": 1}",R7p:210286;R8p:188834,pale,14926.0,32179.0,25986.0,19026.0,31450.0,32714.0,-31.4,-5.3,,,
R,17,26,7,-1,-9,6,-94.37,94.37,12.1,-0.07444,-0.97496,0.20956,zhao_uCT_match,1,534,6.0,-2.0,yellow,R7,"{""R7y"": 1, ""R8y"": 1, ""Dm8a"": 1, ""Tm5a"": 1}",R8y:188346;R7y:167791,yellow,15504.0,31452.0,25676.0,19197.0,30917.0,32449.0,-28.6,-4.0,,,
R,17,27,8,-1,-10,7,-99.83,99.83,14.5,-0.16529,-0.95394,0.25036,zhao_uCT_match,1,558,7.0,-2.0,pale,R7,"{""R7p"": 1, ""R8p"": 1, ""Dm8b"": 1, ""Tm5b"": 1}",R7p:178611;R8p:179127,pale,15925.0,30414.0,25311.0,19432.0,30350.0,32105.0,-27.3,-0.5,8045,33402,27112
R,17,28,9,-1,-11,8,-105.18,105.18,16.45,-0.25119,-0.92558,0.28321,zhao_uCT_match,1,578,8.0,-2.0,yellow,R7,"{""R7y"": 1, ""R8y"": 1, ""Dm8a"": 1, ""Tm5a"": 1}",R8y:145562;R7y:175549,yellow,16600.0,29597.0,25005.0,19738.0,29675.0,31769.0,-24.9,0.6,7760,32591,27442
R,17,29,10,-1,-12,9,-110.58,110.58,18.05,-0.3342,-0.89009,0.30992,zhao_uCT_match,1,597,9.0,-2.0,yellow,R7,"{""R7y"": 1, ""R8y"": 1, ""Dm8a"": 1, ""Tm5a"": 1}",R8y:192345;R7y:155014,yellow,17050.0,28763.0,24748.0,20077.0,28943.0,31626.0,-23.8,1.4,7712,31873,27970
R,17,30,11,-1,-13,10,-117.5,117.5,19.56,-0.43505,-0.83582,0.33487,zhao_uCT_match,1,618,10.0,-2.0,pale,R7,"{""R7p"": 1, ""R8p"": 1, ""Dm8b"": 1, ""Tm5b"": 1}",R7p:217973;R8p:189510,unclear,17653.0,28146.0,24527.0,20615.0,28347.0,31283.0,-23.7,1.6,7666,30900,28400
R,17,31,12,-1,-14,11,-124.94,124.94,20.4,-0.53684,-0.76834,0.34851,zhao_uCT_match,1,632,11.0,-2.0,pale,R7,"{""R7p"": 1, ""R8p"": 1}",R7p:166193;R8p:193994,unclear,18219.0,27270.0,24450.0,21223.0,27789.0,30967.0,-24.7,4.1,7514,30197,28910
R,17,32,13,-1,-15,12,-132.3,132.3,20.44,-0.63064,-0.69309,0.34916,zhao_uCT_match,1,645,12.0,-2.0,pale,R7,"{""R7p"": 1, ""R8p"": 1, ""Tm5b"": 1}",R7p:162582;R8p:181022,pale,18950.0,26512.0,24394.0,21806.0,27193.0,30657.0,-24.5,5.7,7000,29716,29713
R,17,33,14,-1,-16,13,-141.29,141.29,18.94,-0.73809,-0.59148,0.32462,zhao_uCT_match,1,653,13.0,-2.0,pale,R7,"{""R7p"": 1, ""R8p"": 1, ""Tm5b"": 1}",R7p:183927;R8p:182716,pale,20045.0,25912.0,24326.0,22465.0,26705.0,30193.0,-22.4,7.1,5919,29402,30573
R,17,34,15,-1,-17,14,-150.25,150.25,18.29,-0.82435,-0.47109,0.3139,extrapolated_local_linear,19,-1,,,unclear,,{},,unclear,21278.0,25354.0,24582.0,23601.0,26289.0,29465.0,-25.4,9.8,5810,29148,31048
R,18,4,-15,0,14,-15,7.89,-7.89,-23.31,0.90971,0.12608,-0.39565,zhao_uCT_match,1,90,-16.0,-1.0,unclear,,{},,unclear,12382.0,47098.0,39091.0,17882.0,43897.0,42196.0,-60.6,-26.9,,,
R,18,5,-14,0,13,-14,0.94,-0.94,-21.4,0.93094,0.01525,-0.36486,zhao_uCT_match,1,103,-15.0,-1.0,pale?,Dm8b/Tm5b home,"{""Dm8b"": 1, ""Tm5b"": 1}",R7R8_unclear:500197;R8_unclear:500040,unclear,11593.0,46731.0,38246.0,17883.0,43112.0,41855.0,-60.2,-26.5,16765,46380,23821
R,18,6,-13,0,12,-13,-4.41,4.41,-19.76,0.93836,-0.07236,-0.338,zhao_uCT_match,1,115,-14.0,-1.0,pale?,Dm8b/Tm5b home,"{""Dm8b"": 1, ""Tm5b"": 1}",,unclear,11296.0,46655.0,37364.0,17993.0,42489.0,41334.0,-59.3,-28.2,16271,45851,23428
R,18,7,-12,0,11,-12,-9.5,9.5,-18.02,0.93791,-0.15694,-0.30936,zhao_uCT_match,1,129,-13.0,-1.0,pale?,Dm8b/Tm5b home,"{""Tm5b"": 1}",R8_unclear:500157,yellow,10979.0,46058.0,36568.0,17932.0,41827.0,40748.0,-59.0,-27.5,15720,45322,23262
R,18,8,-11,0,10,-11,-14.37,14.37,-15.81,0.93207,-0.23873,-0.27248,zhao_uCT_match,1,144,-12.0,-1.0,unclear,,{},R7R8_unclear:500212;R7R8_unclear:500083,unclear,10647.0,45580.0,35833.0,17925.0,41310.0,40082.0,-59.7,-26.9,,,
R,18,9,-10,0,9,-10,-18.7,18.7,-13.53,0.92092,-0.31168,-0.234,zhao_uCT_match,1,165,-11.0,-1.0,pale?,Dm8b/Tm5b home,"{""Dm8b"": 1, ""Tm5b"": 1}",R7R8_unclear:500220;R7R8_unclear:500136,unclear,10651.0,44937.0,35149.0,17845.0,40606.0,39514.0,-58.8,-27.2,,,
R,18,10,-9,0,8,-9,-23.22,23.22,-11.82,0.8995,-0.38595,-0.2048,zhao_uCT_match,1,184,-10.0,-1.0,unclear,,"{""Dm8b"": 1, ""Tm5a"": 1, ""Tm5b"": 1}",R7R8_unclear:500123;R8_unclear:500089,yellow,10277.0,44452.0,34430.0,17819.0,40065.0,39036.0,-58.6,-26.4,,,
R,18,11,-8,0,7,-8,-27.52,27.52,-10.16,0.87298,-0.45474,-0.17637,zhao_uCT_match,1,203,-9.0,-1.0,pale?,Dm8b/Tm5b home,"{""Tm5b"": 1}",R7R8_unclear:500171;R7R8_unclear:500224,unclear,10458.0,43656.0,33913.0,17805.0,39486.0,38545.0,-57.8,-25.6,,,
R,18,12,-7,0,6,-7,-31.71,31.71,-8.27,0.84185,-0.52022,-0.14376,zhao_uCT_match,1,225,-8.0,-1.0,unclear,,"{""Dm8b"": 1, ""Tm5a"": 1}",,yellow,10523.0,42943.0,33354.0,17872.0,39113.0,38139.0,-56.9,-23.6,,,
R,18,13,-6,0,5,-6,-35.65,35.65,-6.45,0.80739,-0.57921,-0.11241,zhao_uCT_match,1,248,-7.0,-1.0,pale?,Dm8b/Tm5b home,"{""Dm8b"": 1, ""Tm5b"": 1}",R7_unclear:232966;R8_unclear:289631,unclear,10294.0,42122.0,32660.0,17843.0,38489.0,37624.0,-56.7,-21.9,11977,42639,24944
R,18,14,-5,0,4,-5,-39.04,39.04,-4.6,0.77415,-0.62789,-0.08025,zhao_uCT_match,1,270,-6.0,-1.0,pale?,Dm8b/Tm5b home,"{""Dm8b"": 1, ""Tm5b"": 1}",R8_unclear:331446,unclear,10255.0,41584.0,31980.0,17955.0,38051.0,37140.0,-56.2,-20.9,11781,41955,24770
R,18,15,-4,0,3,-4,-42.44,42.44,-2.57,0.7372,-0.67418,-0.04486,zhao_uCT_match,1,293,-5.0,-1.0,yellow?,Dm8a/Tm5a home,"{""Dm8a"": 1, ""Tm5a"": 1}",,yellow,10418.0,40769.0,31360.0,17913.0,37418.0,36753.0,-54.3,-19.9,11387,41569,24737
R,18,16,-3,0,2,-3,-46.24,46.24,-0.7,0.69153,-0.72224,-0.01216,zhao_uCT_match,1,315,-4.0,-1.0,pale?,Dm8b/Tm5b home,"{""Dm8b"": 1, ""Tm5b"": 1}",R7_unclear:386769;R8_unclear:274238,unclear,10572.0,39953.0,30783.0,17863.0,36566.0,36368.0,-52.5,-20.2,10877,40963,24687
R,18,17,-2,0,1,-2,-49.83,49.83,1.11,0.64497,-0.76397,0.01933,zhao_uCT_match,1,338,-3.0,-1.0,yellow,R7,"{""R7y"": 1, ""R8y"": 1, ""Dm8a"": 1, ""Tm5a"": 1}",R8y:203264;R7y:291231,yellow,10881.0,38937.0,30326.0,17921.0,36031.0,36043.0,-50.9,-17.8,10304,40344,24616
R,18,18,-1,0,0,-1,-53.63,53.63,2.53,0.59242,-0.80442,0.04416,zhao_uCT_match,1,361,-2.0,-1.0,yellow,R7,"{""R7y"": 1, ""R8y"": 1, ""Dm8a"": 1, ""Tm5a"": 1}",R8y:249887;R7y:193998,yellow,11082.0,38102.0,29807.0,18039.0,35440.0,35736.0,-49.6,-16.2,9972,39584,24619
R,18,19,0,0,-1,0,-57.48,57.48,3.8,0.53646,-0.84133,0.06623,zhao_uCT_match,1,384,-1.0,-1.0,pale,R7,"{""R7p"": 1, ""R8p"": 1, ""Dm8b"": 1}",R7p:198478;R8p:186297,pale,11458.0,37134.0,29257.0,18161.0,34984.0,35332.0,-47.8,-13.4,9829,38844,24941
R,18,20,1,0,-2,1,-61.46,61.46,4.86,0.47601,-0.87535,0.08474,zhao_uCT_match,1,408,0.0,-1.0,pale,R7,"{""R7p"": 1, ""R8p"": 1, ""Dm8b"": 1, ""Tm5b"": 1}",R7p:220987;R8p:232415,pale,11715.0,36152.0,28709.0,18211.0,34224.0,34952.0,-46.1,-12.1,,,
R,18,21,2,0,-3,2,-65.64,65.64,6.06,0.41023,-0.90585,0.10556,zhao_uCT_match,1,431,1.0,-1.0,yellow,R7,"{""R7y"": 1, ""R8y"": 1, ""Dm8a"": 1, ""Tm5a"": 1}",R8y:220920;R7y:229910,yellow,12260.0,35346.0,28318.0,18226.0,33459.0,34712.0,-43.0,-12.2,,,
R,18,22,3,0,-4,3,-70.28,70.28,7.43,0.33464,-0.93342,0.1294,zhao_uCT_match,1,455,2.0,-1.0,yellow,R7,"{""R7y"": 1, ""R8y"": 1, ""Dm8a"": 1, ""Tm5a"": 1}",R8y:179268;R7y:179692,yellow,12754.0,34328.0,28011.0,18351.0,32970.0,34408.0,-41.2,-9.1,,,
R,18,23,4,0,-5,4,-75.09,75.09,9.63,0.25375,-0.95271,0.1672,zhao_uCT_match,1,480,3.0,-1.0,pale?,Dm8b/Tm5b home,"{""Tm5b"": 1}",R7_unclear:156216;R8_unclear:187630,unclear,13202.0,33351.0,27619.0,18527.0,32289.0,33960.0,-40.0,-7.3,,,
R,18,24,5,0,-6,5,-79.92,79.92,11.36,0.17162,-0.96528,0.19691,zhao_uCT_match,1,503,4.0,-1.0,yellow,R7,"{""R7y"": 1, ""R8y"": 1, ""Dm8a"": 1}",R8y:182027;R7y:219773,yellow,13664.0,32392.0,27128.0,18642.0,31710.0,33686.0,-37.2,-4.7,,,
R,18,25,6,0,-7,6,-85.13,85.13,12.76,0.08285,-0.97179,0.22083,zhao_uCT_match,1,526,5.0,-1.0,yellow,R7,"{""R7y"": 1, ""R8y"": 1, ""Dm8a"": 1, ""Tm5a"": 1, ""Tm5b"": 1}",R8y:192346;R7y:208565,yellow,14361.0,31696.0,26751.0,18776.0,31016.0,33251.0,-34.2,-4.9,,,
R,18,26,7,0,-8,7,-90.49,90.49,14.55,-0.0082,-0.96791,0.25115,zhao_uCT_match,1,547,6.0,-1.0,yellow,R7,"{""R7y"": 1, ""R8y"": 1, ""Dm8a"": 1, ""Tm5a"": 1}",R8y:553949;R7y:210031,yellow,14946.0,30856.0,26238.0,18844.0,30300.0,32940.0,-30.2,-4.1,,,
R,18,27,8,0,-9,8,-95.64,95.64,16.91,-0.09403,-0.95211,0.29093,zhao_uCT_match,1,572,7.0,-1.0,pale,R7,"{""R7p"": 1, ""R8p"": 1, ""Dm8b"": 1}",R7p:187448;R8p:183922,unclear,15504.0,29976.0,25993.0,19070.0,29701.0,32565.0,-28.5,-2.1,8348,32820,27027
R,18,28,9,0,-10,9,-101.39,101.39,19.03,-0.18665,-0.92676,0.32601,zhao_uCT_match,1,592,8.0,-1.0,pale,R7,"{""R7p"": 1, ""R8p"": 1, ""Tm5b"": 1}",R7p:192036;R8p:175453,pale,16109.0,29100.0,25670.0,19380.0,29042.0,32197.0,-26.6,-0.5,7851,32065,27223
R,18,29,10,0,-11,10,-107.04,107.04,20.88,-0.27378,-0.89333,0.35638,zhao_uCT_match,1,611,9.0,-1.0,yellow,R7,"{""R7y"": 1, ""R8y"": 1, ""Dm8a"": 1, ""Tm5a"": 1}",R8y:189816;R7y:175143,yellow,16435.0,28179.0,25236.0,19710.0,28548.0,31829.0,-26.4,2.9,7697,31421,27588
R,18,30,11,0,-12,11,-113.03,113.03,22.79,-0.3606,-0.84849,0.38735,zhao_uCT_match,1,631,10.0,-1.0,yellow,R7,"{""R7y"": 1, ""R8y"": 1, ""Dm8a"": 1, ""Tm5a"": 1}",R8y:192249;R7y:170084,yellow,17029.0,27478.0,25054.0,20066.0,27817.0,31657.0,-24.7,2.7,7601,30687,27843
R,18,31,12,0,-13,12,-120.17,120.17,23.99,-0.4592,-0.78985,0.40652,zhao_uCT_match,1,648,11.0,-1.0,pale,R7,"{""R7p"": 1, ""R8p"": 1, ""Tm5b"": 1}",R7p:175019;R8p:206335,unclear,17645.0,26693.0,24839.0,20730.0,27413.0,31231.0,-25.8,5.8,7687,29657,28847
R,18,32,13,0,-14,13,-127.94,127.94,24.58,-0.55915,-0.71721,0.41589,zhao_uCT_match,1,661,12.0,-1.0,pale,R7,"{""R7p"": 1, ""R8p"": 1, ""Dm8b"": 1}",R7p:162503;R8p:188850,pale,18372.0,25960.0,24747.0,21288.0,26670.0,30989.0,-25.0,5.9,7195,29180,29368
R,18,33,14,0,-15,14,-135.73,135.73,23.91,-0.65463,-0.63815,0.40524,zhao_uCT_match,1,671,13.0,-1.0,pale,R7,"{""R7p"": 1, ""R8p"": 1, ""Dm8b"": 1}",R7p:59034;R8p:142619,pale,19407.0,25172.0,24735.0,22022.0,26062.0,30674.0,-23.8,7.8,6058,28812,30358
R,18,34,15,0,-16,15,-144.35,144.35,22.41,-0.75118,-0.53886,0.38126,zhao_uCT_match,1,674,14.0,-1.0,DRA,R7d/R8d,"{""R7d"": 1, ""R8d"": 1, ""MeTu2a"": 1}",R7d:154123;R8d:154850,DRA,20524.0,24715.0,24740.0,23037.0,25911.0,29983.0,-25.6,11.6,5917,28421,31013
R,19,4,-15,1,15,-14,10.41,-10.41,-20.83,0.91923,0.16893,-0.35563,extrapolated_local_linear,18,-1,,,unclear,,{},,unclear,12309.0,47013.0,39621.0,17490.0,44187.0,42386.0,-61.9,-25.7,,,
R,19,5,-14,1,14,-13,5.04,-5.04,-18.29,0.94579,0.08346,-0.31388,zhao_uCT_match,1,116,-15.0,0.0,unclear,,{},R7_unclear:500331;R8_unclear:500038,unclear,11280.0,46114.0,39208.0,17055.0,42718.0,42202.0,-62.6,-27.6,16922,45722,23420
R,19,6,-13,1,13,-12,-0.9,0.9,-17.41,0.95406,-0.015,-0.29925,zhao_uCT_match,1,125,-14.0,0.0,yellow?,Dm8a/Tm5a home,"{""Dm8a"": 1, ""Tm5a"": 1}",R7_unclear:500151;R8_unclear:500049,yellow,10755.0,45939.0,38088.0,17215.0,42023.0,41648.0,-61.1,-28.0,16367,45224,23622
R,19,7,-12,1,12,-11,-5.98,5.98,-15.53,0.95824,-0.10042,-0.26774,zhao_uCT_match,1,141,-13.0,0.0,pale?,Dm8b/Tm5b home,"{""Dm8b"": 1, ""Tm5b"": 1}",R7R8_unclear:500164;R7R8_unclear:500302,unclear,10325.0,45509.0,37230.0,17280.0,41374.0,41205.0,-60.3,-27.3,16005,44702,23318
R,19,8,-11,1,11,-10,-10.93,10.93,-13.59,0.95437,-0.1843,-0.23498,zhao_uCT_match,1,158,-12.0,0.0,unclear,,"{""Dm8b"": 1, ""Tm5a"": 1, ""Tm5b"": 1}",R7R8_unclear:500296;R7R8_unclear:500115,unclear,9891.0,45010.0,36388.0,17328.0,40803.0,40648.0,-60.2,-26.1,,,
R,19,9,-10,1,10,-9,-15.3,15.3,-11.4,0.94553,-0.25864,-0.19767,zhao_uCT_match,1,176,-11.0,0.0,yellow?,Dm8a/Tm5a home,"{""Dm8a"": 1, ""Tm5a"": 1}",R7R8_unclear:500160;R7R8_unclear:500274,yellow,9923.0,44354.0,35771.0,17159.0,40249.0,40006.0,-59.7,-26.1,,,
R,19,10,-9,1,9,-8,-19.57,19.57,-9.23,0.93005,-0.33057,-0.1604,zhao_uCT_match,1,194,-10.0,0.0,yellow?,Dm8a/Tm5a home,"{""Dm8a"": 1, ""Tm5a"": 1}",R7R8_unclear:500303;R7R8_unclear:500309,yellow,9910.0,43570.0,35295.0,17177.0,39779.0,39487.0,-60.0,-24.3,,,
R,19,11,-8,1,8,-7,-23.51,23.51,-7.44,0.90928,-0.39554,-0.12943,zhao_uCT_match,1,215,-9.0,0.0,pale?,Dm8b/Tm5b home,"{""Dm8b"": 1, ""Tm5b"": 1}",R7R8_unclear:397834;R7R8_unclear:500270,unclear,9626.0,43106.0,34362.0,17211.0,39141.0,38978.0,-58.7,-24.1,,,
R,19,12,-7,1,7,-6,-27.54,27.54,-5.79,0.88213,-0.46008,-0.10084,zhao_uCT_match,1,236,-8.0,0.0,yellow?,Dm8a/Tm5a home,"{""Dm8a"": 1, ""Tm5a"": 1}",R7R8_unclear:500299;R7R8_unclear:500310,yellow,9813.0,42413.0,33879.0,17188.0,38568.0,38527.0,-57.8,-23.8,,,
R,19,13,-6,1,6,-5,-31.84,31.84,-4.08,0.8474,-0.52616,-0.07117,zhao_uCT_match,1,259,-7.0,0.0,yellow?,Dm8a/Tm5a home,"{""Dm8a"": 1, ""Tm5a"": 1}",R7_unclear:500131;R8_unclear:500235,yellow,9779.0,41674.0,33346.0,17174.0,38094.0,38050.0,-57.5,-22.2,,,
R,19,14,-5,1,5,-4,-35.61,35.61,-2.35,0.81229,-0.58182,-0.04094,zhao_uCT_match,1,281,-6.0,0.0,yellow?,Dm8a/Tm5a home,"{""Dm8a"": 1, ""Tm5a"": 1}",R7_unclear:500148;R8_unclear:500144,yellow,9608.0,40897.0,32400.0,17307.0,37645.0,37630.0,-55.8,-19.3,11995,40987,24635
R,19,15,-4,1,4,-3,-38.93,38.93,-0.31,0.77793,-0.62833,-0.00539,zhao_uCT_match,1,302,-5.0,0.0,pale?,Dm8b/Tm5b home,"{""Dm8b"": 1, ""Tm5b"": 1}",R8_unclear:352775,unclear,9630.0,39954.0,31684.0,17322.0,37002.0,37198.0,-54.4,-17.3,11547,40689,24722
R,19,16,-3,1,3,-2,-42.25,42.25,1.63,0.73992,-0.6721,0.02845,zhao_uCT_match,1,326,-4.0,0.0,pale,R7,"{""R7p"": 1, ""R8p"": 1, ""Dm8b"": 1, ""Tm5b"": 1}",R7p:234811;R8p:415439,unclear,9877.0,39172.0,31230.0,17318.0,36273.0,36732.0,-53.5,-17.4,11011,40070,24687
R,19,17,-2,1,2,-1,-45.85,45.85,3.17,0.69545,-0.71644,0.05537,zhao_uCT_match,1,348,-3.0,0.0,yellow,R7,"{""R7y"": 1, ""R8y"": 1, ""Dm8a"": 1, ""Tm5a"": 1}",R8y:324065;R7y:500007,yellow,10019.0,38315.0,30675.0,17461.0,35608.0,36347.0,-52.7,-16.1,10519,39531,24341
R,19,18,-1,1,1,0,-49.7,49.7,4.25,0.64494,-0.76062,0.07414,zhao_uCT_match,1,371,-2.0,0.0,pale?,Dm8b/Tm5b home,"{""Dm8b"": 1, ""Tm5b"": 1}",R7_unclear:255309;R8_unclear:197723,unclear,10256.0,37292.0,30231.0,17484.0,34884.0,36041.0,-51.2,-14.6,10195,38924,24329
R,19,19,0,1,0,1,-53.57,53.57,5.33,0.5913,-0.80109,0.09287,zhao_uCT_match,1,394,-1.0,0.0,pale,R7,"{""R7p"": 1, ""R8p"": 1, ""Dm8b"": 1}",R7p:205233;R8p:226473,unclear,10683.0,36562.0,29825.0,17650.0,34421.0,35737.0,-49.7,-13.2,10040,37829,24712
R,19,20,1,1,-1,2,-57.45,57.45,6.76,0.53428,-0.83706,0.11777,zhao_uCT_match,1,418,0.0,0.0,pale,R7,"{""R7p"": 1, ""R8p"": 1, ""Dm8b"": 1, ""Tm5b"": 1}",R7p:150634;R8p:217458,unclear,10978.0,35597.0,29364.0,17713.0,33596.0,35383.0,-48.2,-12.5,,,
R,19,21,2,1,-2,3,-61.65,61.65,8.31,0.4699,-0.87081,0.14451,zhao_uCT_match,1,443,1.0,0.0,yellow,R7,"{""R7y"": 1, ""R8y"": 1, ""Dm8a"": 1, ""Tm5a"": 1}",R8y:188577;R7y:169341,yellow,11514.0,34610.0,29014.0,17845.0,33061.0,35118.0,-46.0,-10.0,,,
R,19,22,3,1,-3,4,-66.38,66.38,9.66,0.39501,-0.90322,0.16779,zhao_uCT_match,1,466,2.0,0.0,pale?,Dm8b/Tm5b home,"{""Dm8b"": 1}",R7_unclear:217195;R8_unclear:253492,unclear,12008.0,33891.0,28497.0,18023.0,32483.0,34729.0,-44.0,-9.2,,,
R,19,23,4,1,-4,5,-71.17,71.17,11.49,0.31636,-0.92748,0.19924,zhao_uCT_match,1,491,3.0,0.0,pale?,Dm8b/Tm5b home,"{""Dm8b"": 1, ""Tm5b"": 1}",R7_unclear:190447;R8_unclear:195849,unclear,12349.0,32876.0,28076.0,18162.0,31687.0,34398.0,-42.6,-7.9,,,
R,19,24,5,1,-5,6,-75.83,75.83,13.72,0.23777,-0.94192,0.23719,zhao_uCT_match,1,515,4.0,0.0,pale?,Dm8b/Tm5b home,"{""Dm8b"": 1, ""Tm5b"": 1}",R7_unclear:169550;R8_unclear:171728,unclear,13048.0,31875.0,27831.0,18359.0,31138.0,34028.0,-40.6,-5.2,,,
R,19,25,6,1,-6,7,-80.77,80.77,15.35,0.15472,-0.95182,0.26475,zhao_uCT_match,1,539,5.0,0.0,yellow,R7,"{""R7y"": 1, ""R8y"": 1, ""Dm8a"": 1, ""Tm5a"": 1}",R8y:179198;R7y:234040,yellow,13561.0,31088.0,27264.0,18519.0,30499.0,33760.0,-37.4,-4.1,,,
R,19,26,7,1,-7,8,-86.21,86.21,17.19,0.06312,-0.95326,0.2955,zhao_uCT_match,1,560,6.0,0.0,pale,R7,"{""R7p"": 1, ""R8p"": 1, ""Dm8b"": 1}",R7p:168855;R8p:178850,pale,14373.0,30217.0,26981.0,18653.0,29871.0,33267.0,-34.3,-2.6,,,
R,19,27,8,1,-8,9,-91.41,91.41,19.88,-0.02315,-0.94012,0.34006,zhao_uCT_match,1,584,7.0,0.0,yellow,R7,"{""R7y"": 1, ""R8y"": 1, ""Dm8a"": 1, ""Tm5a"": 1}",R8y:219022;R7y:152555,yellow,14993.0,29409.0,26611.0,18797.0,29189.0,32953.0,-31.0,-1.7,,,
R,19,28,9,1,-9,10,-97.2,97.2,21.96,-0.11627,-0.92014,0.37394,zhao_uCT_match,1,605,8.0,0.0,yellow,R7,"{""R7y"": 1, ""R8y"": 1, ""Dm8a"": 1, ""Tm5a"": 1}",R8y:201400;R7y:188670,yellow,15495.0,28618.0,26111.0,19059.0,28604.0,32574.0,-28.9,-0.1,8214,31442,27055
R,19,29,10,1,-10,11,-103.42,103.42,23.34,-0.21305,-0.89308,0.39626,zhao_uCT_match,1,624,9.0,0.0,yellow,R7,"{""R7y"": 1, ""R8y"": 1}",R8y:196584;R7y:186328,yellow,15994.0,27663.0,25855.0,19387.0,28051.0,32239.0,-28.0,3.1,7870,30844,27303
R,19,30,11,1,-11,12,-109.38,109.38,25.28,-0.29999,-0.853,0.42707,zhao_uCT_match,1,642,10.0,0.0,pale,R7,"{""R7p"": 1, ""R8p"": 1, ""Dm8b"": 1, ""Tm5b"": 1}",R7p:182510;R8p:154811,pale,16541.0,26923.0,25517.0,19746.0,27521.0,31915.0,-26.6,4.8,7746,30102,28135
R,19,31,12,1,-12,13,-115.84,115.84,27.16,-0.38786,-0.80072,0.45652,zhao_uCT_match,1,660,11.0,0.0,pale,R7,"{""R7p"": 1, ""R8p"": 1}",R7p:173995;R8p:181827,pale,17165.0,26091.0,25222.0,20312.0,26901.0,31585.0,-26.3,6.5,7723,29411,28342
R,19,32,13,1,-13,14,-123.39,123.39,28.31,-0.48453,-0.7351,0.47418,zhao_uCT_match,1,676,12.0,0.0,unclear,,{},R7_unclear:202313;R8_unclear:192419,unclear,18078.0,25328.0,25153.0,20927.0,26271.0,31244.0,-25.1,8.0,6498,28526,29329
R,19,33,14,1,-14,15,-131.73,131.73,28.42,-0.58536,-0.65634,0.476,zhao_uCT_match,1,684,13.0,0.0,pale,R7,"{""R7p"": 1, ""R8p"": 1, ""Dm8b"": 1}",R7p:192290;R8p:178554,pale,18960.0,24556.0,25166.0,21628.0,25670.0,30980.0,-24.7,9.9,6194,28151,30123
R,19,34,15,1,-15,16,-140.01,140.01,27.84,-0.67753,-0.56822,0.46699,zhao_uCT_match,1,693,14.0,0.0,pale,R7,"{""R7p"": 1, ""R8p"": 1}",R7p:190071;R8p:186546,pale,19870.0,23905.0,25203.0,22574.0,25238.0,30439.0,-27.3,12.7,6366,27850,30660
R,19,35,16,1,-16,17,-148.96,148.96,26.03,-0.76991,-0.46331,0.43885,extrapolated_local_linear,19,-1,,,unclear,,{},,unclear,20998.0,23301.0,25269.0,23433.0,24857.0,29927.0,-27.6,16.5,5928,27761,31248
R,20,5,-14,2,15,-12,7.68,-7.68,-17.64,0.94442,0.12742,-0.30304,extrapolated_local_linear,20,-1,,,unclear,,{},,unclear,11127.0,45556.0,39989.0,16584.0,43129.0,42398.0,-66.2,-22.1,16698,45278,24185
R,20,6,-13,2,14,-11,2.18,-2.18,-16.45,0.95838,0.03647,-0.28315,zhao_uCT_match,1,137,-14.0,1.0,pale?,Dm8b/Tm5b home,"{""Dm8b"": 1}",R7_unclear:500237;R8_unclear:313919,unclear,10418.0,45342.0,38841.0,16436.0,41996.0,42197.0,-60.9,-25.9,16704,44742,23670
R,20,7,-12,2,13,-10,-2.72,2.72,-13.44,0.97151,-0.04613,-0.23247,zhao_uCT_match,1,153,-13.0,1.0,unclear,,"{""Dm8b"": 1, ""Tm5a"": 1, ""Tm5b"": 1}",,yellow,9918.0,45006.0,38038.0,16390.0,41068.0,41688.0,-60.6,-27.9,16387,44067,22976
R,20,8,-11,2,12,-9,-7.32,7.32,-11.23,0.97286,-0.12491,-0.1948,zhao_uCT_match,1,168,-12.0,1.0,pale?,Dm8b/Tm5b home,"{""Tm5b"": 1}",R7R8_unclear:500210;R7R8_unclear:500238;R7R8_unclear:500317,yellow,9451.0,44078.0,37364.0,16686.0,40497.0,41104.0,-62.7,-23.7,15734,43532,22779
R,20,9,-10,2,11,-8,-11.88,11.88,-9.43,0.96535,-0.20312,-0.16384,zhao_uCT_match,1,185,-11.0,1.0,pale?,Dm8b/Tm5b home,"{""Dm8b"": 1, ""Tm5b"": 1}",R7R8_unclear:500239,yellow,9310.0,43653.0,36483.0,16663.0,39915.0,40532.0,-61.2,-24.0,,,
R,20,10,-9,2,10,-7,-16.01,16.01,-7.19,0.95368,-0.27359,-0.12511,zhao_uCT_match,1,205,-10.0,1.0,yellow?,Dm8a/Tm5a home,"{""Dm8a"": 1, ""Tm5a"": 1}",R7R8_unclear:500259,yellow,9072.0,43133.0,35579.0,16486.0,39326.0,39963.0,-59.4,-23.8,,,
R,20,11,-8,2,9,-6,-19.73,19.73,-5.06,0.93765,-0.33621,-0.08821,zhao_uCT_match,1,224,-9.0,1.0,pale?,Dm8b/Tm5b home,"{""Tm5b"": 1}",R7R8_unclear:500225;R7R8_unclear:500291,unclear,9154.0,42298.0,35034.0,16565.0,38855.0,39393.0,-59.5,-21.8,,,
R,20,12,-7,2,8,-5,-23.17,23.17,-3.28,0.91785,-0.39279,-0.05714,zhao_uCT_match,1,247,-8.0,1.0,yellow?,Dm8a/Tm5a home,"{""Dm8a"": 1, ""Tm5a"": 1}",R7R8_unclear:500184;R7R8_unclear:500332,yellow,8903.0,41728.0,34253.0,16566.0,38159.0,38925.0,-58.6,-21.7,12887,41604,24884
R,20,13,-6,2,7,-4,-27.32,27.32,-1.47,0.8882,-0.45875,-0.02565,zhao_uCT_match,1,268,-7.0,1.0,unclear,,"{""Dm8a"": 1, ""Tm5a"": 1, ""Tm5b"": 1}",R7R8_unclear:500183;R7R8_unclear:500215,yellow,9112.0,40896.0,33777.0,16641.0,37623.0,38379.0,-58.6,-20.4,,,
R,20,14,-5,2,6,-3,-31.58,31.58,0.24,0.85191,-0.52368,0.00422,zhao_uCT_match,1,290,-6.0,1.0,pale?,Dm8b/Tm5b home,"{""Dm8b"": 1, ""Tm5b"": 1}",R7_unclear:500080;R8_unclear:500037,unclear,9060.0,40182.0,32970.0,16743.0,37199.0,37988.0,-56.9,-18.0,,,
R,20,15,-4,2,5,-2,-35.33,35.33,1.91,0.81535,-0.57801,0.03328,zhao_uCT_match,1,314,-5.0,1.0,yellow?,Dm8a/Tm5a home,"{""Dm8a"": 1, ""Tm5a"": 1}",R7_unclear:500066;R8_unclear:500072,yellow,8995.0,39348.0,32200.0,16833.0,36547.0,37507.0,-55.9,-16.5,11597,39695,24565
R,20,16,-3,2,4,-1,-38.77,38.77,3.36,0.7783,-0.62515,0.05864,zhao_uCT_match,1,336,-4.0,1.0,pale?,Dm8b/Tm5b home,"{""Dm8b"": 1, ""Tm5b"": 1}",R7_unclear:369883;R8_unclear:500047,unclear,9011.0,38479.0,31629.0,16865.0,35905.0,37116.0,-55.1,-15.0,11274,39193,24291
R,20,17,-2,2,3,0,-42.29,42.29,4.64,0.73731,-0.67069,0.08092,zhao_uCT_match,1,358,-3.0,1.0,pale?,Dm8b/Tm5b home,"{""Dm8b"": 1, ""Tm5b"": 1}",R7_unclear:500006;R8_unclear:248071,unclear,9264.0,37912.0,31062.0,16751.0,35056.0,36833.0,-52.4,-16.8,11036,38589,24304
R,20,18,-1,2,2,1,-46.0,46.0,5.52,0.69137,-0.71605,0.09627,zhao_uCT_match,1,381,-2.0,1.0,pale,R7,"{""R7p"": 1, ""R8p"": 1, ""Dm8b"": 1, ""Tm5b"": 1}",R7p:257257;R8p:219336,unclear,9508.0,36900.0,30710.0,16954.0,34400.0,36392.0,-52.7,-14.9,10411,38299,24575
R,20,19,0,2,1,2,-50.07,50.07,6.83,0.63729,-0.76139,0.1189,zhao_uCT_match,1,405,-1.0,1.0,yellow,R7,"{""R7y"": 1, ""R8y"": 1, ""Dm8a"": 1, ""Tm5a"": 1}",R8y:544926;R7y:544834,yellow,10104.0,35874.0,30368.0,17138.0,33633.0,35941.0,-51.6,-14.0,,,
R,20,20,1,2,0,3,-54.01,54.01,8.47,0.58131,-0.80026,0.14721,zhao_uCT_match,1,429,0.0,1.0,pale,R7,"{""R7p"": 1, ""R8p"": 1, ""Dm8b"": 1, ""Tm5b"": 1}",R7p:242286;R8p:222656,pale,10343.0,35010.0,29961.0,17254.0,33139.0,35730.0,-50.1,-11.7,10058,36474,24702
R,20,21,2,2,-1,4,-58.04,58.04,10.43,0.5206,-0.83438,0.18106,zhao_uCT_match,1,453,1.0,1.0,yellow,R7,"{""R7y"": 1, ""R8y"": 1, ""Dm8a"": 1, ""Tm5a"": 1}",R8y:209111;R7y:299722,yellow,10744.0,34046.0,29546.0,17472.0,32646.0,35421.0,-48.9,-8.9,9803,35703,24714
R,20,22,3,2,-2,5,-62.51,62.51,12.2,0.45118,-0.86705,0.21135,zhao_uCT_match,1,478,2.0,1.0,pale?,Dm8b/Tm5b home,"{""Dm8b"": 1, ""Tm5b"": 1}",R7_unclear:221224;R8_unclear:240002,unclear,11324.0,33202.0,29088.0,17638.0,31973.0,35172.0,-46.1,-8.0,,,
R,20,23,4,2,-3,6,-67.25,67.25,13.83,0.37545,-0.89551,0.23896,zhao_uCT_match,1,501,3.0,1.0,yellow,R7,"{""R7y"": 1, ""R8y"": 1, ""Dm8a"": 1, ""Tm5a"": 1}",R8y:168599;R7y:214649,yellow,11792.0,32270.0,28600.0,17806.0,31241.0,34765.0,-44.3,-6.8,,,
R,20,24,5,2,-4,7,-71.76,71.76,15.88,0.30101,-0.9135,0.27369,zhao_uCT_match,1,525,4.0,1.0,yellow,R7,"{""R7y"": 1, ""R8y"": 1, ""Dm8a"": 1, ""Tm5a"": 1}",R8y:206227;R7y:551814,yellow,12311.0,31353.0,28209.0,18060.0,30518.0,34453.0,-42.6,-5.6,,,
R,20,25,6,2,-5,8,-76.64,76.64,18.14,0.21953,-0.92462,0.31126,zhao_uCT_match,1,548,5.0,1.0,yellow,R7,"{""R7y"": 1, ""R8y"": 1, ""Dm8a"": 1, ""Tm5a"": 1}",R8y:199085;R7y:188949,yellow,12841.0,30528.0,27883.0,18208.0,30035.0,34188.0,-40.4,-3.4,,,
R,20,26,7,2,-6,9,-82.01,82.01,19.79,0.13085,-0.93181,0.33855,zhao_uCT_match,1,573,6.0,1.0,pale?,Dm8b/Tm5b home,"{""Dm8b"": 1, ""Tm5b"": 1}",R7_unclear:171212;R8_unclear:195690,unclear,13757.0,29616.0,27523.0,18396.0,29454.0,33855.0,-36.2,-1.2,,,
R,20,27,8,2,-7,10,-87.27,87.27,22.2,0.04414,-0.92482,0.37784,zhao_uCT_match,1,595,7.0,1.0,pale,R7,"{""R7p"": 1, ""R8p"": 1}",R7p:180576;R8p:208835,pale,14364.0,28723.0,27114.0,18498.0,28771.0,33653.0,-32.3,0.4,,,
R,20,28,9,2,-8,11,-92.8,92.8,24.71,-0.04438,-0.90736,0.41802,zhao_uCT_match,1,615,8.0,1.0,pale,R7,"{""R7p"": 1, ""R8p"": 1, ""Dm8b"": 1, ""Tm5b"": 1}",R7p:198924;R8p:194114,pale,15142.0,27884.0,26684.0,18822.0,28189.0,33013.0,-30.2,2.4,8132,30798,26979
R,20,29,10,2,-9,12,-98.94,98.94,26.4,-0.13912,-0.88481,0.44469,zhao_uCT_match,1,638,9.0,1.0,yellow,R7,"{""R7y"": 1, ""R8y"": 1, ""Dm8a"": 1, ""Tm5a"": 1}",R8y:189261;R7y:165045,yellow,15619.0,27047.0,26305.0,19143.0,27617.0,32617.0,-29.2,4.5,7963,30196,27268
R,20,30,11,2,-10,13,-105.26,105.26,27.66,-0.23305,-0.85451,0.46422,zhao_uCT_match,1,655,10.0,1.0,yellow,R7,"{""R7y"": 1, ""R8y"": 1, ""Dm8a"": 1, ""Tm5a"": 1}",R8y:186935;R7y:181039,yellow,16142.0,26258.0,26062.0,19453.0,27006.0,32375.0,-27.7,6.0,7705,29684,27622
R,20,31,12,2,-11,14,-111.99,111.99,29.9,-0.32463,-0.80383,0.49847,zhao_uCT_match,1,673,11.0,1.0,yellow,R7,"{""R7y"": 1, ""R8y"": 1, ""Dm8a"": 1}",R8y:183554;R7y:170066,yellow,16716.0,25468.0,25779.0,19932.0,26331.0,32012.0,-27.3,7.0,7828,28821,28294
R,20,32,13,2,-12,15,-119.43,119.43,31.71,-0.41807,-0.74095,0.52556,zhao_uCT_match,1,689,12.0,1.0,pale?,Dm8b/Tm5b home,"{""Dm8b"": 1, ""Tm5b"": 1}",R7_unclear:174598;R8_unclear:213627,unclear,17479.0,24751.0,25562.0,20543.0,25830.0,31646.0,-26.7,9.0,6782,28049,29003
R,20,33,14,2,-13,16,-127.44,127.44,32.41,-0.51324,-0.67026,0.53603,zhao_uCT_match,1,699,13.0,1.0,yellow?,Dm8a/Tm5a home,"{""Tm5a"": 1}",R7_unclear:166609;R8_unclear:195986,unclear,18291.0,23849.0,25542.0,21204.0,25444.0,31313.0,-26.8,13.9,6735,27617,29770
R,20,34,15,2,-14,17,-136.7,136.7,32.0,-0.61722,-0.58157,0.52992,zhao_uCT_match,1,709,14.0,1.0,pale,R7,"{""R7p"": 1, ""R8p"": 1, ""Tm5b"": 1}",R7p:201393;R8p:198412,pale,19150.0,23200.0,25517.0,22063.0,24796.0,30976.0,-28.1,14.5,6623,27173,30490
R,20,35,16,2,-15,18,-146.38,146.38,30.7,-0.71602,-0.47617,0.51048,zhao_uCT_match,1,710,15.0,1.0,DRA,R7d/R8d,"{""R7d"": 1, ""R8d"": 1, ""Dm-DRA1"": 2, ""Dm-DRA2"": 1, ""MeTu2a"": 2}",R7d:125376;R8d:81670,DRA,20306.0,22794.0,25505.0,22969.0,24431.0,30436.0,-28.4,16.3,6513,26981,31155
R,21,6,-13,3,15,-10,4.92,-4.92,-14.53,0.96446,0.0831,-0.25082,zhao_uCT_match,1,149,-14.0,2.0,unclear,,{},,unclear,10072.0,44803.0,39518.0,15723.0,42091.0,42407.0,-62.9,-23.1,,,
R,21,7,-12,3,14,-9,0.3,-0.3,-12.12,0.97769,0.00507,-0.21001,zhao_uCT_match,1,161,-13.0,2.0,unclear,,{},R7R8_unclear:500099,unclear,9628.0,44015.0,39055.0,15630.0,41033.0,42191.0,-62.4,-23.8,16737,43513,22594
R,21,8,-11,3,13,-8,-4.11,4.11,-9.63,0.98337,-0.0707,-0.16728,zhao_uCT_match,1,180,-12.0,2.0,unclear,,"{""Dm8b"": 1, ""Tm5a"": 1, ""Tm5b"": 1}",,yellow,9052.0,43561.0,38287.0,15916.0,40137.0,41561.0,-64.5,-24.2,15843,42983,23185
R,21,9,-10,3,12,-7,-8.12,8.12,-7.25,0.98206,-0.14016,-0.12615,zhao_uCT_match,1,197,-11.0,2.0,pale?,Dm8b/Tm5b home,"{""Dm8b"": 1}",R7R8_unclear:500266;R7R8_unclear:500272,unclear,8601.0,42874.0,37307.0,16159.0,39613.0,41065.0,-63.6,-21.1,,,
R,21,10,-9,3,11,-6,-12.0,12.0,-5.19,0.97414,-0.20706,-0.09037,zhao_uCT_match,1,214,-10.0,2.0,yellow?,Dm8a/Tm5a home,"{""Dm8a"": 1, ""Tm5a"": 1}",R7R8_unclear:500107;R7R8_unclear:500287,yellow,8390.0,42601.0,36072.0,16010.0,38959.0,40456.0,-60.1,-22.5,,,
R,21,11,-8,3,10,-5,-16.23,16.23,-3.25,0.95858,-0.2791,-0.05672,zhao_uCT_match,1,235,-9.0,2.0,pale?,Dm8b/Tm5b home,"{""Dm8b"": 1, ""Tm5b"": 1}",R7R8_unclear:500329;R7R8_unclear:500096;R7R8_unclear:500221,unclear,8286.0,41728.0,35475.0,15949.0,38324.0,39929.0,-59.8,-21.0,,,
R,21,12,-7,3,9,-4,-19.89,19.89,-1.41,0.94005,-0.34014,-0.02462,zhao_uCT_match,1,256,-8.0,2.0,unclear,,"{""Dm8a"": 1, ""Dm8b"": 1, ""Tm5a"": 1}",R7R8_unclear:500211;R7R8_unclear:500265,yellow,8332.0,40898.0,34888.0,15989.0,37722.0,39517.0,-58.8,-19.5,,,
R,21,13,-6,3,8,-3,-23.38,23.38,0.48,0.91786,-0.39681,0.00844,zhao_uCT_match,1,279,-7.0,2.0,yellow?,Dm8a/Tm5a home,"{""Dm8a"": 1, ""Tm5a"": 1}",R7_unclear:500360;R8_unclear:500357,yellow,8332.0,40234.0,34173.0,16186.0,37263.0,38831.0,-59.3,-18.0,,,
R,21,14,-5,3,7,-2,-27.39,27.39,2.43,0.88706,-0.4597,0.04244,zhao_uCT_match,1,300,-6.0,2.0,yellow?,Dm8a/Tm5a home,"{""Dm8a"": 1, ""Tm5a"": 1}",R7R8_unclear:500264;R7R8_unclear:500311,yellow,8527.0,39449.0,33535.0,16092.0,36665.0,38324.0,-57.7,-17.3,,,
R,21,15,-4,3,6,-1,-31.65,31.65,3.87,0.84932,-0.52354,0.0675,zhao_uCT_match,1,323,-5.0,2.0,pale?,Dm8b/Tm5b home,"{""Dm8b"": 1, ""Tm5b"": 1}",R7_unclear:500208;R8_unclear:500186,unclear,8400.0,38655.0,32645.0,16248.0,36065.0,37947.0,-56.0,-15.3,11700,38679,24392
R,21,16,-3,3,5,0,-35.33,35.33,4.95,0.81276,-0.57618,0.08622,zhao_uCT_match,1,346,-4.0,2.0,pale?,Dm8b/Tm5b home,"{""Tm5b"": 1}",R7_unclear:424458;R8_unclear:362596,unclear,8520.0,37802.0,32026.0,16242.0,35364.0,37595.0,-54.2,-14.4,,,
R,21,17,-2,3,4,1,-38.94,38.94,5.89,0.77373,-0.62516,0.10256,zhao_uCT_match,1,368,-3.0,2.0,yellow,R7,"{""R7y"": 1, ""R8y"": 1, ""Dm8a"": 1, ""Tm5a"": 1}",R8y:500054;R7y:500146,yellow,8699.0,37085.0,31567.0,16348.0,34750.0,37225.0,-53.5,-13.8,,,
R,21,18,-1,3,3,2,-42.66,42.66,7.21,0.72954,-0.67231,0.12554,zhao_uCT_match,1,390,-2.0,2.0,yellow,R7,"{""R7y"": 1, ""R8y"": 1, ""Dm8a"": 1, ""Tm5a"": 1}",R8y:500070;R7y:500018,yellow,9000.0,36257.0,31155.0,16401.0,34009.0,36807.0,-52.6,-13.6,,,
R,21,19,0,3,2,3,-46.66,46.66,8.8,0.67823,-0.71874,0.15301,zhao_uCT_match,1,414,-1.0,2.0,yellow,R7,"{""R7y"": 1, ""R8y"": 1, ""Dm8a"": 1, ""Tm5a"": 1}",R8y:318644;R7y:500016,yellow,9361.0,35436.0,30863.0,16595.0,33259.0,36411.0,-52.5,-13.4,10571,36044,24480
R,21,20,1,3,1,4,-50.66,50.66,10.62,0.62305,-0.76018,0.18421,zhao_uCT_match,1,440,0.0,2.0,pale?,Dm8b/Tm5b home,"{""Dm8b"": 1, ""Tm5b"": 1}",R7_unclear:232477;R8_unclear:233834,unclear,9607.0,34617.0,30489.0,16753.0,32652.0,36168.0,-51.5,-12.1,10278,35334,24583
R,21,21,2,3,0,5,-54.81,54.81,12.52,0.56253,-0.79786,0.21676,zhao_uCT_match,1,463,1.0,2.0,yellow,R7,"{""R7y"": 1, ""R8y"": 1, ""Dm8a"": 1, ""Tm5a"": 1}",R8y:253332;R7y:210379,yellow,9988.0,33696.0,30183.0,17039.0,32061.0,35783.0,-51.5,-10.3,9935,34743,24513
R,21,22,3,3,-1,6,-58.97,58.97,14.41,0.4993,-0.82992,0.24887,zhao_uCT_match,1,488,2.0,2.0,pale,R7,"{""R7p"": 1, ""R8p"": 1, ""Dm8b"": 1, ""Tm5b"": 1}",R7p:230159;R8p:170170,pale,10428.0,32657.0,29797.0,17224.0,31443.0,35543.0,-49.8,-7.8,9728,34035,24646
R,21,23,4,3,-2,7,-63.33,63.33,16.31,0.43075,-0.85764,0.28091,zhao_uCT_match,1,513,3.0,2.0,yellow,R7,"{""R7y"": 1, ""R8y"": 1, ""Dm8a"": 1, ""Tm5a"": 1}",R8y:208121;R7y:197844,yellow,11019.0,31732.0,29403.0,17502.0,30866.0,35143.0,-48.5,-5.7,,,
R,21,24,5,3,-3,8,-67.73,67.73,18.46,0.35939,-0.8778,0.31671,zhao_uCT_match,1,538,4.0,2.0,yellow,R7,"{""R7y"": 1, ""R8y"": 1, ""Dm8a"": 1, ""Tm5a"": 1}",R8y:194342;R7y:207336,yellow,11790.0,30828.0,28982.0,17720.0,30120.0,34796.0,-45.6,-4.9,,,
R,21,25,6,3,-4,9,-72.45,72.45,20.68,0.2821,-0.89203,0.35313,zhao_uCT_match,1,562,5.0,2.0,yellow,R7,"{""R7y"": 1, ""R8y"": 1, ""Tm5a"": 1}",R8y:200074;R7y:217495,yellow,12555.0,29977.0,28597.0,18030.0,29457.0,34532.0,-42.7,-3.7,,,
R,21,26,7,3,-5,10,-77.95,77.95,22.76,0.19255,-0.90181,0.38688,zhao_uCT_match,1,583,6.0,2.0,pale,R7,"{""R7p"": 1, ""R8p"": 1, ""Dm8b"": 1, ""Tm5b"": 1}",R7p:546654;R8p:178250,unclear,13223.0,29156.0,28110.0,18195.0,28978.0,34244.0,-39.0,-1.3,,,
R,21,27,8,3,-6,11,-83.62,83.62,24.75,0.10094,-0.9025,0.4187,zhao_uCT_match,1,607,7.0,2.0,pale?,Dm8b/Tm5b home,"{""Dm8b"": 1}",R7_unclear:198352;R8_unclear:192432,unclear,13593.0,28298.0,27685.0,18313.0,28454.0,34117.0,-36.3,1.1,,,
R,21,28,9,3,-7,12,-88.93,88.93,26.96,0.01667,-0.89114,0.45341,zhao_uCT_match,1,628,8.0,2.0,pale,R7,"{""R7p"": 1, ""R8p"": 1}",R7p:220831;R8p:218502,pale,14574.0,27423.0,27108.0,18642.0,27737.0,33509.0,-32.4,2.4,,,
R,21,29,10,3,-8,13,-94.74,94.74,29.52,-0.07186,-0.86723,0.49269,zhao_uCT_match,1,649,9.0,2.0,yellow,R7,"{""R7y"": 1, ""R8y"": 1, ""Dm8a"": 1, ""Tm5a"": 1}",R8y:202737;R7y:209574,yellow,15095.0,26474.0,26800.0,18924.0,27312.0,33063.0,-31.4,6.5,8250,29574,27152
R,21,30,11,3,-9,14,-101.22,101.22,30.91,-0.1669,-0.84157,0.51371,zhao_uCT_match,1,666,10.0,2.0,pale,R7,"{""R7p"": 1, ""R8p"": 1}",R7p:134990;R8p:187096,pale,15734.0,25643.0,26548.0,19222.0,26603.0,32781.0,-29.2,7.7,7750,29019,27667
R,21,31,12,3,-10,15,-108.0,108.0,32.51,-0.2606,-0.80204,0.53742,zhao_uCT_match,1,683,11.0,2.0,pale?,Dm8b/Tm5b home,"{""Dm8b"": 1, ""Tm5b"": 1}",R7_unclear:171489;R8_unclear:151959,unclear,16282.0,24880.0,26310.0,19772.0,25827.0,32421.0,-29.7,7.7,7844,28212,28391
R,21,32,13,3,-11,16,-115.61,115.61,34.53,-0.35605,-0.74288,0.56689,zhao_uCT_match,1,700,12.0,2.0,yellow,R7,"{""R7y"": 1, ""R8y"": 1, ""Tm5a"": 1}",R8y:170342;R7y:161455,yellow,16891.0,24199.0,26063.0,20271.0,25382.0,32059.0,-29.4,9.8,7438,27502,28874
R,21,33,14,3,-12,17,-123.41,123.41,35.59,-0.44778,-0.67877,0.58204,zhao_uCT_match,1,715,13.0,2.0,yellow,R7,"{""R7y"": 1, ""R8y"": 1, ""Dm8a"": 1}",R8y:201146;R7y:172626,yellow,17685.0,23345.0,25847.0,21001.0,24829.0,31679.0,-29.6,12.5,7343,27102,29591
R,21,34,15,3,-13,18,-131.85,131.85,35.71,-0.5418,-0.60481,0.58366,zhao_uCT_match,1,722,14.0,2.0,yellow,R7,"{""R7y"": 1, ""R8y"": 1, ""Dm8a"": 1, ""Tm5a"": 1}",R8y:198133;R7y:124394,yellow,18586.0,22534.0,25808.0,21661.0,24379.0,31404.0,-28.8,16.1,7387,26464,30365
R,21,35,16,3,-14,19,-140.15,140.15,34.84,-0.63018,-0.52591,0.57122,zhao_uCT_match,1,727,15.0,2.0,yellow,R7,"{""R7y"": 1, ""R8y"": 1, ""Dm8a"": 1, ""Tm5a"": 1}",R8y:180538;R7y:551421,yellow,19557.0,21856.0,25846.0,22488.0,23978.0,30943.0,-29.9,19.8,6825,26253,31025
R,21,36,17,3,-15,20,-150.29,150.29,33.46,-0.72458,-0.41351,0.55136,extrapolated_local_linear,19,-1,,,unclear,,{},,unclear,20867.0,21561.0,26134.0,23180.0,23531.0,30507.0,-27.9,21.7,7236,26110,31514
R,22,7,-12,4,15,-8,4.24,-4.24,-10.79,0.97964,0.07261,-0.18719,zhao_uCT_match,1,175,-13.0,3.0,unclear,,{},,unclear,9297.0,43731.0,39600.0,14494.0,40998.0,42432.0,-61.4,-24.8,,,
R,22,8,-11,4,14,-7,-0.79,0.79,-8.54,0.98882,-0.01359,-0.14851,zhao_uCT_match,1,191,-12.0,3.0,unclear,,{},R8_unclear:386265,yellow,8702.0,42712.0,39185.0,15007.0,39903.0,42072.0,-65.4,-22.1,16029,42425,23232
R,22,9,-10,4,13,-6,-4.83,4.83,-6.0,0.99099,-0.08369,-0.10453,zhao_uCT_match,1,208,-11.0,3.0,yellow?,Dm8a/Tm5a home,"{""Dm8a"": 1}",R7R8_unclear:500106,yellow,8267.0,42110.0,38124.0,15205.0,39132.0,41569.0,-63.6,-21.0,15902,41741,22495
R,22,10,-9,4,12,-5,-8.67,8.67,-3.27,0.98697,-0.15042,-0.05706,zhao_uCT_match,1,226,-10.0,3.0,unclear,,"{""Dm8a"": 1, ""Tm5a"": 1, ""Tm5b"": 1}",R7R8_unclear:500189;R7R8_unclear:500314,yellow,8022.0,41735.0,36962.0,15573.0,38550.0,40984.0,-62.0,-20.4,,,
R,22,11,-8,4,11,-4,-12.31,12.31,-1.27,0.97678,-0.21311,-0.02209,zhao_uCT_match,1,246,-9.0,3.0,yellow?,Dm8a/Tm5a home,"{""Dm8a"": 1, ""Tm5a"": 1}",R7R8_unclear:500206,yellow,7804.0,41194.0,36187.0,15473.0,38038.0,40485.0,-60.7,-19.7,,,
R,22,12,-7,4,10,-3,-15.95,15.95,0.38,0.96148,-0.27478,0.00662,zhao_uCT_match,1,266,-8.0,3.0,pale?,Dm8b/Tm5b home,"{""Dm8b"": 1, ""Tm5b"": 1}",R7R8_unclear:500250;R7R8_unclear:500267,unclear,7689.0,40439.0,35463.0,15404.0,37297.0,39887.0,-60.2,-19.5,,,
R,22,13,-6,4,9,-2,-19.9,19.9,2.05,0.93967,-0.34021,0.03573,zhao_uCT_match,1,289,-7.0,3.0,yellow?,Dm8a/Tm5a home,"{""Dm8a"": 1, ""Tm5a"": 1}",R7R8_unclear:500255,yellow,7628.0,39594.0,34400.0,15384.0,36626.0,39358.0,-57.4,-17.9,,,
R,22,14,-5,4,8,-1,-23.69,23.69,3.76,0.91372,-0.401,0.06565,zhao_uCT_match,1,310,-6.0,3.0,yellow?,Dm8a/Tm5a home,"{""Dm8a"": 1, ""Tm5a"": 1}",R7_unclear:133318818;R8_unclear:500318,yellow,7875.0,38814.0,33932.0,15592.0,36202.0,38881.0,-57.3,-15.9,,,
R,22,15,-4,4,7,0,-27.78,27.78,5.36,0.88088,-0.46403,0.09337,zhao_uCT_match,1,334,-5.0,3.0,pale?,Dm8b/Tm5b home,"{""Dm8b"": 1, ""Tm5b"": 1}",,unclear,8014.0,38100.0,33230.0,15582.0,35483.0,38527.0,-55.0,-15.8,,,
R,22,16,-3,4,6,1,-31.84,31.84,6.33,0.84435,-0.52435,0.11019,zhao_uCT_match,1,357,-4.0,3.0,pale?,Dm8b/Tm5b home,"{""Dm8b"": 1, ""Tm5b"": 1}",,unclear,8019.0,37342.0,32597.0,15765.0,34844.0,38008.0,-55.1,-14.8,,,
R,22,17,-2,4,5,2,-35.7,35.7,7.6,0.80495,-0.57841,0.13229,zhao_uCT_match,1,379,-3.0,3.0,yellow,R7,"{""R7y"": 1, ""R8y"": 1, ""Dm8a"": 1, ""Tm5a"": 1}",R8y:500091;R7y:318568,yellow,8205.0,36364.0,32192.0,15799.0,34232.0,37644.0,-54.3,-12.8,,,
R,22,18,-1,4,4,3,-39.31,39.31,9.11,0.76397,-0.62551,0.15836,zhao_uCT_match,1,403,-2.0,3.0,yellow?,Dm8a/Tm5a home,"{""Dm8a"": 1, ""Tm5a"": 1}",R8_unclear:500044,yellow,8420.0,35577.0,31742.0,16017.0,33580.0,37199.0,-54.3,-12.1,11154,35737,24415
R,22,19,0,4,3,4,-42.91,42.91,10.92,0.7192,-0.66849,0.18939,zhao_uCT_match,1,426,-1.0,3.0,yellow,R7,"{""R7y"": 1, ""R8y"": 1, ""Dm8a"": 1, ""Tm5a"": 1, ""Tm5b"": 1}",R8y:389904;R7y:280503,yellow,8691.0,34651.0,31343.0,16117.0,32943.0,36860.0,-53.4,-10.5,10945,35253,24402
R,22,20,1,4,2,5,-46.86,46.86,12.8,0.66685,-0.71151,0.2215,zhao_uCT_match,1,450,0.0,3.0,yellow,R7,"{""R7y"": 1, ""R8y"": 1, ""Dm8a"": 1, ""Tm5a"": 1}",R8y:500024;R7y:500012,yellow,8872.0,33929.0,30940.0,16337.0,32238.0,36541.0,-53.1,-10.3,10641,34608,24480
R,22,21,2,4,1,6,-50.96,50.96,14.74,0.60916,-0.75113,0.25441,zhao_uCT_match,1,473,1.0,3.0,pale,R7,"{""R7p"": 1, ""R8p"": 1, ""Dm8b"": 1}",R7p:259122;R8p:236335,pale,9371.0,33153.0,30610.0,16604.0,31490.0,36189.0,-52.4,-10.3,10347,33957,24581
R,22,22,3,4,0,7,-54.95,54.95,16.55,0.55053,-0.78469,0.28492,zhao_uCT_match,1,498,2.0,3.0,pale?,Dm8b/Tm5b home,"{""Dm8b"": 1, ""Tm5b"": 1}",R7_unclear:212084;R8_unclear:240829,unclear,9835.0,32112.0,30373.0,16875.0,30844.0,35867.0,-52.0,-8.1,10025,33271,24557
R,22,23,4,4,-1,8,-59.19,59.19,18.58,0.48545,-0.81415,0.31858,zhao_uCT_match,1,522,3.0,3.0,yellow,R7,"{""R7y"": 1, ""R8y"": 1, ""Dm8a"": 1, ""Tm5a"": 1}",R8y:219509;R7y:206633,yellow,10403.0,31305.0,29894.0,17157.0,30404.0,35541.0,-50.1,-5.8,9783,32722,24842
R,22,24,5,4,-2,9,-63.67,63.67,20.79,0.41468,-0.83786,0.35501,zhao_uCT_match,1,546,4.0,3.0,yellow,R7,"{""R7y"": 1, ""R8y"": 1, ""Dm8a"": 1, ""Tm5a"": 1}",R8y:206230;R7y:223205,yellow,11287.0,30176.0,29563.0,17471.0,29714.0,35145.0,-47.9,-3.2,,,
R,22,25,6,4,-3,10,-68.39,68.39,23.21,0.3385,-0.85445,0.39414,zhao_uCT_match,1,571,5.0,3.0,pale?,Dm8b/Tm5b home,"{""Dm8b"": 1, ""Tm5b"": 1}",R7_unclear:223312;R8_unclear:283744,unclear,12000.0,29367.0,29114.0,17650.0,29107.0,34933.0,-44.2,-1.8,,,
R,22,26,7,4,-4,11,-73.56,73.56,25.44,0.25552,-0.8661,0.42963,zhao_uCT_match,1,594,6.0,3.0,pale,R7,"{""R7p"": 1, ""R8p"": 1}",R7p:251547;R8p:207162,unclear,12788.0,28569.0,28709.0,17925.0,28562.0,34616.0,-41.0,-0.1,,,
R,22,27,8,4,-5,12,-79.39,79.39,27.44,0.16347,-0.87229,0.46086,zhao_uCT_match,1,616,7.0,3.0,yellow,R7,"{""R7y"": 1, ""R8y"": 1, ""Dm8a"": 1, ""Tm5a"": 1}",R8y:179326;R7y:161711,yellow,13413.0,27523.0,28314.0,18195.0,27960.0,34357.0,-38.4,3.2,,,
R,22,28,9,4,-6,13,-85.31,85.31,29.35,0.07121,-0.86869,0.49021,zhao_uCT_match,1,639,8.0,3.0,yellow,R7,"{""R7y"": 1, ""R8y"": 1, ""Dm8a"": 1, ""Tm5a"": 1}",R8y:184684;R7y:163919,yellow,14023.0,26867.0,27738.0,18485.0,27430.0,33957.0,-35.7,4.2,8955,29379,26802
R,22,29,10,4,-7,14,-90.81,90.81,31.76,-0.01198,-0.85015,0.5264,zhao_uCT_match,1,657,9.0,3.0,pale?,Dm8b/Tm5b home,"{""Tm5b"": 1}",R7_unclear:175582;R8_unclear:176290,unclear,14675.0,25787.0,27188.0,18740.0,26762.0,33642.0,-32.2,7.3,8055,28961,27038
R,22,30,11,4,-8,15,-97.07,97.07,34.13,-0.10189,-0.82146,0.56109,zhao_uCT_match,1,679,10.0,3.0,pale?,Dm8b/Tm5b home,"{""Dm8b"": 1, ""Tm5b"": 1}",R7_unclear:154116;R8_unclear:182410,unclear,15314.0,24965.0,27069.0,19116.0,25995.0,33299.0,-31.4,8.0,7822,28367,27508
R,22,31,12,4,-9,16,-104.17,104.17,35.87,-0.19843,-0.78566,0.58597,zhao_uCT_match,1,696,11.0,3.0,yellow,R7,"{""R7y"": 1, ""R8y"": 1, ""Dm8a"": 1, ""Tm5a"": 1}",R8y:194580;R7y:125870,yellow,15945.0,24329.0,26712.0,19410.0,25688.0,32957.0,-29.0,10.8,7907,27743,28118
R,22,32,13,4,-10,17,-111.69,111.69,37.41,-0.2936,-0.73808,0.60748,zhao_uCT_match,1,713,12.0,3.0,pale?,Dm8b/Tm5b home,"{""Dm8b"": 1, ""Tm5b"": 1}",R7_unclear:171971;R8_unclear:184098,unclear,16485.0,23481.0,26489.0,19923.0,24997.0,32648.0,-29.2,12.1,7964,26967,28820
R,22,33,14,4,-11,18,-119.62,119.62,38.64,-0.386,-0.67906,0.6244,zhao_uCT_match,1,726,13.0,3.0,yellow,R7,"{""R7y"": 1, ""R8y"": 1, ""Dm8a"": 1, ""Tm5a"": 1}",R8y:181298;R7y:120819,yellow,17145.0,22710.0,26286.0,20546.0,24486.0,32271.0,-29.6,14.5,7446,26432,29438
R,22,34,15,4,-12,19,-127.71,127.71,39.17,-0.47419,-0.61342,0.63156,zhao_uCT_match,1,736,14.0,3.0,yellow,R7,"{""R7y"": 1, ""R8y"": 1, ""Dm8a"": 1, ""Tm5a"": 1, ""Tm5b"": 1}",R8y:175575;R7y:160108,yellow,18038.0,22055.0,26235.0,21305.0,23879.0,31870.0,-30.1,15.6,7039,25971,30072
R,22,35,16,4,-13,20,-136.8,136.8,38.69,-0.56896,-0.53427,0.62517,zhao_uCT_match,1,740,15.0,3.0,yellow,R7,"{""R7y"": 1, ""R8y"": 1, ""Dm8a"": 1}",R8y:140716;R7y:131993,yellow,18882.0,21303.0,26264.0,22034.0,23499.0,31479.0,-31.1,19.8,7337,25588,30951
R,22,36,17,4,-14,21,-147.01,147.01,37.36,-0.66673,-0.43277,0.60679,zhao_uCT_match,1,743,16.0,3.0,DRA,R7d/R8d,"{""R7d"": 1, ""R8d"": 1}",R7d:134128;R8d:151435,DRA,19924.0,20696.0,26321.0,22776.0,23114.0,31139.0,-30.6,23.4,6878,25488,31578
R,23,8,-11,5,15,-6,3.35,-3.35,-7.28,0.99023,0.05803,-0.12679,zhao_uCT_match,1,201,-12.0,4.0,unclear,,{},,unclear,8248.0,41786.0,39698.0,14022.0,39771.0,42398.0,-64.9,-17.5,15771,41561,23522
R,23,9,-10,5,14,-5,-1.0,1.0,-4.82,0.99632,-0.01741,-0.08397,zhao_uCT_match,1,219,-11.0,4.0,pale?,Dm8b/Tm5b home,"{""Dm8b"": 1}",R7R8_unclear:500244;R8_unclear:500229,unclear,7821.0,41180.0,38797.0,14379.0,38986.0,42049.0,-63.6,-16.7,16102,41047,22555
R,23,10,-9,5,13,-4,-4.99,4.99,-1.92,0.99566,-0.08688,-0.03345,zhao_uCT_match,1,237,-10.0,4.0,unclear,,"{""Dm8a"": 1, ""Tm5a"": 1, ""Tm5b"": 1}",R7_unclear:500417;R8_unclear:125460179,yellow,7568.0,40849.0,37785.0,14739.0,38192.0,41412.0,-63.2,-18.3,,,
R,23,11,-8,5,12,-3,-8.83,8.83,0.47,0.98812,-0.15345,0.00822,zhao_uCT_match,1,255,-9.0,4.0,pale?,Dm8b/Tm5b home,"{""Dm8b"": 1, ""Tm5b"": 1}",R7R8_unclear:500304,unclear,7480.0,40497.0,36823.0,15178.0,37584.0,41025.0,-61.4,-18.4,,,
R,23,12,-7,5,11,-2,-12.15,12.15,2.24,0.97684,-0.21037,0.03907,zhao_uCT_match,1,278,-8.0,4.0,yellow?,Dm8a/Tm5a home,"{""Dm8a"": 1, ""Tm5a"": 1}",,yellow,7363.0,39813.0,35983.0,14947.0,36959.0,40361.0,-60.0,-18.1,,,
R,23,13,-6,5,10,-1,-15.95,15.95,3.69,0.9595,-0.27426,0.06432,zhao_uCT_match,1,298,-7.0,4.0,pale?,Dm8b/Tm5b home,"{""Dm8b"": 1, ""Tm5b"": 1}",R7R8_unclear:500268;R7R8_unclear:500335,unclear,7289.0,38946.0,35058.0,14946.0,36254.0,39908.0,-57.6,-16.5,,,
R,23,14,-5,5,9,0,-19.89,19.89,4.9,0.93691,-0.33897,0.0854,zhao_uCT_match,1,321,-6.0,4.0,yellow?,Dm8a/Tm5a home,"{""Dm8a"": 1, ""Tm5a"": 1}",,yellow,7206.0,38054.0,34286.0,14933.0,35539.0,39314.0,-56.9,-15.3,,,
R,23,15,-4,5,8,1,-23.92,23.92,6.13,0.90891,-0.40309,0.10682,zhao_uCT_match,1,343,-5.0,4.0,pale?,Dm8b/Tm5b home,"{""Tm5b"": 1}",,unclear,7521.0,37157.0,33792.0,15092.0,35068.0,38941.0,-55.8,-12.9,,,
R,23,16,-3,5,7,2,-28.15,28.15,7.91,0.87336,-0.46724,0.13756,zhao_uCT_match,1,367,-4.0,4.0,pale?,Dm8b/Tm5b home,"{""Dm8b"": 1, ""Tm5b"": 1}",,unclear,7663.0,36549.0,33198.0,15322.0,34446.0,38467.0,-55.5,-12.7,,,
R,23,17,-2,5,6,3,-32.15,32.15,9.77,0.8344,-0.52439,0.16969,zhao_uCT_match,1,389,-3.0,4.0,yellow?,Dm8a/Tm5a home,"{""Dm8a"": 1, ""Tm5a"": 1}",,yellow,7764.0,35775.0,32624.0,15357.0,33713.0,38113.0,-54.1,-12.4,,,
R,23,18,-1,5,5,4,-35.71,35.71,11.52,0.79562,-0.57195,0.19966,zhao_uCT_match,1,413,-2.0,4.0,yellow?,Dm8a/Tm5a home,"{""Dm8a"": 1, ""Tm5a"": 1}",R7_unclear:500339;R8_unclear:500260,yellow,7921.0,34891.0,32184.0,15515.0,33029.0,37679.0,-54.1,-11.2,11376,34959,24464
R,23,19,0,5,4,5,-39.11,39.11,13.28,0.75522,-0.6139,0.22971,zhao_uCT_match,1,436,-1.0,4.0,yellow?,Dm8a/Tm5a home,"{""Dm8a"": 1, ""Tm5a"": 1}",,yellow,8066.0,34068.0,31784.0,15736.0,32388.0,37354.0,-54.0,-10.1,11187,34269,24385
R,23,20,1,5,3,6,-42.41,42.41,15.03,0.71308,-0.65132,0.2594,zhao_uCT_match,1,461,0.0,4.0,yellow,R7,"{""R7y"": 1, ""R8y"": 1, ""Dm8a"": 1, ""Tm5a"": 1}",R8y:500077;R7y:500011,yellow,8395.0,33203.0,31345.0,15900.0,31867.0,36957.0,-53.2,-8.1,10881,33590,24333
R,23,21,2,5,2,7,-46.31,46.31,17.06,0.66042,-0.69121,0.29339,zhao_uCT_match,1,485,1.0,4.0,yellow,R7,"{""R7y"": 1, ""R8y"": 1, ""Dm8a"": 1, ""Tm5a"": 1}",R8y:429596;R7y:500039,yellow,8914.0,32266.0,31026.0,16215.0,31111.0,36549.0,-52.9,-7.2,10631,32802,24519
R,23,22,3,5,1,8,-50.48,50.48,18.81,0.6024,-0.73014,0.32249,zhao_uCT_match,1,509,2.0,4.0,pale,R7,"{""R7p"": 1, ""R8p"": 1, ""Dm8b"": 1}",R7p:231465;R8p:327269,pale,9412.0,31340.0,30656.0,16430.0,30564.0,36274.0,-51.3,-4.9,10160,32322,24532
R,23,23,4,5,0,9,-55.02,55.02,20.85,0.5357,-0.76573,0.35593,zhao_uCT_match,1,532,3.0,4.0,pale,R7,"{""R7p"": 1, ""R8p"": 1, ""Dm8b"": 1}",R7p:226658;R8p:243724,pale,10016.0,30598.0,30378.0,16839.0,29866.0,35936.0,-50.8,-4.8,9908,31727,24610
R,23,24,5,5,-1,10,-59.78,59.78,23.12,0.46285,-0.79471,0.39268,zhao_uCT_match,1,557,4.0,4.0,yellow,R7,"{""R7y"": 1, ""R8y"": 1, ""Dm8a"": 1, ""Tm5a"": 1}",R8y:214309;R7y:215052,yellow,10756.0,29778.0,30114.0,17192.0,29326.0,35565.0,-49.7,-3.1,9798,31032,24912
R,23,25,6,5,-2,11,-64.41,64.41,25.74,0.38899,-0.81242,0.43436,zhao_uCT_match,1,580,5.0,4.0,pale,R7,"{""R7p"": 1, ""R8p"": 1, ""Dm8b"": 1}",R7p:228571;R8p:272501,pale,11387.0,28942.0,29714.0,17348.0,28739.0,35353.0,-46.6,-1.4,9800,30501,25290
R,23,26,7,5,-3,12,-69.22,69.22,28.1,0.31295,-0.82472,0.47106,zhao_uCT_match,1,604,6.0,4.0,yellow,R7,"{""R7y"": 1, ""R8y"": 1, ""Dm8a"": 1, ""Tm5a"": 1}",R8y:217703;R7y:234799,yellow,12332.0,28033.0,29272.0,17641.0,28264.0,35046.0,-42.6,1.7,,,
R,23,27,8,5,-4,13,-74.97,74.97,30.23,0.22398,-0.83443,0.50354,zhao_uCT_match,1,626,7.0,4.0,yellow,R7,"{""R7y"": 1, ""R8y"": 1, ""Tm5b"": 1}",R8y:206102;R7y:179869,yellow,12976.0,26982.0,28814.0,17843.0,27559.0,34799.0,-39.1,4.3,,,
R,23,28,9,5,-5,14,-80.84,80.84,32.45,0.13438,-0.83308,0.53658,zhao_uCT_match,1,650,8.0,4.0,pale,R7,"{""R7p"": 1, ""R8p"": 1, ""Dm8b"": 1, ""Tm5b"": 1}",R7p:205543;R8p:208381,pale,13684.0,26186.0,28526.0,18249.0,27052.0,34463.0,-37.6,6.6,8505,28825,26533
R,23,29,10,5,-6,15,-86.65,86.65,34.72,0.048,-0.82058,0.56951,zhao_uCT_match,1,669,9.0,4.0,yellow,R7,"{""R7y"": 1, ""R8y"": 1, ""Tm5a"": 1}",R8y:194442;R7y:187469,yellow,14261.0,25491.0,27917.0,18593.0,26430.0,34069.0,-35.2,7.1,8143,28358,26817
R,23,30,11,5,-7,16,-92.68,92.68,36.97,-0.03738,-0.79808,0.60139,zhao_uCT_match,1,688,10.0,4.0,yellow,R7,"{""R7y"": 1, ""R8y"": 1, ""Dm8a"": 1, ""Tm5a"": 1}",R8y:196848;R7y:178727,yellow,14937.0,24391.0,27460.0,18898.0,25790.0,33783.0,-32.1,10.6,8035,27752,27317
R,23,31,12,5,-8,17,-99.94,99.94,39.26,-0.1336,-0.76272,0.63278,zhao_uCT_match,1,707,11.0,4.0,unclear,,{},R7_unclear:132081;R8_unclear:196157,unclear,15592.0,23491.0,27172.0,19321.0,25134.0,33494.0,-30.5,12.6,8068,27082,27957
R,23,32,13,5,-9,18,-108.11,108.11,41.09,-0.23433,-0.7163,0.65727,zhao_uCT_match,1,723,12.0,4.0,unclear,,{},R7_unclear:175692;R8_unclear:179341,unclear,16125.0,22916.0,27020.0,19837.0,24416.0,33184.0,-31.1,11.8,8003,26380,28728
R,23,33,14,5,-10,19,-116.02,116.02,42.23,-0.3248,-0.6654,0.67212,zhao_uCT_match,1,738,13.0,4.0,pale,R7,"{""R7p"": 1, ""R8p"": 1}",R7p:182454;R8p:182558,pale,16691.0,22196.0,26793.0,20288.0,24079.0,32721.0,-31.2,15.2,7861,25766,29408
R,23,34,15,5,-11,20,-124.15,124.15,42.71,-0.41247,-0.60814,0.67826,zhao_uCT_match,1,748,14.0,4.0,unclear,,{},R7_unclear:168655;R8_unclear:172592,unclear,17457.0,21533.0,26705.0,20988.0,23451.0,32456.0,-31.5,15.9,7946,25238,30178
R,23,35,16,5,-12,21,-133.11,133.11,42.91,-0.50054,-0.53462,0.68091,zhao_uCT_match,1,756,15.0,4.0,yellow,R7,"{""R7y"": 1, ""R8y"": 1, ""Dm8a"": 1, ""Tm5a"": 1}",R8y:201401;R7y:180659,yellow,18368.0,20798.0,26729.0,21771.0,22996.0,31998.0,-32.9,19.3,7369,24942,30928
R,23,36,17,5,-13,22,-143.43,143.43,41.23,-0.60397,-0.44808,0.65913,zhao_uCT_match,1,759,16.0,4.0,DRA,R7d/R8d,"{""R7d"": 1, ""R8d"": 1}",R7d:101272;R8d:163682,DRA,19165.0,20113.0,26811.0,22391.0,22681.0,31731.0,-33.3,23.6,6766,24523,31571
R,23,37,18,5,-14,23,-153.13,153.13,40.1,-0.68229,-0.34576,0.64415,extrapolated_local_linear,19,-1,,,unclear,,{},,unclear,20700.0,19902.0,26932.0,23144.0,22384.0,31197.0,-29.8,26.8,6546,25047,31827
R,24,9,-10,6,15,-4,3.15,-3.15,-4.04,0.99601,0.05473,-0.07053,zhao_uCT_match,1,230,-11.0,5.0,unclear,,{},,unclear,7673.0,40596.0,39425.0,13392.0,38742.0,42266.0,-63.6,-16.2,,,
R,24,10,-9,6,14,-3,-0.66,0.66,-0.74,0.99985,-0.01158,-0.01288,zhao_uCT_match,1,245,-10.0,5.0,unclear,,{},,unclear,7206.0,40158.0,38323.0,13897.0,37776.0,41864.0,-62.1,-17.5,,,
R,24,11,-8,6,13,-2,-4.73,4.73,2.07,0.99594,-0.0824,0.03617,zhao_uCT_match,1,265,-9.0,5.0,yellow?,Dm8a/Tm5a home,"{""Dm8a"": 1, ""Tm5a"": 1}",R7R8_unclear:500188,yellow,6838.0,39567.0,37102.0,14152.0,37171.0,41393.0,-59.6,-15.8,,,
R,24,12,-7,6,12,-1,-8.41,8.41,3.77,0.98711,-0.14591,0.06571,zhao_uCT_match,1,287,-8.0,5.0,yellow?,Dm8a/Tm5a home,"{""Dm8a"": 1, ""Tm5a"": 1}",,yellow,6723.0,39038.0,36139.0,14379.0,36349.0,40913.0,-58.1,-16.6,,,
R,24,13,-6,6,11,0,-12.37,12.37,5.14,0.97284,-0.2134,0.08965,zhao_uCT_match,1,307,-7.0,5.0,yellow?,Dm8a/Tm5a home,"{""Dm8a"": 1, ""Tm5a"": 1}",,yellow,6635.0,38216.0,35480.0,14427.0,35805.0,40389.0,-57.8,-14.7,,,
R,24,14,-5,6,10,1,-16.07,16.07,6.23,0.95524,-0.27521,0.10853,zhao_uCT_match,1,329,-6.0,5.0,pale?,Dm8b/Tm5b home,"{""Dm8b"": 1, ""Tm5b"": 1}",,yellow,6966.0,37385.0,34910.0,14481.0,35183.0,39780.0,-57.1,-13.8,,,
R,24,15,-4,6,9,2,-19.91,19.91,7.51,0.9322,-0.33755,0.13065,zhao_uCT_match,1,350,-5.0,5.0,pale?,Dm8b/Tm5b home,"{""Dm8b"": 1, ""Tm5b"": 1}",,unclear,6933.0,36482.0,34265.0,14500.0,34603.0,39371.0,-56.0,-11.6,,,
R,24,16,-3,6,8,3,-23.88,23.88,9.44,0.90201,-0.39934,0.16401,zhao_uCT_match,1,373,-4.0,5.0,yellow?,Dm8a/Tm5a home,"{""Dm8a"": 1, ""Tm5a"": 1}",,yellow,7251.0,35842.0,33753.0,14689.0,33819.0,38955.0,-55.0,-12.6,,,
R,24,17,-2,6,7,4,-27.89,27.89,11.81,0.86516,-0.45784,0.20465,zhao_uCT_match,1,398,-3.0,5.0,yellow?,Dm8a/Tm5a home,"{""Dm8a"": 1, ""Tm5a"": 1}",,yellow,7348.0,35255.0,33208.0,14954.0,33210.0,38580.0,-54.8,-12.4,,,
R,24,18,-1,6,6,5,-31.66,31.66,13.91,0.82619,-0.5095,0.24046,zhao_uCT_match,1,421,-2.0,5.0,pale?,Dm8b/Tm5b home,"{""Dm8b"": 1, ""Tm5b"": 1}",,unclear,7410.0,34410.0,32697.0,15140.0,32486.0,38157.0,-54.8,-11.5,11900,34511,24502
R,24,19,0,6,5,6,-35.41,35.41,15.64,0.78488,-0.55796,0.26952,zhao_uCT_match,1,447,-1.0,5.0,pale?,Dm8b/Tm5b home,"{""Dm8b"": 1, ""Tm5b"": 1}",R7_unclear:500093;R8_unclear:500163,unclear,7602.0,33383.0,32262.0,15214.0,31902.0,37804.0,-53.9,-8.9,11483,33710,24493
R,24,20,1,6,4,7,-38.73,38.73,17.47,0.7441,-0.59678,0.30028,zhao_uCT_match,1,469,0.0,5.0,pale?,Dm8b/Tm5b home,"{""Dm8b"": 1, ""Tm5b"": 1}",R7_unclear:500269;R8_unclear:500121,unclear,8058.0,32627.0,31834.0,15566.0,31317.0,37380.0,-53.5,-8.0,11195,32859,24340
R,24,21,2,6,3,8,-41.83,41.83,19.41,0.70279,-0.62901,0.33231,zhao_uCT_match,1,495,1.0,5.0,pale,R7,"{""R7p"": 1, ""R8p"": 1, ""Dm8b"": 1}",R7p:439101;R8p:116032876,pale,8512.0,31571.0,31533.0,15772.0,30659.0,36954.0,-53.3,-5.7,10934,32096,24429
R,24,22,3,6,2,9,-45.8,45.8,21.34,0.64933,-0.66775,0.36398,zhao_uCT_match,1,518,2.0,5.0,yellow,R7,"{""R7y"": 1, ""R8y"": 1, ""Dm8a"": 1, ""Tm5a"": 1, ""Tm5b"": 1}",R8y:237292;R7y:269309,yellow,9066.0,30796.0,31131.0,16107.0,30010.0,36639.0,-52.0,-5.0,10577,31574,24410
R,24,23,4,6,1,10,-50.56,50.56,23.4,0.58305,-0.70872,0.3972,zhao_uCT_match,1,542,3.0,5.0,yellow,R7,"{""R7y"": 1, ""R8y"": 1, ""Dm8a"": 1}",R8y:225193;R7y:225097,yellow,9614.0,30021.0,30858.0,16441.0,29566.0,36323.0,-51.3,-3.0,10399,31029,24548
R,24,24,5,6,0,11,-55.49,55.49,25.87,0.50978,-0.74149,0.43625,zhao_uCT_match,1,566,4.0,5.0,pale,R7,"{""R7p"": 1, ""R8p"": 1, ""Tm5b"": 1}",R7p:154389;R8p:223711,unclear,10215.0,29099.0,30541.0,16815.0,29075.0,35991.0,-50.5,-0.2,10189,30391,24646
R,24,25,6,6,-1,12,-60.34,60.34,28.5,0.43489,-0.76371,0.4771,zhao_uCT_match,1,590,5.0,5.0,yellow,R7,"{""R7y"": 1, ""R8y"": 1, ""Dm8a"": 1, ""Tm5a"": 1}",R8y:215911;R7y:512553,yellow,10981.0,28403.0,30311.0,17134.0,28409.0,35711.0,-48.7,0.0,9954,29905,25172
R,24,26,7,6,-2,13,-65.18,65.18,30.93,0.36013,-0.77858,0.51393,zhao_uCT_match,1,612,6.0,5.0,unclear,,{},R7_unclear:500009;R8_unclear:500015,unclear,11733.0,27578.0,29866.0,17374.0,27818.0,35469.0,-45.2,1.7,,,
R,24,27,8,6,-3,14,-70.48,70.48,33.05,0.28012,-0.79,0.54537,zhao_uCT_match,1,635,7.0,5.0,yellow,R7,"{""R7y"": 1, ""R8y"": 1, ""Tm5a"": 1}",R8y:236419;R7y:187353,yellow,12403.0,26557.0,29385.0,17700.0,27106.0,35180.0,-42.4,4.0,9591,28673,26088
R,24,28,9,6,-4,15,-76.38,76.38,35.39,0.19202,-0.79227,0.57917,zhao_uCT_match,1,656,8.0,5.0,pale?,Dm8b/Tm5b home,"{""Dm8b"": 1, ""Tm5b"": 1}",R7_unclear:190370;R8_unclear:209239,unclear,13227.0,25689.0,29136.0,18004.0,26594.0,34801.0,-40.1,7.0,9316,28279,26394
R,24,29,10,6,-5,16,-82.09,82.09,37.65,0.109,-0.7842,0.61085,zhao_uCT_match,1,678,9.0,5.0,yellow,R7,"{""R7y"": 1, ""R8y"": 1, ""Dm8a"": 1, ""Tm5a"": 1}",R8y:202122;R7y:182488,yellow,13949.0,24846.0,28668.0,18424.0,25984.0,34530.0,-37.4,8.8,8392,27794,26601
R,24,30,11,6,-6,17,-88.6,88.6,40.04,0.01871,-0.76538,0.6433,zhao_uCT_match,1,698,10.0,5.0,yellow,R7,"{""R7y"": 1, ""R8y"": 1, ""Dm8a"": 1, ""Tm5a"": 1}",R8y:552804;R7y:238722,yellow,14532.0,23943.0,28026.0,18752.0,25407.0,34294.0,-34.0,11.0,8048,27162,27010
R,24,31,12,6,-7,18,-95.52,95.52,41.99,-0.07146,-0.73986,0.66896,zhao_uCT_match,1,717,11.0,5.0,yellow,R7,"{""R7y"": 1, ""R8y"": 1}",R8y:189143;R7y:118682,yellow,15171.0,23130.0,27700.0,19184.0,24676.0,34076.0,-32.2,11.6,7925,26440,27549
R,24,32,13,6,-8,19,-103.87,103.87,43.97,-0.17253,-0.69873,0.69427,zhao_uCT_match,1,735,12.0,5.0,pale?,Dm8b/Tm5b home,"{""Dm8b"": 1}",R7_unclear:193042;R8_unclear:186286,unclear,15791.0,22207.0,27534.0,19644.0,24141.0,33716.0,-31.9,14.9,7834,25861,28162
R,24,33,14,6,-9,20,-112.49,112.49,45.33,-0.26892,-0.64951,0.71121,zhao_uCT_match,1,750,13.0,5.0,yellow,R7,"{""R7y"": 1, ""R8y"": 1, ""Dm8a"": 1}",R8y:205069;R7y:215681,yellow,16324.0,21602.0,27354.0,20182.0,23448.0,33420.0,-32.5,14.4,7898,25261,28943
R,24,34,15,6,-10,21,-120.84,120.84,46.22,-0.35475,-0.59405,0.72198,zhao_uCT_match,1,761,14.0,5.0,pale,R7,"{""R7p"": 1, ""R8p"": 1}",R7p:72423;R8p:187001,unclear,16967.0,20792.0,27239.0,20703.0,23055.0,32951.0,-33.2,18.3,7998,24783,29871
R,24,35,16,6,-11,22,-129.61,129.61,46.66,-0.43755,-0.52876,0.7273,zhao_uCT_match,1,770,15.0,5.0,pale,R7,"{""R7p"": 1, ""R8p"": 1, ""Dm8b"": 1, ""Tm5b"": 1}",R7p:165585;R8p:195815,pale,17763.0,20276.0,27120.0,21384.0,22760.0,32546.0,-33.7,20.8,7559,24552,30405
R,24,36,17,6,-12,23,-139.46,139.46,46.48,-0.52335,-0.44759,0.72509,zhao_uCT_match,1,776,16.0,5.0,yellow,R7,"{""R7y"": 1, ""R8y"": 1}",R8y:193627;R7y:209194,yellow,18808.0,19505.0,27218.0,22100.0,22194.0,32372.0,-32.6,23.7,7178,24159,31087
R,24,37,18,6,-13,24,-150.87,150.87,45.35,-0.61383,-0.34209,0.71147,zhao_uCT_match,1,773,17.0,5.0,DRA,R7d/R8d,"{""R7d"": 1, ""R8d"": 1, ""Dm-DRA1"": 1, ""Dm-DRA2"": 1, ""MeTu2a"": 1}",R7d:133530;R8d:139978,DRA,19846.0,19268.0,27138.0,22823.0,21966.0,31833.0,-32.4,25.9,6879,23908,31909
R,25,10,-9,7,15,-2,4.65,-4.65,0.82,0.9966,0.08109,0.01438,zhao_uCT_match,1,257,-10.0,6.0,unclear,,{},,unclear,7023.0,39125.0,39098.0,12620.0,37358.0,42091.0,-61.9,-15.6,,,
R,25,11,-8,7,14,-1,-0.23,0.23,2.73,0.99886,-0.00409,0.04764,zhao_uCT_match,1,275,-9.0,6.0,pale?,Dm8b/Tm5b home,"{""Dm8b"": 1, ""Tm5b"": 1}",,unclear,6724.0,39065.0,37990.0,13368.0,36832.0,41803.0,-60.1,-16.3,,,
R,25,12,-7,7,13,0,-4.28,4.28,4.71,0.99385,-0.07434,0.08213,zhao_uCT_match,1,296,-8.0,6.0,yellow?,Dm8a/Tm5a home,"{""Dm8a"": 1, ""Tm5a"": 1}",R7_unclear:500350;R8_unclear:108231286,yellow,6516.0,38453.0,37123.0,13605.0,36022.0,41325.0,-59.3,-16.4,,,
R,25,13,-6,7,12,1,-8.36,8.36,6.04,0.98387,-0.14466,0.10519,zhao_uCT_match,1,317,-7.0,6.0,yellow?,Dm8a/Tm5a home,"{""Dm8a"": 1, ""Tm5a"": 1}",,yellow,6315.0,37704.0,36199.0,14053.0,35376.0,40869.0,-58.9,-14.4,,,
R,25,14,-5,7,11,2,-12.13,12.13,7.69,0.96887,-0.20827,0.13385,zhao_uCT_match,1,337,-6.0,6.0,pale?,Dm8b/Tm5b home,"{""Dm8b"": 1}",,pale,6379.0,36752.0,35453.0,14162.0,34758.0,40371.0,-57.7,-12.2,,,
R,25,15,-4,7,10,3,-16.01,16.01,9.3,0.94859,-0.27214,0.16161,zhao_uCT_match,1,359,-5.0,6.0,yellow?,Dm8a/Tm5a home,"{""Dm8a"": 1, ""Tm5a"": 1}",,yellow,6654.0,35960.0,34939.0,14109.0,33923.0,39930.0,-56.2,-12.8,,,
R,25,16,-3,7,9,4,-19.81,19.81,11.17,0.92302,-0.33248,0.19364,zhao_uCT_match,1,382,-4.0,6.0,unclear,,{},,unclear,6687.0,35190.0,34091.0,14218.0,33417.0,39364.0,-55.0,-10.9,,,
R,25,17,-2,7,8,5,-23.76,23.76,13.5,0.88994,-0.39183,0.23339,zhao_uCT_match,1,406,-3.0,6.0,pale?,Dm8b/Tm5b home,"{""Dm8b"": 1, ""Tm5b"": 1}",,unclear,6993.0,34322.0,33662.0,14452.0,32681.0,38947.0,-54.7,-10.2,,,
R,25,18,-1,7,7,6,-27.55,27.55,15.79,0.85317,-0.445,0.27218,zhao_uCT_match,1,432,-2.0,6.0,yellow?,Dm8a/Tm5a home,"{""Dm8a"": 1, ""Tm5a"": 1}",,yellow,7051.0,33605.0,33115.0,14690.0,32112.0,38637.0,-54.1,-9.0,11985,33676,24517
R,25,19,0,7,6,7,-31.32,31.32,17.82,0.8133,-0.49485,0.30604,zhao_uCT_match,1,457,-1.0,6.0,yellow?,Dm8a/Tm5a home,"{""Dm8a"": 1, ""Tm5a"": 1}",,yellow,7206.0,32735.0,32712.0,14959.0,31356.0,38224.0,-54.6,-8.2,11765,32824,24362
R,25,20,1,7,5,8,-35.18,35.18,19.65,0.76971,-0.54261,0.33635,zhao_uCT_match,1,481,0.0,6.0,unclear,,{},R7_unclear:500175;R8_unclear:500191,pale,7736.0,32054.0,32319.0,15202.0,30841.0,37779.0,-53.8,-7.5,11717,32200,24473
R,25,21,2,7,4,9,-38.25,38.25,21.6,0.73014,-0.57565,0.36814,zhao_uCT_match,1,504,1.0,6.0,yellow,R7,"{""R7y"": 1, ""R8y"": 1, ""Dm8a"": 1, ""Tm5a"": 1}",R8y:353303;R7y:336619,yellow,8079.0,31055.0,32054.0,15500.0,30338.0,37425.0,-54.1,-4.5,11417,31524,24448
R,25,22,3,7,3,10,-41.54,41.54,23.71,0.68527,-0.60719,0.40215,zhao_uCT_match,1,529,2.0,6.0,yellow,R7,"{""R7y"": 1, ""R8y"": 1, ""Dm8a"": 1, ""Tm5a"": 1}",R8y:285050;R7y:221329,yellow,8583.0,30335.0,31632.0,15800.0,29610.0,37088.0,-52.9,-4.6,11145,30924,24418
R,25,23,4,7,2,11,-45.82,45.82,26.16,0.62551,-0.64369,0.44091,zhao_uCT_match,1,553,3.0,6.0,yellow,R7,"{""R7y"": 1, ""R8y"": 1, ""Dm8a"": 1, ""Tm5a"": 1}",R8y:295542;R7y:290410,yellow,9164.0,29387.0,31243.0,16055.0,29032.0,36763.0,-51.3,-2.3,10848,30381,24440
R,25,24,5,7,1,12,-50.61,50.61,28.68,0.55672,-0.678,0.47997,zhao_uCT_match,1,575,4.0,6.0,yellow,R7,"{""R7y"": 1, ""R8y"": 1, ""Dm8a"": 1, ""Tm5a"": 1}",R8y:249450;R7y:282538,yellow,9749.0,28637.0,31017.0,16459.0,28600.0,36423.0,-51.1,-0.2,10669,29803,24631
R,25,25,6,7,0,13,-55.42,55.42,31.23,0.4853,-0.70405,0.51846,zhao_uCT_match,1,599,5.0,6.0,yellow,R7,"{""R7y"": 1, ""R8y"": 1}",R8y:268762;R7y:343251,yellow,10247.0,27898.0,30676.0,16811.0,27961.0,36179.0,-50.0,0.4,10181,29392,24929
R,25,26,7,7,-1,14,-60.23,60.23,33.61,0.41347,-0.72292,0.55356,zhao_uCT_match,1,621,6.0,6.0,pale,R7,"{""R7p"": 1, ""R8p"": 1, ""Dm8b"": 1, ""Tm5b"": 1}",R7p:171496;R8p:304227,pale,11172.0,27017.0,30406.0,17181.0,27390.0,35863.0,-47.8,2.6,9930,28806,25413
R,25,27,8,7,-2,15,-65.37,65.37,35.8,0.33803,-0.73732,0.58489,zhao_uCT_match,1,641,7.0,6.0,pale,R7,"{""R7p"": 1, ""R8p"": 1, ""Dm8b"": 1}",R7p:237165;R8p:230888,pale,11815.0,26074.0,30027.0,17542.0,26705.0,35665.0,-45.4,4.5,10077,28036,25934
R,25,28,9,7,-3,16,-71.36,71.36,38.42,0.25043,-0.74238,0.62141,zhao_uCT_match,1,664,8.0,6.0,pale,R7,"{""R7p"": 1, ""R8p"": 1, ""Dm8b"": 1}",R7p:231014;R8p:211789,unclear,12555.0,25212.0,29643.0,17871.0,26160.0,35314.0,-43.1,7.0,9246,27696,26261
R,25,29,10,7,-4,17,-77.48,77.48,40.58,0.16466,-0.74143,0.65051,zhao_uCT_match,1,685,9.0,6.0,yellow,R7,"{""R7y"": 1, ""R8y"": 1, ""Dm8a"": 1, ""Tm5a"": 1}",R8y:215686;R7y:192611,yellow,13428.0,24477.0,29338.0,18216.0,25715.0,34911.0,-40.7,9.6,8693,27101,26509
R,25,30,11,7,-5,18,-84.46,84.46,42.97,0.07062,-0.72829,0.68162,zhao_uCT_match,1,705,10.0,6.0,pale?,Dm8b/Tm5b home,"{""Dm8b"": 1, ""Tm5b"": 1}",R7_unclear:133142;R8_unclear:157462,unclear,14077.0,23495.0,28694.0,18652.0,24956.0,34789.0,-36.9,10.9,8311,26548,26873
R,25,31,12,7,-6,19,-91.66,91.66,44.86,-0.02056,-0.70854,0.70537,zhao_uCT_match,1,725,11.0,6.0,yellow,R7,"{""R7y"": 1, ""R8y"": 1}",R8y:209148;R7y:172774,yellow,14769.0,22600.0,28473.0,19091.0,24255.0,34559.0,-35.4,12.5,8380,25914,27280
R,25,32,13,7,-7,20,-99.55,99.55,46.56,-0.11405,-0.67806,0.7261,zhao_uCT_match,1,741,12.0,6.0,pale?,Dm8b/Tm5b home,"{""Tm5b"": 1}",R7_unclear:119669;R8_unclear:198310,unclear,15381.0,21900.0,28267.0,19478.0,23767.0,34297.0,-34.2,14.4,8188,25339,27790
R,25,33,14,7,-8,21,-107.77,107.77,47.87,-0.20474,-0.63881,0.74162,zhao_uCT_match,1,758,13.0,6.0,yellow,R7,"{""R7y"": 1, ""R8y"": 1, ""Tm5a"": 1, ""Tm5b"": 1}",R8y:196019;R7y:181849,yellow,15944.0,21055.0,27861.0,19912.0,23149.0,34081.0,-32.5,15.8,8088,24849,28530
R,25,34,15,7,-9,22,-116.69,116.69,49.21,-0.29342,-0.5837,0.7571,zhao_uCT_match,1,772,14.0,6.0,pale,R7,"{""R7p"": 1, ""R8p"": 1}",R7p:145289;R8p:145505,pale,16546.0,20269.0,27741.0,20484.0,22667.0,33615.0,-33.8,18.7,7903,24386,29213
R,25,35,16,7,-10,23,-125.67,125.67,49.66,-0.37748,-0.52584,0.76224,zhao_uCT_match,1,780,15.0,6.0,yellow,R7,"{""R7y"": 1, ""R8y"": 1, ""Dm8a"": 1, ""Tm5a"": 1}",R8y:188142;R7y:107473,yellow,17404.0,19501.0,27706.0,21154.0,22311.0,33160.0,-34.5,23.0,7902,24044,30192
R,25,36,17,7,-11,24,-135.55,135.55,50.05,-0.45834,-0.44963,0.76666,zhao_uCT_match,1,788,16.0,6.0,unclear,,{},R7_unclear:172544;R8_unclear:196872,unclear,18278.0,18986.0,27625.0,21783.0,21864.0,32803.0,-34.1,24.7,7716,23576,30849
R,25,37,18,7,-12,25,-148.4,148.4,48.08,-0.56908,-0.35011,0.74402,zhao_uCT_match,1,789,17.0,6.0,DRA,R7d/R8d,"{""R7d"": 1, ""R8d"": 1, ""Tm5a"": 1, ""Dm-DRA2"": 1}",R7d:89443;R8d:103357,DRA,19540.0,18530.0,27578.0,22589.0,21509.0,32402.0,-32.3,27.6,7070,23466,31564
R,25,38,19,7,-13,26,-159.34,159.34,45.71,-0.65331,-0.2464,0.71587,extrapolated_local_linear,18,-1,,,unclear,,{},,unclear,20684.0,18520.0,27571.0,23171.0,21263.0,31869.0,-30.1,28.9,6801,23413,32158
R,26,11,-8,8,15,0,4.62,-4.62,3.06,0.99532,0.08046,0.05345,zhao_uCT_match,1,285,-9.0,7.0,unclear,,{},,unclear,6709.0,38206.0,38796.0,12372.0,36343.0,42039.0,-60.2,-15.9,,,
R,26,12,-7,8,14,1,-0.06,0.06,4.82,0.99646,-0.00102,0.08406,zhao_uCT_match,1,304,-8.0,7.0,yellow?,Dm8a/Tm5a home,"{""Dm8a"": 1, ""Tm5a"": 1}",,yellow,6310.0,37758.0,37840.0,12970.0,35566.0,41745.0,-59.6,-15.9,,,
R,26,13,-6,8,13,2,-4.18,4.18,6.81,0.9903,-0.07245,0.11854,zhao_uCT_match,1,325,-7.0,7.0,unclear,,{},,unclear,6207.0,36920.0,36948.0,13216.0,34931.0,41236.0,-58.5,-13.6,,,
R,26,14,-5,8,12,3,-8.22,8.22,8.93,0.97773,-0.14128,0.1552,zhao_uCT_match,1,347,-6.0,7.0,pale?,Dm8b/Tm5b home,"{""Dm8b"": 1, ""Tm5b"": 1}",,unclear,6126.0,36112.0,36343.0,13805.0,34119.0,40956.0,-59.0,-12.5,,,
R,26,15,-4,8,11,4,-11.99,11.99,10.99,0.96025,-0.20387,0.19069,zhao_uCT_match,1,370,-5.0,7.0,pale?,Dm8b/Tm5b home,"{""Dm8b"": 1, ""Tm5b"": 1}",,unclear,6098.0,35331.0,35354.0,13765.0,33454.0,40491.0,-56.2,-11.5,,,
R,26,16,-3,8,10,5,-15.71,15.71,12.87,0.93845,-0.26394,0.2228,zhao_uCT_match,1,391,-4.0,7.0,yellow?,Dm8a/Tm5a home,"{""Dm8a"": 1, ""Tm5a"": 1}",,yellow,6209.0,34559.0,34528.0,13999.0,32879.0,39905.0,-55.4,-10.1,,,
R,26,17,-2,8,9,6,-19.83,19.83,15.12,0.90809,-0.32756,0.26092,zhao_uCT_match,1,415,-3.0,7.0,yellow?,Dm8a/Tm5a home,"{""Dm8a"": 1, ""Tm5a"": 1}",,yellow,6479.0,33676.0,34174.0,14031.0,32237.0,39442.0,-55.1,-8.9,,,
R,26,18,-1,8,8,7,-23.54,23.54,17.43,0.87472,-0.38103,0.29947,zhao_uCT_match,1,439,-2.0,7.0,yellow?,Dm8a/Tm5a home,"{""Dm8a"": 1}",,unclear,6732.0,32908.0,33611.0,14221.0,31663.0,39103.0,-53.7,-7.6,,,
R,26,19,0,8,7,8,-27.2,27.2,19.56,0.83811,-0.43065,0.33483,zhao_uCT_match,1,464,-1.0,7.0,yellow?,Dm8a/Tm5a home,"{""Tm5a"": 1}",R7_unclear:103791775;R8_unclear:213425473,yellow,7013.0,32094.0,33196.0,14433.0,31000.0,38740.0,-53.2,-6.7,,,
R,26,20,1,8,6,9,-31.0,31.0,21.73,0.79632,-0.4784,0.37015,zhao_uCT_match,1,489,0.0,7.0,pale?,Dm8b/Tm5b home,"{""Dm8b"": 1, ""Tm5b"": 1}",R7_unclear:500328;R8_unclear:500279,unclear,7450.0,31202.0,32791.0,14854.0,30346.0,38259.0,-53.6,-5.3,12000,31503,24471
R,26,21,2,8,5,10,-34.68,34.68,23.75,0.7527,-0.52086,0.40267,zhao_uCT_match,1,512,1.0,7.0,yellow?,Dm8a/Tm5a home,"{""Dm8a"": 1, ""Tm5a"": 1}",R7_unclear:500293;R8_unclear:500057,yellow,7854.0,30390.0,32518.0,15110.0,29837.0,37858.0,-53.6,-3.5,11827,30900,24336
R,26,22,3,8,4,11,-37.94,37.94,25.78,0.71015,-0.55362,0.43497,zhao_uCT_match,1,536,2.0,7.0,yellow,R7,"{""R7y"": 1, ""R8y"": 1, ""Dm8a"": 1, ""Tm5a"": 1, ""Tm5b"": 1}",R8y:358150;R7y:272229,yellow,8346.0,29512.0,32087.0,15501.0,29239.0,37505.0,-52.9,-1.7,11497,30391,24487
R,26,23,4,8,3,12,-41.85,41.85,28.33,0.65566,-0.58729,0.47455,zhao_uCT_match,1,563,3.0,7.0,yellow,R7,"{""R7y"": 1, ""R8y"": 1}",R8y:329492;R7y:500059,yellow,8719.0,28877.0,31745.0,15918.0,28564.0,37221.0,-52.7,-2.0,11264,29718,24390
R,26,24,5,8,2,13,-45.99,45.99,30.93,0.59596,-0.61694,0.51403,zhao_uCT_match,1,585,4.0,7.0,pale,R7,"{""R7p"": 1, ""R8p"": 1, ""Dm8b"": 1, ""Tm5b"": 1}",R7p:125318610;R8p:345429,pale,9295.0,27953.0,31518.0,16208.0,28108.0,36777.0,-52.7,1.0,10801,29209,24597
R,26,25,6,8,1,14,-50.59,50.59,33.62,0.52869,-0.6433,0.55375,zhao_uCT_match,1,608,5.0,7.0,yellow,R7,"{""R7y"": 1, ""R8y"": 1, ""Dm8a"": 1, ""Tm5a"": 1}",R8y:456264;R7y:368667,yellow,10037.0,27089.0,31328.0,16661.0,27388.0,36571.0,-51.6,2.0,10686,28614,24816
R,26,26,7,8,0,15,-55.36,55.36,35.98,0.46,-0.6658,0.58746,zhao_uCT_match,1,630,6.0,7.0,yellow,R7,"{""R7y"": 1, ""R8y"": 1, ""Dm8a"": 1, ""Tm5a"": 1}",R8y:500034;R7y:500030,yellow,10547.0,26581.0,30887.0,16917.0,26958.0,36333.0,-49.5,2.6,10213,28284,24991
R,26,27,8,8,-1,16,-60.22,60.22,38.55,0.38843,-0.67875,0.62323,zhao_uCT_match,1,652,7.0,7.0,pale?,Dm8b/Tm5b home,"{""Tm5b"": 1}",R7_unclear:222820;R8_unclear:229290,unclear,11352.0,25600.0,30665.0,17321.0,26426.0,35988.0,-48.3,5.9,10205,27418,25618
R,26,28,9,8,-2,17,-65.9,65.9,41.19,0.30727,-0.68689,0.65862,zhao_uCT_match,1,675,8.0,7.0,yellow,R7,"{""R7y"": 1, ""R8y"": 1, ""Dm8a"": 1, ""Tm5a"": 1}",R8y:247044;R7y:233162,yellow,12337.0,24618.0,30309.0,17710.0,25909.0,35721.0,-44.8,9.6,10052,27070,26225
R,26,29,10,8,-3,18,-72.04,72.04,43.64,0.22316,-0.68845,0.6901,zhao_uCT_match,1,695,9.0,7.0,yellow,R7,"{""R7y"": 1, ""R8y"": 1}",R8y:227633;R7y:209357,yellow,12878.0,23894.0,29839.0,18117.0,25269.0,35491.0,-42.8,10.1,9424,26592,26338
R,26,30,11,8,-4,19,-79.44,79.44,45.84,0.12773,-0.68484,0.71741,zhao_uCT_match,1,716,10.0,7.0,yellow,R7,"{""R7y"": 1, ""R8y"": 1}",R8y:181258;R7y:227790,yellow,13554.0,23111.0,29554.0,18485.0,24731.0,35130.0,-41.5,12.3,9110,26084,26685
R,26,31,12,8,-5,20,-87.33,87.33,47.66,0.03133,-0.67274,0.73921,zhao_uCT_match,1,734,11.0,7.0,pale,R7,"{""R7p"": 1, ""R8p"": 1}",R7p:197415;R8p:238593,pale,14339.0,21931.0,29087.0,18866.0,24122.0,34981.0,-37.5,16.4,8848,25453,26908
R,26,32,13,8,-6,21,-95.27,95.27,49.46,-0.05971,-0.64728,0.75991,zhao_uCT_match,1,753,12.0,7.0,yellow,R7,"{""R7y"": 1, ""R8y"": 1, ""Dm8a"": 1, ""Tm5a"": 1}",R8y:158506;R7y:204114,yellow,14926.0,21183.0,28708.0,19313.0,23558.0,34763.0,-35.9,17.6,8546,24925,27464
R,26,33,14,8,-7,22,-103.59,103.59,50.74,-0.14875,-0.61511,0.77428,zhao_uCT_match,1,765,13.0,7.0,yellow,R7,"{""R7y"": 1, ""R8y"": 1, ""Dm8a"": 1}",R8y:143605;R7y:125435,yellow,15569.0,20624.0,28501.0,19726.0,22903.0,34502.0,-34.7,17.3,8279,24355,28118
R,26,34,15,8,-8,23,-112.19,112.19,51.83,-0.23344,-0.57221,0.78618,zhao_uCT_match,1,779,14.0,7.0,yellow,R7,"{""R7y"": 1, ""R8y"": 1, ""Dm8a"": 1, ""Tm5a"": 1}",R8y:161335;R7y:224872,yellow,16241.0,19747.0,28337.0,20342.0,22373.0,34159.0,-35.2,20.2,8095,23829,28889
R,26,35,16,8,-9,24,-121.76,121.76,52.82,-0.31808,-0.51389,0.79671,zhao_uCT_match,1,791,15.0,7.0,pale,R7,"{""R7p"": 1, ""R8p"": 1, ""Dm8b"": 1, ""Tm5b"": 1}",R7p:171668;R8p:188018,unclear,17110.0,18871.0,28249.0,20985.0,21908.0,33754.0,-35.1,24.3,7929,23497,29724
R,26,36,17,8,-10,25,-131.98,131.98,53.35,-0.39932,-0.44375,0.80227,zhao_uCT_match,1,797,16.0,7.0,yellow,R7,"{""R7y"": 1, ""R8y"": 1, ""Dm8a"": 1, ""Tm5a"": 1}",R8y:191501;R7y:157901,yellow,18141.0,18212.0,28252.0,21592.0,21462.0,33433.0,-33.7,27.6,7775,23125,30551
R,26,37,18,8,-11,26,-144.79,144.79,52.69,-0.4952,-0.34949,0.79538,zhao_uCT_match,1,803,17.0,7.0,DRA,R7d/R8d,"{""R7d"": 1, ""R8d"": 1, ""Dm-DRA1"": 1, ""MeTu2a"": 2}",R7d:111976;R8d:95643,DRA,19098.0,17908.0,28197.0,22294.0,21047.0,32910.0,-34.1,28.9,7211,22818,31407
R,26,38,19,8,-12,27,-158.78,158.78,48.9,-0.61285,-0.23799,0.75351,zhao_uCT_match,1,796,18.0,7.0,DRA,R7d/R8d,"{""R7d"": 1, ""R8d"": 1, ""MeTu2a"": 1}",R7d:107061;R8d:108053,DRA,20111.0,17784.0,28128.0,22893.0,20676.0,32437.0,-32.8,29.4,6823,22813,32051
R,27,11,-8,9,16,1,8.48,-8.48,2.84,0.98784,0.14732,0.04959,extrapolated_local_linear,18,-1,,,unclear,,{},,unclear,6342.0,37664.0,38540.0,12013.0,35647.0,41940.0,-59.1,-17.0,,,
R,27,12,-7,9,15,2,4.06,-4.06,4.35,0.99461,0.07068,0.07589,zhao_uCT_match,1,312,-8.0,8.0,unclear,,{},,unclear,6134.0,36663.0,38304.0,12164.0,35176.0,41877.0,-59.4,-12.0,,,
R,27,13,-6,9,14,3,0.01,-0.01,7.24,0.99203,0.00018,0.12601,zhao_uCT_match,1,333,-7.0,8.0,pale?,Dm8b/Tm5b home,"{""Dm8b"": 1}",,unclear,5987.0,35999.0,37669.0,12619.0,34228.0,41660.0,-59.0,-12.9,,,
R,27,14,-5,9,13,4,-4.31,4.31,9.94,0.9822,-0.07406,0.17262,zhao_uCT_match,1,355,-6.0,8.0,yellow?,Dm8a/Tm5a home,"{""Dm8a"": 1, ""Tm5a"": 1}",,yellow,5913.0,35247.0,36996.0,12934.0,33667.0,41211.0,-59.0,-10.9,,,
R,27,15,-4,9,12,5,-8.19,8.19,12.39,0.96673,-0.13917,0.21461,zhao_uCT_match,1,378,-5.0,8.0,yellow?,Dm8a/Tm5a home,"{""Dm8a"": 1}",R7_unclear:314238106;R8_unclear:387377048,yellow,5804.0,34505.0,35981.0,13445.0,32961.0,40992.0,-56.7,-9.6,,,
R,27,16,-3,9,11,6,-11.88,11.88,14.57,0.94712,-0.19928,0.2515,zhao_uCT_match,1,402,-4.0,8.0,pale,R7,"{""R7p"": 1, ""Dm8b"": 1, ""Tm5b"": 1}",R7p:257944,unclear,5904.0,33917.0,35238.0,13580.0,32486.0,40412.0,-56.0,-8.8,,,
R,27,17,-2,9,10,7,-15.75,15.75,16.82,0.92126,-0.25984,0.28941,zhao_uCT_match,1,425,-3.0,8.0,yellow?,Dm8a/Tm5a home,"{""Dm8a"": 1, ""Tm5a"": 1}",,yellow,6254.0,32953.0,34871.0,13700.0,31622.0,40001.0,-55.4,-8.4,,,
R,27,18,-1,9,9,8,-19.71,19.71,19.22,0.88891,-0.31847,0.32926,zhao_uCT_match,1,449,-2.0,8.0,pale?,Dm8b/Tm5b home,"{""Dm8b"": 1, ""Tm5b"": 1}",,unclear,6550.0,32231.0,34178.0,13905.0,31113.0,39424.0,-54.5,-7.1,,,
R,27,19,0,9,8,9,-23.3,23.3,21.38,0.85524,-0.36827,0.36462,zhao_uCT_match,1,472,-1.0,8.0,pale?,Dm8b/Tm5b home,"{""Dm8b"": 1, ""Tm5b"": 1}",R7_unclear:500367;R8_unclear:500305,unclear,6774.0,31286.0,33667.0,14138.0,30534.0,39108.0,-53.5,-4.7,12856,31556,24155
R,27,20,1,9,7,10,-26.77,26.77,23.49,0.81882,-0.41306,0.39865,zhao_uCT_match,1,496,0.0,8.0,pale?,Dm8b/Tm5b home,"{""Tm5b"": 1}",,unclear,7141.0,30507.0,33272.0,14537.0,30004.0,38648.0,-54.0,-3.1,,,
R,27,21,2,9,6,11,-30.27,30.27,25.74,0.77795,-0.45402,0.43436,zhao_uCT_match,1,519,1.0,8.0,unclear,,{},R7_unclear:764391339;R8_unclear:121545026,unclear,7472.0,29867.0,32958.0,14828.0,29411.0,38309.0,-54.0,-2.9,,,
R,27,22,3,9,5,12,-34.08,34.08,28.07,0.73085,-0.49446,0.47049,zhao_uCT_match,1,543,2.0,8.0,pale?,Dm8b/Tm5b home,"{""Dm8b"": 1}",R7_unclear:415265;R8_unclear:313080,unclear,7943.0,28977.0,32656.0,15132.0,28755.0,38016.0,-53.3,-1.4,11948,29758,24406
R,27,23,4,9,4,13,-37.91,37.91,30.3,0.6812,-0.53046,0.50455,zhao_uCT_match,1,567,3.0,8.0,yellow?,Dm8a/Tm5a home,"{""Dm8a"": 1, ""Tm5a"": 1}",R7_unclear:500301;R8_unclear:482168,yellow,8395.0,28035.0,32369.0,15540.0,28154.0,37706.0,-53.2,0.8,11713,29188,24514
R,27,24,5,9,3,14,-42.18,42.18,32.87,0.62243,-0.56399,0.54268,zhao_uCT_match,1,591,4.0,8.0,yellow,R7,"{""R7y"": 1, ""R8y"": 1, ""Dm8a"": 1, ""Tm5a"": 1}",R8y:474155;R7y:320325,yellow,8957.0,27239.0,32038.0,15987.0,27654.0,37408.0,-52.6,2.7,11457,28587,24716
R,27,25,6,9,2,15,-46.18,46.18,35.46,0.56395,-0.58778,0.58007,zhao_uCT_match,1,613,5.0,8.0,yellow,R7,"{""R7y"": 1, ""R8y"": 1, ""Dm8a"": 1, ""Tm5a"": 1}",R8y:296129;R7y:237929,yellow,9526.0,26583.0,31713.0,16367.0,27105.0,36959.0,-52.5,3.5,11181,28018,24784
R,27,26,7,9,1,16,-50.95,50.95,38.14,0.49554,-0.61079,0.61756,zhao_uCT_match,1,637,6.0,8.0,yellow,R7,"{""R7y"": 1, ""R8y"": 1, ""Tm5a"": 1}",R8y:224304;R7y:471655,yellow,10267.0,25744.0,31555.0,16792.0,26593.0,36706.0,-51.7,5.8,10731,27691,24765
R,27,27,8,9,0,17,-55.81,55.81,41.02,0.42404,-0.6241,0.65627,zhao_uCT_match,1,658,7.0,8.0,pale,R7,"{""R7p"": 1, ""R8p"": 1, ""Dm8b"": 1, ""Tm5b"": 1}",R7p:170128;R8p:232728,pale,10993.0,24779.0,31270.0,17118.0,26050.0,36472.0,-49.7,9.0,10638,27012,25031
R,27,28,9,9,-1,18,-61.09,61.09,43.83,0.34872,-0.6315,0.69253,zhao_uCT_match,1,681,8.0,8.0,pale,R7,"{""R7p"": 1, ""R8p"": 1}",R7p:213641;R8p:166165,unclear,11762.0,24172.0,30941.0,17586.0,25492.0,36174.0,-48.1,9.6,10227,26569,25577
R,27,29,10,9,-2,19,-66.69,66.69,46.15,0.27411,-0.63624,0.72116,zhao_uCT_match,1,702,9.0,8.0,pale,R7,"{""R7p"": 1, ""R8p"": 1, ""Dm8b"": 1, ""Tm5b"": 1}",R7p:189167;R8p:229653,unclear,12587.0,23338.0,30508.0,17935.0,24899.0,35914.0,-44.7,11.6,10185,25861,26524
R,27,30,11,9,-3,20,-73.78,73.78,48.46,0.18527,-0.63668,0.74854,zhao_uCT_match,1,719,10.0,8.0,yellow,R7,"{""R7y"": 1, ""R8y"": 1, ""Dm8a"": 1, ""Tm5a"": 1}",R8y:213663;R7y:187397,yellow,13292.0,22510.0,30165.0,18402.0,24235.0,35776.0,-42.3,12.8,9634,25431,26676
R,27,31,12,9,-4,21,-81.79,81.79,50.53,0.09082,-0.62914,0.77197,zhao_uCT_match,1,739,11.0,8.0,yellow,R7,"{""R7y"": 1, ""R8y"": 1, ""Tm5a"": 1}",R8y:211491;R7y:223086,yellow,13966.0,21629.0,29750.0,18860.0,23618.0,35435.0,-40.7,14.9,9420,24900,26650
R,27,32,13,9,-5,22,-90.1,90.1,52.16,-0.00112,-0.61348,0.78971,zhao_uCT_match,1,757,12.0,8.0,pale,R7,"{""R7p"": 1, ""R8p"": 1, ""Tm5b"": 1}",R7p:198975;R8p:158650,unclear,14655.0,20663.0,29348.0,19181.0,23117.0,35273.0,-37.4,18.2,9195,24416,27186
R,27,33,14,9,-6,23,-98.58,98.58,53.92,-0.08783,-0.58235,0.80818,zhao_uCT_match,1,774,13.0,8.0,pale?,Dm8b/Tm5b home,"{""Dm8b"": 1}",R7_unclear:154851;R8_unclear:196269,unclear,15205.0,19878.0,29024.0,19610.0,22593.0,35036.0,-36.2,20.0,8826,23970,27916
R,27,34,15,9,-7,24,-108.33,108.33,55.25,-0.17929,-0.54108,0.82164,zhao_uCT_match,1,790,14.0,8.0,pale?,Dm8b/Tm5b home,"{""Tm5b"": 1}",R7_unclear:123582;R8_unclear:186718,unclear,15775.0,19155.0,28808.0,20151.0,22115.0,34737.0,-36.4,21.9,8640,23462,28552
R,27,35,16,9,-8,25,-118.06,118.06,55.9,-0.26375,-0.49473,0.82806,zhao_uCT_match,1,799,15.0,8.0,pale,R7,"{""R7p"": 1, ""R8p"": 1, ""Tm5b"": 1}",R7p:188935;R8p:182684,unclear,16519.0,18452.0,28743.0,20801.0,21620.0,34245.0,-37.9,24.4,8332,23032,29398
R,27,36,17,9,-9,26,-129.19,129.19,56.69,-0.34703,-0.42571,0.83567,zhao_uCT_match,1,809,16.0,8.0,pale?,Dm8b/Tm5b home,"{""Tm5b"": 1}",R7_unclear:177876;R8_unclear:194719,unclear,17483.0,17582.0,28785.0,21365.0,20980.0,33896.0,-37.2,27.9,8122,22675,30266
R,27,37,18,9,-10,27,-142.1,142.1,56.0,-0.4413,-0.34355,0.82899,zhao_uCT_match,1,812,17.0,8.0,yellow?,Dm8a/Tm5a home,"{""Dm8a"": 1}",R7_unclear:187172;R8_unclear:197071,pale,18458.0,17164.0,28719.0,22066.0,20601.0,33566.0,-36.7,29.6,7744,22402,31103
R,27,38,19,9,-11,28,-156.52,156.52,52.94,-0.55277,-0.24012,0.79799,zhao_uCT_match,1,811,18.0,8.0,DRA,R7d/R8d,"{""R7d"": 1, ""R8d"": 1, ""MeTu2a"": 1}",R7d:93836;R8d:97657,DRA,19423.0,16957.0,28761.0,22576.0,20364.0,33016.0,-36.5,32.8,6999,22162,31798
R,27,39,20,9,-12,29,-168.72,168.72,49.31,-0.63937,-0.12758,0.75824,extrapolated_local_linear,16,-1,,,unclear,,{},,unclear,20587.0,17242.0,28578.0,22835.0,19788.0,32839.0,-27.8,27.9,6715,22449,32387
R,28,13,-6,10,15,4,4.2,-4.2,6.73,0.99044,0.0727,0.11724,zhao_uCT_match,1,340,-7.0,9.0,unclear,,{},,unclear,6051.0,35449.0,38470.0,11762.0,34245.0,41756.0,-60.1,-10.4,,,
R,28,14,-5,10,14,5,-0.18,0.18,10.19,0.98423,-0.00301,0.17685,zhao_uCT_match,1,360,-6.0,9.0,unclear,,"{""Dm-DRA2"": 1}",,unclear,5790.0,34597.0,37802.0,12046.0,33217.0,41684.0,-58.2,-10.6,,,
R,28,15,-4,10,13,6,-4.23,4.23,13.26,0.97069,-0.07183,0.22936,zhao_uCT_match,1,385,-5.0,9.0,pale?,Dm8b/Tm5b home,"{""Dm8b"": 1}",,yellow,5685.0,33904.0,36881.0,12631.0,32548.0,41310.0,-57.5,-9.3,,,
R,28,16,-3,10,12,7,-7.64,7.64,15.88,0.95328,-0.12786,0.2737,zhao_uCT_match,1,409,-4.0,9.0,yellow?,Dm8a/Tm5a home,"{""Dm8a"": 1, ""Tm5a"": 1}",,yellow,5717.0,33137.0,36095.0,13307.0,31868.0,40925.0,-57.5,-8.0,,,
R,28,17,-2,10,11,8,-11.01,11.01,18.3,0.93196,-0.18132,0.31397,zhao_uCT_match,1,433,-3.0,9.0,yellow?,Dm8a/Tm5a home,"{""Dm8a"": 1}",,yellow,5857.0,32457.0,35427.0,13389.0,31372.0,40393.0,-56.6,-6.9,,,
R,28,18,-1,10,10,9,-14.93,14.93,20.86,0.90291,-0.24076,0.35607,zhao_uCT_match,1,459,-2.0,9.0,yellow?,Dm8a/Tm5a home,"{""Dm8a"": 1, ""Tm5a"": 1}",,yellow,6323.0,31591.0,34798.0,13680.0,30770.0,40012.0,-54.7,-5.2,,,
R,28,19,0,10,9,10,-18.48,18.48,23.26,0.87135,-0.29123,0.39488,zhao_uCT_match,1,483,-1.0,9.0,yellow?,Dm8a/Tm5a home,"{""Tm5a"": 1}",,yellow,6342.0,30684.0,34166.0,13863.0,30194.0,39621.0,-54.0,-3.0,,,
R,28,20,1,10,8,11,-22.11,22.11,25.47,0.83646,-0.33976,0.42999,zhao_uCT_match,1,506,0.0,9.0,pale?,Dm8b/Tm5b home,"{""Dm8b"": 1, ""Tm5b"": 1}",,pale,6732.0,29914.0,33793.0,14063.0,29561.0,39177.0,-53.7,-2.2,,,
R,28,21,2,10,7,12,-25.95,25.95,27.59,0.79691,-0.38789,0.46311,zhao_uCT_match,1,530,1.0,9.0,yellow,R7,"{""R7y"": 1, ""R8y"": 1, ""Dm8a"": 1, ""Tm5a"": 1}",R8y:510021779;R7y:698356129,yellow,7209.0,29107.0,33483.0,14415.0,29188.0,38785.0,-53.7,0.5,12663,29735,24285
R,28,22,3,10,6,13,-29.87,29.87,30.18,0.7496,-0.43051,0.50276,zhao_uCT_match,1,551,2.0,9.0,pale?,Dm8b/Tm5b home,"{""Dm8b"": 1, ""Tm5b"": 1}",R7_unclear:500154;R8_unclear:500248,unclear,7584.0,28323.0,33248.0,14882.0,28450.0,38536.0,-54.1,0.8,,,
R,28,23,4,10,5,14,-33.83,33.83,32.77,0.69843,-0.46817,0.54131,zhao_uCT_match,1,576,3.0,9.0,pale,R7,"{""R7p"": 1, ""R8p"": 1}",R7p:146739402;R8p:229604331,unclear,8030.0,27781.0,32829.0,15177.0,27827.0,38148.0,-53.3,0.3,11956,28565,24399
R,28,24,5,10,4,15,-37.83,37.83,35.24,0.6451,-0.50095,0.57696,zhao_uCT_match,1,598,4.0,9.0,pale,R7,"{""R7p"": 1, ""R8p"": 1, ""Dm8b"": 1}",R7p:244156;R8p:301710,pale,8711.0,26757.0,32544.0,15556.0,27235.0,37781.0,-52.6,3.2,11927,27937,24600
R,28,25,6,10,3,16,-41.57,41.57,37.86,0.59062,-0.52385,0.6138,zhao_uCT_match,1,620,5.0,9.0,pale?,Dm8b/Tm5b home,"{""Tm5b"": 1}",R7_unclear:266409;R8_unclear:500043,unclear,9217.0,25980.0,32209.0,16179.0,26745.0,37392.0,-53.3,5.0,11656,27377,24608
R,28,26,7,10,2,17,-46.06,46.06,40.43,0.52822,-0.54809,0.64852,zhao_uCT_match,1,643,6.0,9.0,pale,R7,"{""R7p"": 1, ""R8p"": 1, ""Dm8b"": 1}",R7p:500178;R8p:500031,unclear,9811.0,25250.0,31957.0,16501.0,26074.0,37129.0,-52.3,5.6,11360,26951,24844
R,28,27,8,10,1,18,-51.29,51.29,43.37,0.45459,-0.56721,0.68675,zhao_uCT_match,1,663,7.0,9.0,pale,R7,"{""R7p"": 1, ""R8p"": 1}",R7p:342123;R8p:331954,unclear,10503.0,24372.0,31785.0,16864.0,25487.0,36793.0,-51.8,7.8,11219,26342,24933
R,28,28,9,10,0,19,-56.28,56.28,46.36,0.38312,-0.57402,0.72369,zhao_uCT_match,1,687,8.0,9.0,pale?,Dm8b/Tm5b home,"{""Dm8b"": 1, ""Tm5b"": 1}",R7_unclear:161755;R8_unclear:500014,unclear,11281.0,23570.0,31451.0,17390.0,24978.0,36613.0,-49.8,10.0,10736,26139,24731
R,28,29,10,10,-1,20,-61.49,61.49,48.56,0.31594,-0.58157,0.74964,zhao_uCT_match,1,704,9.0,9.0,yellow,R7,"{""R7y"": 1, ""R8y"": 1, ""Dm8a"": 1, ""Tm5a"": 1}",R8y:228304;R7y:194466,yellow,11912.0,22948.0,31102.0,17762.0,24527.0,36365.0,-48.0,11.3,10457,25640,25019
R,28,30,11,10,-2,21,-67.96,67.96,51.11,0.23556,-0.58199,0.77833,zhao_uCT_match,1,728,10.0,9.0,yellow,R7,"{""R7y"": 1, ""R8y"": 1}",R8y:370577;R7y:218383,yellow,12703.0,22064.0,30831.0,18262.0,24001.0,36152.0,-46.3,14.1,10163,25088,25613
R,28,31,12,10,-3,22,-76.3,76.3,53.45,0.14104,-0.57858,0.80334,zhao_uCT_match,1,746,11.0,9.0,pale,R7,"{""R7p"": 1, ""R8p"": 1, ""Dm8b"": 1, ""Tm5b"": 1}",R7p:197255;R8p:200411,pale,13462.0,21277.0,30360.0,18640.0,23366.0,35969.0,-42.7,15.3,10169,24379,26189
R,28,32,13,10,-4,23,-84.94,84.94,55.42,0.05003,-0.56541,0.82329,zhao_uCT_match,1,764,12.0,9.0,yellow,R7,"{""R7y"": 1, ""R8y"": 1, ""Dm8a"": 1, ""Tm5a"": 1}",R8y:200578;R7y:230813,yellow,14199.0,20452.0,30083.0,19194.0,22668.0,35812.0,-41.1,16.3,9856,23879,27463
R,28,33,14,10,-5,24,-93.63,93.63,56.93,-0.03455,-0.54458,0.838,zhao_uCT_match,1,781,13.0,9.0,yellow,R7,"{""R7y"": 1, ""R8y"": 1, ""Dm8a"": 1, ""Tm5a"": 1}",R8y:212151;R7y:125205,yellow,14847.0,19442.0,29622.0,19698.0,22111.0,35542.0,-39.3,19.2,9617,23448,27871
R,28,34,15,10,-6,25,-103.67,103.67,58.79,-0.12242,-0.50345,0.85531,zhao_uCT_match,1,795,14.0,9.0,pale,R7,"{""R7p"": 1, ""R8p"": 1}",R7p:190237;R8p:189922,pale,15681.0,18594.0,29494.0,20088.0,21762.0,35244.0,-37.5,23.6,9184,23053,28190
R,28,35,16,10,-7,26,-114.53,114.53,59.86,-0.20847,-0.45678,0.86481,zhao_uCT_match,1,808,15.0,9.0,pale,R7,"{""R7p"": 1, ""R8p"": 1, ""Dm8b"": 1, ""Tm5a"": 1}",R7p:179617;R8p:191677,pale,16299.0,17883.0,29393.0,20623.0,21326.0,34870.0,-38.3,26.3,8700,22523,28923
R,28,36,17,10,-8,27,-125.95,125.95,60.25,-0.29136,-0.40174,0.86817,zhao_uCT_match,1,818,16.0,9.0,unclear,,{},R7_unclear:178324;R8_unclear:188807,unclear,17257.0,16965.0,29480.0,21147.0,20777.0,34517.0,-37.7,30.9,8368,22087,29873
R,28,37,18,10,-9,28,-140.06,140.06,59.73,-0.38645,-0.32357,0.86369,zhao_uCT_match,1,823,17.0,9.0,pale,R7,"{""R7p"": 1, ""R8p"": 1, ""Dm8b"": 1, ""Tm5b"": 1}",R7p:194026;R8p:205328,pale,18310.0,16482.0,29446.0,21862.0,20105.0,34178.0,-36.9,31.5,7905,21812,30639
R,28,38,19,10,-10,29,-157.25,157.25,56.53,-0.50864,-0.21324,0.83416,zhao_uCT_match,1,821,18.0,9.0,DRA,R7d/R8d,"{""R7d"": 1, ""R8d"": 1, ""Dm-DRA1"": 1, ""Dm-DRA2"": 1}",R7d:89100;R8d:81261,DRA,19179.0,16263.0,29482.0,22384.0,19790.0,33690.0,-37.3,33.7,7482,21689,31718
R,28,39,20,10,-11,30,-168.83,168.83,53.38,-0.5852,-0.11555,0.80261,extrapolated_local_linear,17,-1,,,unclear,,{},,unclear,20559.0,16662.0,29554.0,22636.0,19163.0,33278.0,-29.1,30.4,7041,21828,32356
R,29,14,-5,11,15,6,3.99,-3.99,9.62,0.98356,0.06857,0.16704,zhao_uCT_match,1,369,-6.0,10.0,unclear,,{},,unclear,5738.0,33801.0,38197.0,11278.0,32032.0,41597.0,-58.5,-15.2,,,
R,29,15,-4,11,14,7,0.05,-0.05,13.59,0.972,0.0008,0.23499,zhao_uCT_match,1,393,-5.0,10.0,unclear,,{},,unclear,5618.0,33242.0,37529.0,12016.0,32011.0,41565.0,-57.8,-9.2,,,
R,29,16,-3,11,13,8,-3.39,3.39,16.69,0.95621,-0.05664,0.28713,zhao_uCT_match,1,417,-4.0,10.0,yellow?,Dm8a/Tm5a home,"{""Dm8a"": 2, ""Tm5a"": 1}",,yellow,5700.0,32443.0,36846.0,12512.0,31464.0,41210.0,-57.4,-6.9,,,
R,29,17,-2,11,12,9,-6.5,6.5,19.46,0.93678,-0.10678,0.33323,zhao_uCT_match,1,438,-3.0,10.0,pale?,Dm8b/Tm5b home,"{""Dm8b"": 1, ""Tm5b"": 1}",R7_unclear:564794;R8_unclear:165047904,unclear,5953.0,31565.0,36228.0,12848.0,30761.0,40756.0,-56.7,-5.6,,,
R,29,18,-1,11,11,10,-9.88,9.88,22.0,0.91342,-0.15915,0.37461,zhao_uCT_match,1,465,-2.0,10.0,yellow?,Dm8a/Tm5a home,"{""Tm5a"": 1}",R7_unclear:500207;R8_unclear:500365,yellow,5945.0,30939.0,35414.0,13234.0,30311.0,40414.0,-55.6,-4.1,,,
R,29,19,0,11,10,11,-13.31,13.31,24.38,0.88634,-0.20976,0.41279,zhao_uCT_match,1,486,-1.0,10.0,pale?,Dm8b/Tm5b home,"{""Dm8b"": 1, ""Tm5b"": 1}",,unclear,6217.0,30114.0,34954.0,13641.0,29688.0,40054.0,-55.5,-2.7,13586,30621,24266
R,29,20,1,11,9,12,-16.94,16.94,26.86,0.85339,-0.26,0.45181,zhao_uCT_match,1,511,0.0,10.0,yellow?,Dm8a/Tm5a home,"{""Dm8a"": 1, ""Tm5a"": 1}",,yellow,6445.0,29284.0,34515.0,13884.0,29141.0,39720.0,-55.0,-0.9,13396,29880,24052
R,29,21,2,11,8,13,-21.02,21.02,29.34,0.81371,-0.31267,0.49002,zhao_uCT_match,1,535,1.0,10.0,yellow,R7,"{""R7y"": 1, ""R8y"": 1, ""Dm8a"": 1, ""Tm5a"": 1}",R8y:117364558;R7y:117698645,yellow,6884.0,28481.0,34078.0,14186.0,28583.0,39232.0,-54.8,0.7,,,
R,29,22,3,11,7,14,-25.28,25.28,31.77,0.76874,-0.36313,0.52648,zhao_uCT_match,1,559,2.0,10.0,unclear,,{},R7_unclear:500369;R8_unclear:500325,pale,7362.0,27691.0,33740.0,14565.0,27986.0,38856.0,-54.6,1.9,13168,28509,24305
R,29,23,4,11,6,15,-29.1,29.1,34.68,0.7185,-0.39993,0.56905,zhao_uCT_match,1,582,3.0,10.0,pale?,Dm8b/Tm5b home,"{""Dm8b"": 1}",R7_unclear:500313;R8_unclear:500198,unclear,7909.0,26963.0,33408.0,14907.0,27433.0,38656.0,-53.1,3.1,12932,27942,24394
R,29,24,5,11,5,16,-32.86,32.86,37.43,0.66705,-0.43081,0.60782,zhao_uCT_match,1,606,4.0,10.0,pale,R7,"{""R7p"": 1, ""R8p"": 1, ""Tm5b"": 1}",R7p:500205;R8p:500278,pale,8489.0,26017.0,33077.0,15338.0,26817.0,38184.0,-53.3,5.3,12691,27292,24600
R,29,25,6,11,4,17,-36.48,36.48,40.13,0.6148,-0.45453,0.64453,zhao_uCT_match,1,627,5.0,10.0,yellow,R7,"{""R7y"": 1, ""R8y"": 1, ""Dm8a"": 1, ""Tm5a"": 1}",R8y:500056;R7y:323053,yellow,9032.0,25324.0,32747.0,15709.0,26306.0,37834.0,-52.7,6.7,12505,26837,24653
R,29,26,7,11,3,18,-40.31,40.31,42.79,0.55964,-0.47474,0.67929,zhao_uCT_match,1,651,6.0,10.0,pale,R7,"{""R7p"": 1, ""R8p"": 1, ""Tm5b"": 1}",R7p:261747;R8p:500084,unclear,9545.0,24723.0,32564.0,16236.0,25743.0,37460.0,-53.8,7.0,11924,26473,24647
R,29,27,8,11,2,19,-45.24,45.24,45.55,0.49313,-0.49724,0.71385,zhao_uCT_match,1,672,7.0,10.0,yellow,R7,"{""R7y"": 1, ""R8y"": 1, ""Dm8a"": 1, ""Tm5a"": 1}",R8y:231179;R7y:292488,yellow,10229.0,23880.0,32268.0,16719.0,25196.0,37204.0,-52.7,9.2,11893,25904,24975
R,29,28,9,11,1,20,-50.52,50.52,48.37,0.42234,-0.51273,0.74749,zhao_uCT_match,1,694,8.0,10.0,yellow,R7,"{""R7y"": 1, ""R8y"": 1, ""Dm8a"": 1, ""Tm5a"": 1}",R8y:246727;R7y:205833,yellow,10920.0,23024.0,31985.0,17122.0,24544.0,36886.0,-51.7,10.9,11527,25586,24449
R,29,29,10,11,0,21,-55.82,55.82,51.11,0.35267,-0.51936,0.77839,zhao_uCT_match,1,714,9.0,10.0,yellow,R7,"{""R7y"": 1, ""R8y"": 1, ""Tm5a"": 1}",R8y:231360;R7y:199908,yellow,11719.0,22301.0,31638.0,17651.0,24064.0,36700.0,-49.5,12.7,11175,25169,24889
R,29,30,11,11,-1,22,-61.86,61.86,53.58,0.27998,-0.52358,0.80466,zhao_uCT_match,1,733,10.0,10.0,yellow,R7,"{""R7y"": 1, ""R8y"": 1}",R8y:225702;R7y:52606,yellow,12436.0,21561.0,31327.0,18097.0,23611.0,36545.0,-47.3,14.9,10930,24607,25358
R,29,31,12,11,-2,23,-69.88,69.88,56.12,0.19179,-0.52341,0.83021,zhao_uCT_match,1,754,11.0,10.0,yellow,R7,"{""R7y"": 1, ""R8y"": 1, ""Dm8a"": 1, ""Tm5a"": 1}",R8y:223853;R7y:214580,yellow,13111.0,20674.0,30966.0,18629.0,22969.0,36278.0,-46.1,16.7,10776,24014,25686
R,29,32,13,11,-3,24,-78.51,78.51,58.17,0.10507,-0.51682,0.84962,zhao_uCT_match,1,771,12.0,10.0,yellow,R7,"{""R7y"": 1, ""R8y"": 1}",R8y:228330;R7y:201627,yellow,13931.0,19944.0,30771.0,19016.0,22496.0,36182.0,-43.2,19.0,10339,23552,26439
R,29,33,14,11,-4,25,-88.05,88.05,60.18,0.01691,-0.49699,0.86759,zhao_uCT_match,1,786,13.0,10.0,pale,R7,"{""R7p"": 1, ""R8p"": 1}",R7p:270069;R8p:209900,pale,14613.0,19113.0,30328.0,19639.0,21718.0,35974.0,-41.7,19.0,10221,22956,27213
R,29,34,15,11,-5,26,-99.03,99.03,62.11,-0.07341,-0.46201,0.88383,zhao_uCT_match,1,802,14.0,10.0,yellow,R7,"{""R7y"": 1, ""R8y"": 1}",R8y:216510;R7y:193337,yellow,15472.0,18180.0,30152.0,20075.0,21270.0,35732.0,-39.5,23.1,9914,22567,27832
R,29,35,16,11,-6,27,-110.26,110.26,63.49,-0.15455,-0.41871,0.89487,zhao_uCT_match,1,815,15.0,10.0,yellow,R7,"{""R7y"": 1, ""R8y"": 1, ""Tm5b"": 1}",R8y:201624;R7y:198232,yellow,16094.0,17292.0,30134.0,20518.0,20907.0,35421.0,-39.9,27.7,9306,22174,28650
R,29,36,17,11,-7,28,-122.96,122.96,64.04,-0.23817,-0.36725,0.89911,zhao_uCT_match,1,825,16.0,10.0,pale,R7,"{""R7p"": 1, ""R8p"": 1}",R7p:193919;R8p:204088,pale,16889.0,16410.0,30063.0,21048.0,20385.0,35128.0,-39.4,31.2,9729,21793,29957
R,29,37,18,11,-8,29,-138.16,138.16,63.71,-0.33001,-0.29552,0.89653,zhao_uCT_match,1,832,17.0,10.0,unclear,,{},R7_unclear:221922;R8_unclear:212536,unclear,17808.0,15842.0,29981.0,21640.0,19872.0,34735.0,-38.9,33.4,8165,21203,30401
R,29,38,19,11,-9,30,-154.62,154.62,61.45,-0.43186,-0.20489,0.87836,zhao_uCT_match,1,833,18.0,10.0,DRA,R7d/R8d,"{""R7d"": 1, ""R8d"": 1, ""Dm-DRA1"": 1}",R7d:137307;R8d:43170,DRA,18976.0,15737.0,30123.0,22104.0,19548.0,34527.0,-35.4,35.2,7690,21233,31268
R,29,39,20,11,-10,31,-169.69,169.69,57.64,-0.52658,-0.09582,0.84471,extrapolated_local_linear,18,-1,,,unclear,,{},,unclear,20201.0,15880.0,30084.0,22490.0,19041.0,34070.0,-29.9,34.5,7166,20959,32147
R,30,15,-4,12,15,8,4.35,-4.35,13.47,0.96968,0.07381,0.23295,zhao_uCT_match,1,399,-5.0,11.0,unclear,,{},,unclear,5734.0,32358.0,37971.0,11419.0,31145.0,41565.0,-57.7,-10.2,,,
R,30,16,-3,12,14,9,0.99,-0.99,17.3,0.95463,0.01656,0.29735,zhao_uCT_match,1,423,-4.0,11.0,unclear,,{},,unclear,5670.0,31797.0,37530.0,12077.0,30898.0,41559.0,-57.8,-6.8,,,
R,30,17,-2,12,13,10,-2.11,2.11,20.23,0.93765,-0.03461,0.34586,zhao_uCT_match,1,448,-3.0,11.0,yellow?,Dm8a/Tm5a home,"{""Dm8a"": 1, ""Tm5a"": 1}",,yellow,5691.0,30853.0,36881.0,12291.0,30375.0,41253.0,-56.5,-3.5,,,
R,30,18,-1,12,12,11,-5.29,5.29,22.95,0.91691,-0.08494,0.38994,zhao_uCT_match,1,470,-2.0,11.0,pale?,Dm8b/Tm5b home,"{""Dm8b"": 1}",R7_unclear:518995;R8_unclear:500396,unclear,5828.0,30090.0,36196.0,12849.0,29776.0,41002.0,-55.6,-2.1,,,
R,30,19,0,12,11,12,-8.61,8.61,25.42,0.89301,-0.13522,0.42925,zhao_uCT_match,1,494,-1.0,11.0,unclear,,{},R7_unclear:500380;R8_unclear:106150728,unclear,5985.0,29406.0,35656.0,13037.0,29412.0,40503.0,-55.5,0.0,13904,29857,23959
R,30,20,1,12,10,13,-11.79,11.79,27.89,0.86522,-0.18064,0.46772,zhao_uCT_match,1,517,0.0,11.0,unclear,,{},,yellow,6264.0,28624.0,35129.0,13517.0,28847.0,40175.0,-55.2,1.4,13810,29132,24126
R,30,21,2,12,9,14,-15.55,15.55,30.39,0.83103,-0.23125,0.50588,zhao_uCT_match,1,541,1.0,11.0,pale?,Dm8b/Tm5b home,"{""Dm8b"": 1}",,unclear,6760.0,27891.0,34756.0,13908.0,28213.0,39731.0,-55.2,2.1,13888,28445,24122
R,30,22,3,12,8,15,-19.65,19.65,32.75,0.79203,-0.28283,0.54101,zhao_uCT_match,1,564,2.0,11.0,yellow?,Dm8a/Tm5a home,"{""Dm8a"": 1, ""Tm5a"": 1}",,yellow,7043.0,26965.0,34325.0,14221.0,27572.0,39385.0,-54.8,4.0,13658,27868,24206
R,30,23,4,12,7,16,-23.56,23.56,35.71,0.74428,-0.32458,0.58369,zhao_uCT_match,1,588,3.0,11.0,unclear,,"{""Tm5a"": 1, ""Tm5b"": 1}",R7_unclear:500322;R8_unclear:113685261,yellow,7574.0,26392.0,34009.0,14554.0,27027.0,38986.0,-54.5,4.2,13493,27305,24457
R,30,24,5,12,6,17,-27.43,27.43,38.95,0.69027,-0.35824,0.62864,zhao_uCT_match,1,610,4.0,11.0,unclear,,{},R7_unclear:101197072;R8_unclear:500308,unclear,8176.0,25660.0,33709.0,15103.0,26447.0,38629.0,-54.6,5.3,13260,26747,24490
R,30,25,6,12,5,18,-31.25,31.25,41.96,0.63568,-0.38577,0.66865,zhao_uCT_match,1,634,5.0,11.0,yellow,R7,"{""R7y"": 1, ""R8y"": 1, ""Dm8a"": 1, ""Tm5a"": 1}",R8y:234695;R7y:453549,yellow,8772.0,24812.0,33408.0,15557.0,25773.0,38282.0,-54.3,6.6,12811,26338,24763
R,30,26,7,12,4,19,-34.95,34.95,44.77,0.58191,-0.4067,0.70426,zhao_uCT_match,1,654,6.0,11.0,pale?,Dm8b/Tm5b home,"{""Dm8b"": 1, ""Tm5b"": 1}",R7_unclear:500275;R8_unclear:500240,unclear,9293.0,24047.0,33084.0,15920.0,25391.0,37972.0,-53.6,9.3,12911,25866,24896
R,30,27,8,12,3,20,-38.83,38.83,47.45,0.52678,-0.42398,0.73671,zhao_uCT_match,1,677,7.0,11.0,pale,R7,"{""R7p"": 1, ""R8p"": 1}",R7p:552718;R8p:264266,pale,9872.0,23420.0,32741.0,16456.0,24845.0,37589.0,-53.6,9.9,12752,25324,25107
R,30,28,9,12,2,21,-44.03,44.03,50.24,0.45979,-0.44449,0.76878,zhao_uCT_match,1,697,8.0,11.0,pale,R7,"{""R7p"": 1, ""R8p"": 1, ""Dm8b"": 1}",R7p:205785;R8p:500042,pale,10556.0,22680.0,32507.0,17008.0,24348.0,37358.0,-53.1,11.7,12016,25123,25080
R,30,29,10,12,1,22,-49.63,49.63,53.16,0.38836,-0.45679,0.80033,zhao_uCT_match,1,718,9.0,11.0,yellow,R7,"{""R7y"": 1, ""R8y"": 1, ""Dm8a"": 1}",R8y:159592;R7y:373494,yellow,11215.0,21892.0,32231.0,17477.0,23638.0,37216.0,-51.5,12.3,11765,24745,24895
R,30,30,11,12,0,23,-55.59,55.59,55.89,0.31694,-0.4627,0.82792,zhao_uCT_match,1,737,10.0,11.0,pale?,Dm8b/Tm5b home,"{""Dm8b"": 1, ""Tm5b"": 1}",R7_unclear:200773;R8_unclear:168576,unclear,11992.0,21224.0,31896.0,17863.0,23197.0,36932.0,-49.4,14.3,11689,24185,25037
R,30,31,12,12,-1,24,-63.22,63.22,58.59,0.23479,-0.46527,0.85346,zhao_uCT_match,1,755,11.0,11.0,yellow,R7,"{""R7y"": 1, ""R8y"": 1, ""Dm8a"": 1, ""Tm5a"": 1}",R8y:221430;R7y:223747,yellow,12556.0,20256.0,31602.0,18308.0,22690.0,36745.0,-48.2,17.5,11490,23577,25524
R,30,32,13,12,-2,25,-71.39,71.39,60.83,0.15554,-0.46198,0.87314,zhao_uCT_match,1,775,12.0,11.0,pale,R7,"{""R7p"": 1, ""R8p"": 1, ""Dm8b"": 1, ""Tm5b"": 1}",R7p:176714;R8p:161557,pale,13367.0,19453.0,31215.0,18959.0,22104.0,36569.0,-46.2,18.9,11199,23034,26108
R,30,33,14,12,-3,26,-80.9,80.9,63.25,0.07117,-0.44445,0.89297,zhao_uCT_match,1,792,13.0,11.0,yellow,R7,"{""R7y"": 1, ""R8y"": 1, ""Dm8a"": 1, ""Tm5a"": 1}",R8y:104861;R7y:228767,yellow,14205.0,18646.0,30999.0,19431.0,21504.0,36450.0,-43.8,20.7,10807,22510,26505
R,30,34,15,12,-4,27,-93.63,93.63,65.6,-0.02617,-0.41233,0.91066,zhao_uCT_match,1,807,14.0,11.0,pale,R7,"{""R7p"": 1, ""R8p"": 1, ""Dm8b"": 1, ""Tm5b"": 1}",R7p:207779;R8p:208194,pale,15046.0,17841.0,30805.0,19965.0,20996.0,36200.0,-42.4,23.4,10317,21992,27390
R,30,35,16,12,-5,28,-107.16,107.16,67.14,-0.11459,-0.37113,0.92148,zhao_uCT_match,1,820,15.0,11.0,yellow,R7,"{""R7y"": 1, ""R8y"": 1, ""Dm8a"": 1, ""Tm5a"": 1}",R8y:200456;R7y:196858,yellow,15857.0,16702.0,30650.0,20414.0,20465.0,35876.0,-41.1,28.5,9956,21536,28710
R,30,36,17,12,-6,29,-120.46,120.46,67.81,-0.19142,-0.32553,0.92595,zhao_uCT_match,1,831,16.0,11.0,pale?,Dm8b/Tm5b home,"{""Tm5b"": 1}",R7_unclear:244510;R8_unclear:208533,unclear,16690.0,15850.0,30664.0,21011.0,19960.0,35617.0,-41.1,32.0,9623,21141,30149
R,30,37,18,12,-7,30,-137.11,137.11,67.68,-0.2782,-0.25842,0.92511,zhao_uCT_match,1,837,17.0,11.0,DRA,R7d/R8d,"{""R7d"": 1, ""R8d"": 1, ""Dm-DRA1"": 1}",R7d:55945;R8d:158414,DRA,17732.0,15394.0,30733.0,21457.0,19536.0,35254.0,-39.5,35.3,8391,20569,30408
R,30,38,19,12,-8,31,-155.45,155.45,65.72,-0.37401,-0.17081,0.91156,zhao_uCT_match,1,840,18.0,11.0,DRA,R7d/R8d,"{""R7d"": 1, ""R8d"": 1, ""Dm-DRA1"": 1, ""Dm-DRA2"": 1, ""MeTu2a"": 3}",R7d:60232;R8d:56477,DRA,18781.0,15137.0,30949.0,21905.0,19057.0,34996.0,-37.7,37.5,7817,20560,31261
R,30,39,20,12,-9,32,-172.25,172.25,62.21,-0.46196,-0.06286,0.88467,zhao_uCT_match,1,834,19.0,11.0,unclear,,{},,unclear,19756.0,15334.0,30984.0,22234.0,18507.0,34788.0,-33.1,35.0,7442,20384,32074
R,31,16,-3,13,15,10,6.24,-6.24,18.39,0.94331,0.10307,0.31552,zhao_uCT_match,1,428,-4.0,12.0,unclear,,{},,unclear,5687.0,31275.0,38013.0,11309.0,30391.0,41563.0,-57.7,-7.6,,,
R,31,17,-2,13,14,11,2.2,-2.2,21.19,0.9317,0.03573,0.36146,zhao_uCT_match,1,452,-3.0,12.0,DRA,R7d/R8d,"{""R7d"": 1, ""R8d"": 1, ""Dm-DRA1"": 1, ""MeTu2a"": 1}",R7d:967550825;R8d:733559283,DRA,5726.0,30308.0,37665.0,11719.0,29858.0,41530.0,-57.2,-3.6,16102,30670,22189
R,31,18,-1,13,13,12,-0.12,0.12,23.47,0.91727,-0.0019,0.39826,zhao_uCT_match,1,476,-2.0,12.0,unclear,,"{""Dm-DRA1"": 1, ""MeTu2a"": 1}",,unclear,5827.0,29611.0,37102.0,12194.0,29340.0,41308.0,-56.6,-2.0,15947,30182,22096
R,31,19,0,13,12,13,-3.44,3.44,26.03,0.8969,-0.05398,0.43892,zhao_uCT_match,1,499,-1.0,12.0,pale?,Dm8b/Tm5b home,"{""Dm8b"": 1, ""Tm5b"": 1}",,pale,5848.0,28795.0,36476.0,12632.0,28752.0,40981.0,-56.4,-0.3,14444,29429,23913
R,31,20,1,13,11,14,-7.08,7.08,28.63,0.871,-0.10819,0.47922,zhao_uCT_match,1,523,0.0,12.0,yellow?,Dm8a/Tm5a home,"{""Dm8a"": 1, ""Tm5a"": 1}",R7R8_unclear:500013,yellow,6167.0,28180.0,35847.0,12928.0,28311.0,40539.0,-55.2,0.9,15628,28911,22134
R,31,21,2,13,10,15,-10.31,10.31,31.04,0.84301,-0.15336,0.51557,zhao_uCT_match,1,545,1.0,12.0,yellow,R7,"{""R7y"": 1, ""R8y"": 1, ""Tm5a"": 1}",R8y:525678;R7y:565157,yellow,6401.0,27309.0,35270.0,13442.0,27809.0,40240.0,-54.8,3.3,14866,28144,23277
R,31,22,3,13,9,16,-14.12,14.12,33.91,0.80487,-0.20251,0.55783,zhao_uCT_match,1,569,2.0,12.0,pale?,Dm8b/Tm5b home,"{""Tm5b"": 1}",R7_unclear:123539461;R8_unclear:126591604,unclear,6852.0,26535.0,35163.0,13852.0,27175.0,39848.0,-56.2,4.3,14162,27394,24273
R,31,23,4,13,8,17,-17.83,17.83,36.85,0.76177,-0.24503,0.59972,zhao_uCT_match,1,593,3.0,12.0,pale?,Dm8b/Tm5b home,"{""Dm8b"": 1}",,pale,7448.0,25791.0,34843.0,14310.0,26563.0,39478.0,-56.0,5.3,13996,26725,24220
R,31,24,5,13,7,18,-21.47,21.47,40.0,0.71285,-0.28036,0.64284,zhao_uCT_match,1,614,4.0,12.0,pale?,Dm8b/Tm5b home,"{""Dm8b"": 1, ""Tm5b"": 1}",R7_unclear:500177;R8_unclear:500158,yellow,7919.0,25115.0,34439.0,14750.0,26049.0,39080.0,-55.8,6.5,13728,26226,24420
R,31,25,6,13,6,19,-25.22,25.22,43.07,0.66088,-0.31124,0.68291,zhao_uCT_match,1,636,5.0,12.0,yellow,R7,"{""R7y"": 1, ""Dm8a"": 1, ""Tm5a"": 1}",R7y:500242;R8_unclear:500130,yellow,8478.0,24352.0,33970.0,15248.0,25453.0,38737.0,-54.8,7.6,13737,25638,24606
R,31,26,7,13,5,20,-29.21,29.21,46.26,0.60347,-0.33742,0.72247,zhao_uCT_match,1,659,6.0,12.0,pale?,Dm8b/Tm5b home,"{""Tm5b"": 1}",R7_unclear:378897;R8_unclear:500060,unclear,9102.0,23503.0,33632.0,15712.0,25053.0,38527.0,-53.5,10.7,13384,25188,24762
R,31,27,8,13,4,21,-33.42,33.42,49.82,0.53853,-0.35536,0.76401,zhao_uCT_match,1,680,7.0,12.0,unclear,,{},R7_unclear:500071;R8_unclear:489737,unclear,9685.0,22883.0,33277.0,16135.0,24455.0,38122.0,-53.1,11.0,13289,24679,24575
R,31,28,9,13,3,22,-38.04,38.04,52.59,0.47847,-0.37438,0.79429,zhao_uCT_match,1,701,8.0,12.0,yellow,R7,"{""R7y"": 1, ""R8y"": 1, ""Dm8a"": 1, ""Tm5a"": 1}",R8y:226089;R7y:293361,yellow,10201.0,22161.0,33062.0,16700.0,23870.0,37774.0,-54.1,12.0,12627,24605,24877
R,31,29,10,13,2,23,-43.56,43.56,55.43,0.41115,-0.39104,0.82343,zhao_uCT_match,1,720,9.0,12.0,yellow,R7,"{""R7y"": 1, ""R8y"": 1, ""Tm5b"": 1}",R8y:274366;R7y:284176,yellow,10936.0,21493.0,32716.0,17180.0,23449.0,37591.0,-52.0,13.9,12616,24089,24793
R,31,30,11,13,1,24,-49.14,49.14,58.28,0.34394,-0.39768,0.85062,zhao_uCT_match,1,742,10.0,12.0,yellow,R7,"{""R7y"": 1, ""R8y"": 1, ""Tm5a"": 1}",R8y:230756;R7y:349549,yellow,11729.0,20658.0,32465.0,17732.0,22984.0,37430.0,-50.4,16.6,12204,23476,25520
R,31,31,12,13,0,25,-55.7,55.7,61.15,0.27187,-0.39856,0.87592,zhao_uCT_match,1,760,11.0,12.0,yellow,R7,"{""R7y"": 1, ""R8y"": 1, ""Dm8a"": 1, ""Tm5a"": 1}",R8y:265464;R7y:200437,yellow,12354.0,19822.0,32225.0,18344.0,22297.0,37210.0,-50.2,17.6,12351,22949,25285
R,31,32,13,13,-1,26,-64.46,64.46,63.87,0.18993,-0.3974,0.89777,zhao_uCT_match,1,777,12.0,12.0,pale,R7,"{""R7p"": 1, ""R8p"": 1, ""Tm5b"": 1}",R7p:184747;R8p:182865,pale,13266.0,18897.0,31987.0,18797.0,21711.0,37001.0,-47.8,20.7,11773,22412,26199
R,31,33,14,13,-2,27,-73.84,73.84,66.69,0.1101,-0.38006,0.91838,zhao_uCT_match,1,794,13.0,12.0,yellow,R7,"{""R7y"": 1, ""R8y"": 1, ""Tm5a"": 1}",R8y:26388;R7y:154574,yellow,13954.0,18247.0,31600.0,19215.0,21175.0,36847.0,-45.1,21.5,11240,22043,26757
R,31,34,15,13,-3,28,-86.59,86.59,69.29,0.02104,-0.35293,0.93541,zhao_uCT_match,1,810,14.0,12.0,pale?,Dm8b/Tm5b home,"{""Tm5b"": 1}",R7_unclear:95584;R8_unclear:40328,unclear,14879.0,17133.0,31468.0,19860.0,20673.0,36706.0,-43.6,26.1,10974,21471,27271
R,31,35,16,13,-4,29,-103.27,103.27,71.28,-0.07363,-0.31234,0.94711,zhao_uCT_match,1,824,15.0,12.0,pale,R7,"{""R7p"": 1, ""R8p"": 1, ""Dm8b"": 1}",R7p:113318;R8p:193711,pale,15706.0,16491.0,31291.0,20317.0,20209.0,36430.0,-41.9,28.3,10445,20890,28006
R,31,36,17,13,-5,30,-120.65,120.65,72.17,-0.15611,-0.26344,0.95196,zhao_uCT_match,1,835,16.0,12.0,yellow,R7,"{""R7y"": 1, ""R8y"": 1, ""Dm8a"": 1, ""Tm5a"": 1}",R8y:209922;R7y:202348,yellow,16484.0,15742.0,31426.0,20941.0,19513.0,36029.0,-44.1,30.5,9792,20548,29042
R,31,37,18,13,-6,31,-138.24,138.24,71.9,-0.23174,-0.20689,0.95052,zhao_uCT_match,1,844,17.0,12.0,DRA,R7d/R8d,"{""R7d"": 1, ""R8d"": 1, ""Dm-DRA1"": 1, ""MeTu2a"": 2}",R7d:109362;R8d:179782,DRA,17526.0,15091.0,31454.0,21436.0,19115.0,35720.0,-42.5,34.8,8648,20139,30506
R,31,38,19,13,-7,32,-158.5,158.5,69.76,-0.32195,-0.12683,0.93822,zhao_uCT_match,1,845,18.0,12.0,DRA,R7d/R8d,"{""R7d"": 1, ""R8d"": 1}",R7d:168042;R8d:96906,DRA,18311.0,14749.0,31685.0,21818.0,18595.0,35463.0,-42.9,36.7,8459,19752,31108
R,31,39,20,13,-8,33,-175.55,175.55,64.76,-0.42507,-0.03309,0.90455,zhao_uCT_match,1,843,19.0,12.0,unclear,,{},,unclear,19336.0,14918.0,31859.0,21990.0,18194.0,35246.0,-38.1,37.3,7927,20010,31645
R,32,18,-1,14,14,13,5.76,-5.76,24.48,0.90553,0.09131,0.41434,zhao_uCT_match,1,482,-2.0,13.0,unclear,,{},,unclear,5792.0,29204.0,37765.0,11583.0,29219.0,41435.0,-57.6,0.1,16168,29946,22344
R,32,19,0,14,13,14,3.07,-3.07,25.28,0.90291,0.04838,0.4271,zhao_uCT_match,1,502,-1.0,13.0,unclear,,"{""Dm-DRA2"": 1, ""MeTu2a"": 1}",,unclear,6017.0,28353.0,37255.0,11994.0,28404.0,41249.0,-56.2,0.4,15947,29332,22584
R,32,20,1,14,12,15,-1.11,1.11,28.96,0.8748,-0.01689,0.4842,zhao_uCT_match,1,528,0.0,13.0,unclear,,{},R7R8_unclear:500226;R7R8_unclear:500142,unclear,6112.0,27557.0,36666.0,12690.0,27869.0,41044.0,-56.4,2.3,16061,28655,22370
R,32,21,2,14,11,16,-4.81,4.81,31.75,0.84739,-0.07125,0.52616,zhao_uCT_match,1,549,1.0,13.0,unclear,,{},,yellow,6314.0,26778.0,36131.0,13058.0,27268.0,40526.0,-56.9,3.5,15870,27919,22497
R,32,22,3,14,10,17,-8.31,8.31,34.68,0.81369,-0.1188,0.56903,zhao_uCT_match,1,574,2.0,13.0,unclear,,{},,yellow,6837.0,25855.0,35848.0,13530.0,26655.0,40269.0,-56.6,5.7,15683,27398,22364
R,32,23,4,14,9,18,-11.97,11.97,37.88,0.7721,-0.16375,0.61405,zhao_uCT_match,1,596,3.0,13.0,yellow?,Dm8a/Tm5a home,"{""Tm5a"": 1}",,yellow,7264.0,25094.0,35576.0,14111.0,26052.0,39880.0,-57.8,6.8,15350,26757,22726
R,32,24,5,14,8,19,-15.57,15.57,41.25,0.72428,-0.20182,0.65931,zhao_uCT_match,1,619,4.0,13.0,yellow,R7,"{""R7y"": 1, ""R8y"": 1, ""Tm5a"": 1}",R8y:555140;R7y:555144,yellow,7823.0,24564.0,35002.0,14493.0,25599.0,39409.0,-56.5,7.4,14976,26106,23195
R,32,25,6,14,7,20,-19.1,19.1,44.29,0.67641,-0.23423,0.69829,zhao_uCT_match,1,640,5.0,13.0,unclear,,{},R7_unclear:500139;R8_unclear:409910,unclear,8301.0,23841.0,34599.0,14986.0,25143.0,39241.0,-55.2,9.1,14268,25296,24596
R,32,26,7,14,6,21,-22.88,22.88,47.51,0.62229,-0.26267,0.7374,zhao_uCT_match,1,662,6.0,13.0,yellow,R7,"{""R7y"": 1, ""R8y"": 1, ""Dm8a"": 1}",R8y:500087;R7y:230573,yellow,8849.0,23105.0,34277.0,15370.0,24617.0,38958.0,-54.3,10.7,13966,24804,24589
R,32,27,8,14,5,22,-26.83,26.83,51.12,0.56009,-0.28335,0.77847,zhao_uCT_match,1,682,7.0,13.0,pale?,Dm8b/Tm5b home,"{""Tm5b"": 1}",R7_unclear:500075;R8_unclear:247925,pale,9501.0,22349.0,33876.0,15951.0,24045.0,38618.0,-53.7,12.0,13850,24174,24740
R,32,28,9,14,4,23,-31.48,31.48,54.59,0.49419,-0.30257,0.815,zhao_uCT_match,1,703,8.0,13.0,pale,R7,"{""R7p"": 1, ""R8p"": 1, ""Dm8b"": 1}",R7p:500108;R8p:234727,unclear,10100.0,21649.0,33643.0,16455.0,23611.0,38239.0,-54.1,14.0,13249,24031,24773
R,32,29,10,14,3,24,-36.89,36.89,57.73,0.42708,-0.32053,0.8455,zhao_uCT_match,1,724,9.0,13.0,yellow,R7,"{""R7y"": 1, ""R8y"": 1, ""Dm8a"": 1, ""Tm5a"": 1}",R8y:254418;R7y:237646,yellow,10850.0,20954.0,33318.0,16954.0,22909.0,38103.0,-51.9,14.1,13256,23472,24794
R,32,30,11,14,2,25,-42.77,42.77,60.41,0.36249,-0.3353,0.86958,zhao_uCT_match,1,745,10.0,13.0,unclear,,{},R7_unclear:245079;R8_unclear:248552,unclear,11477.0,20093.0,33091.0,17453.0,22486.0,37809.0,-51.7,17.4,13189,22895,25264
R,32,31,12,14,1,26,-47.97,47.97,63.13,0.30257,-0.33569,0.89205,zhao_uCT_match,1,763,11.0,13.0,pale,R7,"{""R7p"": 1, ""R8p"": 1, ""Tm5b"": 1}",R7p:244506;R8p:217533,pale,12212.0,19318.0,32783.0,18101.0,21991.0,37626.0,-50.6,19.3,13046,22379,25043
R,32,32,13,14,0,27,-54.73,54.73,66.14,0.23354,-0.33026,0.91454,zhao_uCT_match,1,782,12.0,13.0,yellow,R7,"{""R7y"": 1, ""R8y"": 1, ""Tm5a"": 1}",R8y:223181;R7y:233046,yellow,12946.0,18663.0,32567.0,18536.0,21460.0,37490.0,-48.6,20.6,12484,21896,25837
R,32,33,14,14,-1,28,-65.12,65.12,69.65,0.14631,-0.31552,0.93757,zhao_uCT_match,1,798,13.0,13.0,pale,R7,"{""R7p"": 1, ""R8p"": 1, ""Dm8b"": 1}",R7p:237321;R8p:277197,pale,13798.0,17579.0,32289.0,19241.0,20868.0,37339.0,-47.1,23.9,12052,21332,26504
R,32,34,15,14,-2,29,-78.03,78.03,72.69,0.06172,-0.2911,0.9547,zhao_uCT_match,1,813,14.0,13.0,unclear,,{},R7_unclear:142122;R8_unclear:175115,unclear,14612.0,16777.0,32087.0,19659.0,20358.0,37132.0,-45.0,26.6,11272,20929,27663
R,32,35,16,14,-3,30,-96.33,96.33,75.13,-0.02829,-0.25499,0.96653,zhao_uCT_match,1,826,15.0,13.0,yellow,R7,"{""R7y"": 1, ""R8y"": 1, ""Tm5a"": 1}",R8y:30038;R7y:212322,yellow,15541.0,16005.0,32080.0,20186.0,19772.0,36790.0,-44.6,29.7,10976,20287,27937
R,32,36,17,14,-4,31,-119.98,119.98,76.58,-0.11602,-0.20107,0.97268,zhao_uCT_match,1,838,16.0,13.0,yellow,R7,"{""R7y"": 1, ""R8y"": 1, ""Tm5b"": 1}",R8y:500020;R7y:26864,yellow,16379.0,15394.0,32235.0,20717.0,19393.0,36667.0,-44.4,32.8,10268,19871,28826
R,32,37,18,14,-5,32,-143.75,143.75,75.98,-0.19532,-0.14322,0.97023,zhao_uCT_match,1,846,17.0,13.0,DRA,R7d/R8d,"{""R7d"": 1, ""R8d"": 1, ""Dm-DRA2"": 1}",R7d:53122;R8d:55534,DRA,17341.0,14850.0,32247.0,21265.0,18823.0,36232.0,-44.6,35.4,9707,19437,29683
R,32,38,19,14,-6,33,-161.62,161.62,74.53,-0.25318,-0.08414,0.96375,zhao_uCT_match,1,848,18.0,13.0,unclear,,{},,unclear,18593.0,14736.0,32512.0,21555.0,18074.0,35860.0,-41.5,36.7,8786,19320,31077
R,33,19,0,15,14,15,7.75,-7.75,26.46,0.88711,0.12069,0.44551,extrapolated_local_linear,20,-1,,,unclear,,{},,unclear,6098.0,28181.0,37780.0,11776.0,28231.0,41280.0,-58.3,0.4,16113,29217,22599
R,33,20,1,15,13,16,5.44,-5.44,28.06,0.87851,0.08374,0.47033,zhao_uCT_match,1,527,0.0,14.0,unclear,,{},,unclear,6258.0,27365.0,37467.0,11869.0,27325.0,41089.0,-57.2,-0.3,16249,28236,22634
R,33,21,2,15,12,17,1.19,-1.19,32.31,0.84496,0.01752,0.53454,zhao_uCT_match,1,554,1.0,14.0,unclear,,"{""Dm-DRA1"": 1}",R7R8_unclear:500261;R7R8_unclear:916989,unclear,6554.0,26237.0,36863.0,12642.0,26938.0,41009.0,-55.7,5.4,16246,27419,22844
R,33,22,3,15,11,18,-2.29,2.29,35.43,0.81413,-0.03257,0.57977,zhao_uCT_match,1,577,2.0,14.0,unclear,,{},R7R8_unclear:500088;R7R8_unclear:500159,unclear,6684.0,25471.0,36442.0,12875.0,26370.0,40726.0,-55.3,6.8,16036,26991,22904
R,33,23,4,15,10,19,-5.86,5.86,38.48,0.77871,-0.07991,0.62227,zhao_uCT_match,1,600,3.0,14.0,yellow?,Dm8a/Tm5a home,"{""Dm8a"": 1, ""Tm5a"": 1}",,yellow,7180.0,24736.0,36324.0,13569.0,25850.0,40377.0,-57.6,8.4,15913,26472,22829
R,33,24,5,15,9,20,-9.38,9.38,41.94,0.73385,-0.12118,0.66842,zhao_uCT_match,1,622,4.0,14.0,yellow?,Dm8a/Tm5a home,"{""Dm8a"": 1}",R7_unclear:245567;R8_unclear:144483228,unclear,7719.0,23877.0,35835.0,14117.0,25386.0,40002.0,-56.9,11.2,15677,25752,22918
R,33,25,6,15,8,21,-13.02,13.02,45.29,0.68545,-0.1585,0.71066,zhao_uCT_match,1,644,5.0,14.0,yellow,R7,"{""R7y"": 1, ""R8y"": 1, ""Dm8a"": 1}",R8y:500079;R7y:500257,yellow,8106.0,23457.0,35328.0,14577.0,24784.0,39700.0,-56.0,9.6,15423,25206,22946
R,33,26,7,15,7,22,-16.27,16.27,48.77,0.63264,-0.1846,0.75213,zhao_uCT_match,1,665,6.0,14.0,yellow,R7,"{""R7y"": 1, ""R8y"": 1, ""Tm5a"": 1}",R8y:229481;R7y:221889,yellow,8667.0,22688.0,35039.0,14935.0,24149.0,39442.0,-54.9,10.8,15136,24624,23300
R,33,27,8,15,6,23,-20.28,20.28,52.44,0.57181,-0.21132,0.7927,zhao_uCT_match,1,686,7.0,14.0,unclear,,{},R7_unclear:500201;R8_unclear:500102,unclear,9152.0,22013.0,34479.0,15567.0,23739.0,39231.0,-53.5,12.2,15095,24096,23270
R,33,28,9,15,5,24,-24.19,24.19,55.8,0.51269,-0.23035,0.8271,zhao_uCT_match,1,706,8.0,14.0,pale,R7,"{""R7p"": 1, ""R8p"": 1, ""Dm8b"": 1}",R7p:419239;R8p:217052,pale,9746.0,21236.0,34231.0,16054.0,23252.0,38804.0,-54.1,14.5,13923,23500,24872
R,33,29,10,15,4,25,-29.1,29.1,59.32,0.44585,-0.24821,0.86,zhao_uCT_match,1,729,9.0,14.0,yellow,R7,"{""R7y"": 1, ""R8y"": 1, ""Dm8a"": 1, ""Tm5a"": 1}",R8y:376785;R7y:214276,yellow,10426.0,20499.0,34087.0,16633.0,22685.0,38591.0,-54.0,15.9,14008,22882,25296
R,33,30,11,15,3,26,-34.79,34.79,62.56,0.37845,-0.26295,0.88749,zhao_uCT_match,1,747,10.0,14.0,pale,R7,"{""R7p"": 1, ""R8p"": 1, ""Tm5b"": 1}",R7p:387451;R8p:210852,pale,11095.0,19932.0,33728.0,17114.0,22197.0,38344.0,-52.5,16.6,13871,22357,25084
R,33,31,12,15,2,27,-40.19,40.19,65.32,0.31903,-0.26949,0.90862,zhao_uCT_match,1,767,11.0,14.0,yellow,R7,"{""R7y"": 1, ""R8y"": 1}",R8y:221097;R7y:323598,yellow,11832.0,19196.0,33468.0,17705.0,21655.0,38111.0,-51.7,18.2,13565,21883,25171
R,33,32,13,15,1,28,-45.32,45.32,68.2,0.26108,-0.26401,0.92851,zhao_uCT_match,1,783,12.0,14.0,yellow,R7,"{""R7y"": 1, ""R8y"": 1}",R8y:337408;R7y:214570,yellow,12613.0,18498.0,33236.0,18271.0,21131.0,38000.0,-49.9,19.6,13238,21298,25586
R,33,33,14,15,0,29,-53.45,53.45,72.0,0.18406,-0.24828,0.95104,zhao_uCT_match,1,801,13.0,14.0,pale?,Dm8b/Tm5b home,"{""Dm8b"": 1}",R7_unclear:248365;R8_unclear:271764,unclear,13407.0,17556.0,33076.0,18999.0,20489.0,37709.0,-50.4,22.0,12826,20768,26113
R,33,34,15,15,-1,30,-67.0,67.0,76.2,0.09319,-0.2195,0.97115,zhao_uCT_match,1,816,14.0,14.0,pale,R7,"{""R7p"": 1, ""R8p"": 1, ""Tm5b"": 1}",R7p:500010;R8p:245865,unclear,14413.0,16501.0,32962.0,19391.0,19980.0,37504.0,-47.6,27.3,12418,20146,26592
R,33,35,16,15,-2,31,-88.09,88.09,79.54,0.00604,-0.18139,0.98339,zhao_uCT_match,1,828,15.0,14.0,yellow,R7,"{""R7y"": 1, ""R8y"": 1, ""Dm8a"": 1, ""Tm5a"": 1}",R8y:235253;R7y:147777,yellow,15142.0,16005.0,32738.0,19928.0,19410.0,37353.0,-46.0,27.1,11691,19825,27597
R,33,36,17,15,-3,32,-121.6,121.6,81.27,-0.07956,-0.12935,0.9884,zhao_uCT_match,1,841,16.0,14.0,DRA,R7d/R8d,"{""R7d"": 1, ""R8d"": 1}",R7d:166525;R8d:127472,DRA,16050.0,15294.0,33032.0,20372.0,18971.0,36970.0,-47.7,32.2,11027,19369,28406
R,33,37,18,15,-4,33,-154.14,154.14,80.12,-0.15444,-0.07485,0.98516,zhao_uCT_match,1,849,17.0,14.0,DRA,R7d/R8d,"{""R7d"": 1, ""R8d"": 1, ""Dm-DRA1"": 1, ""MeTu2a"": 1}",R7d:95971;R8d:500041,DRA,17007.0,14792.0,33084.0,20912.0,18495.0,36675.0,-47.4,34.9,10272,19001,29492
R,33,38,19,15,-5,34,-173.38,173.38,77.14,-0.22115,-0.02568,0.9749,zhao_uCT_match,1,851,18.0,14.0,unclear,,{},,unclear,18207.0,14705.0,33189.0,21324.0,18028.0,36131.0,-46.7,37.8,9550,19052,30559
R,34,21,2,16,13,18,4.93,-4.93,32.62,0.83913,0.07233,0.53909,zhao_uCT_match,1,555,1.0,15.0,unclear,,{},,unclear,6608.0,26383.0,37667.0,11839.0,26553.0,40958.0,-57.8,1.6,15746,27608,23831
R,34,22,3,16,12,19,4.36,-4.36,36.84,0.79801,0.06078,0.59957,zhao_uCT_match,1,579,2.0,15.0,unclear,,{},,unclear,7068.0,25232.0,37513.0,12086.0,25866.0,40797.0,-56.8,6.0,16312,26658,23227
R,34,23,4,16,11,20,1.09,-1.09,38.46,0.78295,0.01488,0.62191,zhao_uCT_match,1,602,3.0,15.0,DRA,R7d/R8d,"{""R7d"": 1, ""R8d"": 1, ""Dm-DRA2"": 1, ""MeTu2a"": 3}",R7d:500282;R8d:500245,DRA,7417.0,24251.0,37119.0,13150.0,25416.0,40679.0,-58.2,9.8,16027,26022,23443
R,34,24,5,16,10,21,-2.42,2.42,42.17,0.74053,-0.03128,0.67129,zhao_uCT_match,1,625,4.0,15.0,DRA,R7d/R8d,"{""R7d"": 1, ""R8d"": 1, ""Dm-DRA1"": 1}",R7d:500112;R8d:508737,DRA,7737.0,23541.0,36684.0,13759.0,24815.0,40449.0,-58.0,10.2,16006,25431,23331
R,34,25,6,16,9,22,-5.73,5.73,45.75,0.69429,-0.06973,0.71631,zhao_uCT_match,1,647,5.0,15.0,DRA,R7d/R8d,"{""R7d"": 1, ""R8d"": 1, ""MeTu2a"": 2}",R7d:278360;R8d:500289,DRA,8098.0,22846.0,36279.0,14265.0,24469.0,40139.0,-58.0,12.6,16004,24871,23253
R,34,26,7,16,8,23,-8.93,8.93,49.23,0.64514,-0.10132,0.75732,zhao_uCT_match,1,668,6.0,15.0,pale?,Dm8b/Tm5b home,"{""Dm8b"": 1}",,unclear,8506.0,22370.0,35773.0,14614.0,23792.0,39871.0,-56.1,10.9,15796,24301,23344
R,34,27,8,16,7,24,-12.47,12.47,53.53,0.58043,-0.12833,0.80413,zhao_uCT_match,1,691,7.0,15.0,pale,R7,"{""R7p"": 1, ""R8p"": 1, ""Tm5b"": 1}",R7p:244077;R8p:500113,unclear,9118.0,21646.0,35418.0,15280.0,23224.0,39636.0,-55.6,11.9,15542,23706,23544
R,34,28,9,16,6,25,-16.63,16.63,57.33,0.51716,-0.15446,0.84184,zhao_uCT_match,1,711,8.0,15.0,pale?,Dm8b/Tm5b home,"{""Dm8b"": 1}",R7_unclear:500110;R8_unclear:500109,unclear,9751.0,20916.0,35101.0,15837.0,22787.0,39314.0,-55.3,14.2,15265,23234,23553
R,34,29,10,16,5,26,-20.53,20.53,60.48,0.4614,-0.17279,0.8702,zhao_uCT_match,1,731,9.0,15.0,pale?,Dm8b/Tm5b home,"{""Tm5b"": 1}",R7_unclear:507558;R8_unclear:244456,unclear,10427.0,20300.0,34868.0,16335.0,22237.0,39132.0,-54.2,14.9,15104,22661,23757
R,34,30,11,16,4,27,-24.56,24.56,63.82,0.40122,-0.18335,0.89744,zhao_uCT_match,1,751,10.0,15.0,pale?,Dm8b/Tm5b home,"{""Dm8b"": 1}",R7_unclear:500125;R8_unclear:330359,unclear,11020.0,19488.0,34662.0,16918.0,21878.0,38765.0,-55.2,18.4,14580,21982,24749
R,34,31,12,16,3,28,-29.36,29.36,66.98,0.34077,-0.19172,0.92039,zhao_uCT_match,1,768,11.0,15.0,yellow,R7,"{""R7y"": 1, ""R8y"": 1, ""Dm8a"": 1, ""Tm5a"": 1}",R8y:221152;R7y:390018,yellow,11737.0,18725.0,34212.0,17362.0,21437.0,38719.0,-51.3,20.6,14127,21351,25342
R,34,32,13,16,2,29,-34.3,34.3,70.4,0.27713,-0.18906,0.94205,zhao_uCT_match,1,785,12.0,15.0,pale,R7,"{""R7p"": 1, ""R8p"": 1, ""Dm8b"": 1, ""Tm5b"": 1}",R7p:196694;R8p:234991,pale,12502.0,18121.0,33967.0,18009.0,20826.0,38572.0,-50.1,20.6,13837,20814,25640
R,34,33,14,16,1,30,-40.33,40.33,74.52,0.20344,-0.17272,0.96373,zhao_uCT_match,1,805,13.0,15.0,yellow,R7,"{""R7y"": 1, ""R8y"": 1, ""Dm8a"": 1, ""Tm5a"": 1}",R8y:278442;R7y:431916,yellow,13291.0,17278.0,33923.0,18464.0,20175.0,38143.0,-50.8,23.5,13444,20183,26021
R,34,34,15,16,0,31,-49.89,49.89,79.53,0.11704,-0.13893,0.98336,zhao_uCT_match,1,819,14.0,15.0,DRA,R7d/R8d,"{""R7d"": 1, ""R8d"": 1, ""Dm-DRA1"": 1}",R7d:301434;R8d:244866,DRA,14083.0,16502.0,33569.0,19097.0,19609.0,37886.0,-49.3,25.2,13110,19613,26509
R,34,35,16,16,-1,32,-72.67,72.67,84.0,0.03114,-0.09977,0.99452,zhao_uCT_match,1,830,15.0,15.0,DRA,R7d/R8d,"{""R7d"": 1, ""R8d"": 1, ""Dm-DRA1"": 2, ""Dm-DRA2"": 1, ""MeTu2a"": 4}",R7d:105391;R8d:287685,DRA,15004.0,15750.0,33552.0,19595.0,19001.0,37666.0,-48.1,27.8,12298,19176,27434
R,34,36,17,16,-2,33,-139.96,139.96,85.84,-0.05552,-0.04666,0.99737,zhao_uCT_match,1,839,16.0,15.0,DRA,R7d/R8d,"{""R7d"": 1, ""R8d"": 1, ""Dm-DRA2"": 1}",R7d:91212;R8d:108630,DRA,15583.0,15358.0,33715.0,19966.0,18500.0,37232.0,-51.3,29.2,11649,18798,28318
R,34,37,18,16,-3,34,173.48,-173.48,82.3,-0.13317,0.01521,0.99098,zhao_uCT_match,1,847,17.0,15.0,unclear,,{},,unclear,16709.0,14872.0,34292.0,20125.0,17922.0,36840.0,-53.3,35.6,11247,18575,29116
R,34,38,19,16,-4,35,165.82,-165.82,79.92,-0.16964,0.04286,0.98457,zhao_uCT_match,1,850,18.0,15.0,unclear,,{},,unclear,17341.0,14729.0,33908.0,20728.0,18059.0,36644.0,-51.1,37.4,10607,18676,29618
R,35,23,4,17,12,21,7.65,-7.65,39.25,0.7675,0.10311,0.63271,extrapolated_local_linear,20,-1,,,unclear,,{},,unclear,7524.0,24436.0,37784.0,12221.0,25156.0,40655.0,-58.6,7.5,16327,25941,23530
R,35,24,5,17,11,22,5.23,-5.23,42.18,0.73792,0.06754,0.6715,zhao_uCT_match,1,623,4.0,16.0,unclear,,{},,unclear,7930.0,23429.0,37616.0,12830.0,24561.0,40508.0,-59.5,11.3,16245,25246,23748
R,35,25,6,17,10,23,2.78,-2.78,46.05,0.69323,0.03366,0.71993,zhao_uCT_match,1,646,5.0,16.0,DRA,R7d/R8d,"{""R7d"": 1, ""R8d"": 1}",R7d:142788;R8d:468158,DRA,8256.0,22705.0,37249.0,13498.0,23940.0,40356.0,-59.3,11.5,16383,24645,23505
R,35,26,7,17,9,24,-0.76,0.76,49.59,0.64824,-0.00856,0.76138,zhao_uCT_match,1,670,6.0,16.0,DRA,R7d/R8d,"{""R7d"": 1, ""Dm-DRA2"": 1}",R7d:165833;R8_unclear:500273,DRA,8673.0,21976.0,36482.0,14164.0,23366.0,40154.0,-56.2,11.9,16152,23959,23848
R,35,27,8,17,8,25,-3.3,3.3,53.33,0.59616,-0.03435,0.80213,zhao_uCT_match,1,692,7.0,16.0,DRA,R7d/R8d,"{""R7d"": 1, ""R8d"": 1, ""Dm-DRA1"": 2, ""MeTu2a"": 1}",R7d:130709;R8d:500021,DRA,9223.0,21262.0,36245.0,14830.0,22904.0,39921.0,-56.8,13.8,15922,23423,23992
R,35,28,9,17,7,26,-7.06,7.06,57.81,0.52873,-0.06549,0.84626,zhao_uCT_match,1,712,8.0,16.0,DRA,R7d/R8d,"{""R7d"": 1, ""R8d"": 1, ""Dm-DRA1"": 1, ""Dm-DRA2"": 1, ""MeTu2a"": 3}",R7d:173996;R8d:500182,DRA,9698.0,20716.0,36008.0,15588.0,22158.0,39896.0,-56.6,11.5,15796,22866,23947
R,35,29,10,17,6,27,-10.56,10.56,61.74,0.4655,-0.08674,0.88079,zhao_uCT_match,1,732,9.0,16.0,DRA,R7d/R8d,"{""R7d"": 1, ""R8d"": 1, ""Dm-DRA1"": 2}",R7d:182359;R8d:391278,DRA,10193.0,20190.0,35828.0,15985.0,21885.0,39558.0,-57.2,13.8,15601,22296,24175
R,35,30,11,17,5,28,-13.22,13.22,65.12,0.40962,-0.0962,0.90717,zhao_uCT_match,1,752,10.0,16.0,DRA,R7d/R8d,"{""R7d"": 1, ""R8d"": 1, ""Dm-DRA2"": 1}",R7d:500085;R8d:500017,DRA,10957.0,19422.0,35633.0,16635.0,21562.0,39368.0,-56.7,17.5,15355,21809,24252
R,35,31,12,17,4,29,-16.99,16.99,68.7,0.34748,-0.10615,0.93166,zhao_uCT_match,1,769,11.0,16.0,DRA,R7d/R8d,"{""R7d"": 1, ""R8d"": 1, ""MeTu2a"": 1}",R7d:175475;R8d:333247,DRA,11408.0,18687.0,34995.0,17102.0,21059.0,39249.0,-53.2,18.5,14997,21211,24760
R,35,32,13,17,3,30,-20.81,20.81,72.2,0.28574,-0.10859,0.95213,zhao_uCT_match,1,787,12.0,16.0,DRA,R7d/R8d,"{""R7d"": 1, ""R8d"": 1, ""MeTu2a"": 1}",R7d:310264;R8d:386786,DRA,12370.0,17998.0,34840.0,17576.0,20408.0,38877.0,-52.2,20.1,14474,20464,25587
R,35,33,14,17,2,31,-22.7,22.7,76.55,0.21463,-0.08978,0.97256,zhao_uCT_match,1,804,13.0,16.0,DRA,R7d/R8d,"{""R7d"": 1, ""R8d"": 1, ""Dm-DRA1"": 1}",R7d:257136;R8d:169579,DRA,13104.0,17273.0,34687.0,18137.0,19807.0,38681.0,-51.6,21.5,14226,19903,25732
R,35,34,15,17,1,32,-23.58,23.58,81.67,0.13284,-0.05799,0.98944,zhao_uCT_match,1,817,14.0,16.0,DRA,R7d/R8d,"{""R7d"": 1, ""R8d"": 1, ""MeTu2a"": 1}",R7d:155730;R8d:354642,DRA,13762.0,16518.0,34434.0,18541.0,19129.0,38259.0,-51.3,23.1,13589,19315,26719
R,35,35,16,17,0,33,-19.9,19.9,86.64,0.05517,-0.01997,0.99828,zhao_uCT_match,1,827,15.0,16.0,DRA,R7d/R8d,"{""R7d"": 1, ""R8d"": 1}",R7d:96833;R8d:983968288,DRA,14613.0,15941.0,34093.0,19033.0,18569.0,37868.0,-49.5,24.3,13062,18873,27236
R,35,36,17,17,-1,34,142.72,-142.72,86.44,-0.0494,0.03761,0.99807,zhao_uCT_match,1,836,16.0,16.0,DRA,R7d/R8d,"{""R7d"": 1, ""R8d"": 1, ""Dm-DRA2"": 1}",R7d:200177;R8d:230664,DRA,15390.0,15354.0,34637.0,19320.0,18081.0,37620.0,-52.8,28.9,12504,18497,27875
R,36,26,7,18,10,25,5.92,-5.92,49.84,0.64152,0.0665,0.76422,zhao_uCT_match,1,667,6.0,17.0,unclear,,{},,unclear,8844.0,21902.0,37245.0,13623.0,23207.0,40127.0,-58.9,13.2,16307,23906,23874
R,36,27,8,18,9,26,6.58,-6.58,52.96,0.59846,0.06901,0.79818,zhao_uCT_match,1,690,7.0,17.0,unclear,,{},,unclear,9311.0,21372.0,37221.0,14009.0,22462.0,39939.0,-59.9,11.4,16213,23193,24142
R,36,28,9,18,8,27,2.73,-2.73,57.0,0.54398,0.02595,0.8387,zhao_uCT_match,1,708,8.0,17.0,unclear,,{},,unclear,9824.0,20794.0,37083.0,14990.0,21681.0,39845.0,-61.9,8.6,16036,22575,24428
R,36,29,10,18,7,28,0.4,-0.4,61.36,0.47935,0.00335,0.87762,zhao_uCT_match,1,730,9.0,17.0,unclear,,{},,unclear,10255.0,20221.0,36757.0,15264.0,21258.0,39689.0,-59.7,10.1,15887,22061,24718
R,36,30,11,18,6,29,-1.15,1.15,65.53,0.41419,-0.00831,0.91015,zhao_uCT_match,1,749,10.0,17.0,unclear,,{},,unclear,11153.0,19285.0,36577.0,15899.0,20755.0,39551.0,-57.9,14.7,15672,21613,24794
R,36,31,12,18,5,30,-3.31,3.31,69.39,0.35134,-0.0203,0.93603,zhao_uCT_match,1,766,11.0,17.0,DRA,R7d/R8d,"{""R7d"": 1, ""R8d"": 1, ""Dm-DRA1"": 1, ""Dm-DRA2"": 1}",R7d:137443;R8d:180648,DRA,11440.0,18678.0,36145.0,16371.0,20217.0,39362.0,-56.9,14.6,15365,21066,25159
R,36,32,13,18,4,31,-5.52,5.52,73.14,0.28869,-0.02788,0.95702,zhao_uCT_match,1,784,12.0,17.0,DRA,R7d/R8d,"{""R7d"": 1, ""R8d"": 1}",R7d:230847;R8d:500028,DRA,12246.0,18092.0,35720.0,16974.0,19767.0,39105.0,-54.4,16.1,15153,20579,25259
R,36,33,14,18,3,32,-3.58,3.58,77.48,0.2163,-0.01355,0.97623,zhao_uCT_match,1,800,13.0,17.0,DRA,R7d/R8d,"{""R7d"": 1, ""R8d"": 1}",R7d:491526;R8d:168495,DRA,13201.0,17161.0,35697.0,17377.0,19265.0,38913.0,-52.4,21.8,14677,19936,25841
R,36,34,15,18,2,33,16.95,-16.95,81.45,0.14226,0.04336,0.98888,zhao_uCT_match,1,814,14.0,17.0,unclear,,{},,unclear,13809.0,16644.0,35684.0,17939.0,18859.0,38557.0,-55.2,23.8,14217,19431,26475
R,36,35,16,18,1,34,40.78,-40.78,84.73,0.06957,0.06001,0.99577,zhao_uCT_match,1,822,15.0,17.0,unclear,,{},,unclear,14488.0,16125.0,35265.0,18073.0,18648.0,38418.0,-48.7,27.9,13740,18903,27090
