side,hex1,hex2,az_deg_ipsi,el_deg,dir_front,dir_left,dir_up,source
L,1,7,103.01,-75.15,-0.05771,0.24978,-0.96658,extrapolated_local_linear
L,1,8,110.7,-71.09,-0.11458,0.30318,-0.94602,extrapolated_local_linear
L,1,10,121.41,-63.91,-0.22916,0.37529,-0.89813,extrapolated_local_linear
L,2,6,80.04,-76.78,0.03956,0.2252,-0.97351,extrapolated_local_linear
L,2,7,86.8,-72.69,0.0166,0.297,-0.95473,zhao_uCT_match
L,2,8,98.64,-68.67,-0.05467,0.35959,-0.93151,zhao_uCT_match
L,2,9,105.31,-65.33,-0.1102,0.40259,-0.90872,zhao_uCT_match
L,2,10,109.74,-61.77,-0.15979,0.44518,-0.88107,zhao_uCT_match
L,2,11,118.73,-58.9,-0.24825,0.45291,-0.85629,extrapolated_local_linear
L,2,12,124.66,-55.52,-0.32198,0.4657,-0.82429,extrapolated_local_linear
L,2,13,129.45,-51.69,-0.39394,0.47872,-0.78463,extrapolated_local_linear
L,3,5,50.02,-75.79,0.15775,0.18816,-0.96939,zhao_uCT_match
L,3,6,71.95,-73.99,0.08548,0.26226,-0.96121,zhao_uCT_match
L,3,7,79.03,-69.86,0.06552,0.33802,-0.93885,zhao_uCT_match
L,3,8,89.41,-66.09,0.00415,0.40531,-0.91417,zhao_uCT_match
L,3,9,97.49,-62.49,-0.06021,0.45802,-0.8869,zhao_uCT_match
L,3,10,103.49,-59.11,-0.11974,0.49916,-0.8582,zhao_uCT_match
L,3,11,109.5,-56.38,-0.18481,0.52197,-0.8327,zhao_uCT_match
L,3,12,114.55,-55.07,-0.23788,0.52078,-0.81988,zhao_uCT_match
L,3,13,120.54,-50.24,-0.32496,0.55083,-0.76876,zhao_uCT_match
L,3,14,124.02,-46.24,-0.38691,0.57323,-0.72229,zhao_uCT_match
L,3,15,130.6,-44.44,-0.46471,0.54211,-0.70012,extrapolated_local_linear
L,4,3,13.67,-74.62,0.25772,0.06267,-0.96419,extrapolated_local_linear
L,4,4,33.82,-73.25,0.23937,0.16037,-0.95759,zhao_uCT_match
L,4,5,46.27,-70.33,0.23274,0.24328,-0.94162,zhao_uCT_match
L,4,6,59.04,-69.39,0.18111,0.30188,-0.93598,zhao_uCT_match
L,4,7,70.87,-66.58,0.13023,0.37551,-0.91762,zhao_uCT_match
L,4,8,79.91,-63.11,0.07923,0.44525,-0.8919,zhao_uCT_match
L,4,9,88.19,-59.71,0.01593,0.50409,-0.86351,zhao_uCT_match
L,4,10,94.8,-56.08,-0.04674,0.55609,-0.82981,zhao_uCT_match
L,4,11,100.5,-53.44,-0.10857,0.58563,-0.80327,zhao_uCT_match
L,4,12,106.18,-50.84,-0.17595,0.60644,-0.77542,zhao_uCT_match
L,4,13,111.54,-47.95,-0.24586,0.623,-0.74258,zhao_uCT_match
L,4,14,116.27,-44.98,-0.31305,0.6343,-0.70687,zhao_uCT_match
L,4,15,122.99,-43.0,-0.39816,0.61342,-0.68205,zhao_uCT_match
L,4,16,127.95,-40.82,-0.4654,0.5968,-0.65363,zhao_uCT_match
L,4,17,129.81,-37.05,-0.51096,0.61306,-0.60256,zhao_uCT_match
L,4,18,136.33,-35.22,-0.59093,0.56409,-0.57672,extrapolated_local_linear
L,5,2,-5.12,-71.07,0.32316,-0.02894,-0.9459,extrapolated_local_linear
L,5,3,14.01,-70.14,0.32961,0.08223,-0.94053,zhao_uCT_match
L,5,4,30.19,-69.0,0.30969,0.18018,-0.93361,zhao_uCT_match
L,5,5,41.5,-66.59,0.29761,0.26329,-0.91766,zhao_uCT_match
L,5,6,52.0,-64.67,0.2634,0.33714,-0.90386,zhao_uCT_match
L,5,7,61.9,-62.5,0.21751,0.40732,-0.88701,zhao_uCT_match
L,5,8,71.13,-59.34,0.16493,0.48251,-0.86022,zhao_uCT_match
L,5,9,78.58,-56.29,0.10988,0.54403,-0.83184,zhao_uCT_match
L,5,10,85.83,-53.33,0.04345,0.59561,-0.8021,zhao_uCT_match
L,5,11,91.73,-50.66,-0.01915,0.63364,-0.77339,zhao_uCT_match
L,5,12,97.6,-48.08,-0.08836,0.6622,-0.7441,zhao_uCT_match
L,5,13,103.14,-44.89,-0.16109,0.6899,-0.70575,zhao_uCT_match
L,5,14,108.09,-42.26,-0.22974,0.70349,-0.67254,zhao_uCT_match
L,5,15,113.29,-39.85,-0.30355,0.70517,-0.64077,zhao_uCT_match
L,5,16,119.06,-37.79,-0.38388,0.6908,-0.61272,zhao_uCT_match
L,5,17,123.45,-35.55,-0.44847,0.67881,-0.58145,zhao_uCT_match
L,5,18,128.11,-33.68,-0.51363,0.65473,-0.55454,zhao_uCT_match
L,5,19,133.4,-31.24,-0.58749,0.62117,-0.51865,zhao_uCT_match
L,5,20,138.01,-28.78,-0.65146,0.58639,-0.4814,extrapolated_local_linear
L,6,1,-19.6,-69.58,0.32868,-0.11706,-0.93716,extrapolated_local_linear
L,6,2,-2.1,-68.34,0.36887,-0.01355,-0.92938,extrapolated_local_linear
L,6,3,6.67,-66.04,0.40336,0.04716,-0.91383,zhao_uCT_match
L,6,4,25.91,-64.46,0.38779,0.18836,-0.9023,zhao_uCT_match
L,6,5,37.27,-62.48,0.36772,0.27983,-0.88684,zhao_uCT_match
L,6,6,46.29,-60.25,0.34293,0.35874,-0.86816,zhao_uCT_match
L,6,7,54.52,-58.16,0.30616,0.42956,-0.84956,zhao_uCT_match
L,6,8,62.77,-55.53,0.25895,0.50329,-0.82441,zhao_uCT_match
L,6,9,70.23,-52.52,0.20579,0.57257,-0.79361,zhao_uCT_match
L,6,10,77.07,-49.99,0.14392,0.62665,-0.76589,zhao_uCT_match
L,6,11,83.28,-47.35,0.07928,0.67286,-0.73551,zhao_uCT_match
L,6,12,89.23,-44.91,0.00956,0.70817,-0.70598,zhao_uCT_match
L,6,13,94.82,-42.3,-0.06211,0.73697,-0.67306,zhao_uCT_match
L,6,14,100.27,-39.63,-0.13735,0.75789,-0.63776,zhao_uCT_match
L,6,15,105.16,-37.0,-0.20887,0.77083,-0.60183,zhao_uCT_match
L,6,16,110.52,-34.58,-0.28853,0.77107,-0.56763,zhao_uCT_match
L,6,17,115.63,-32.81,-0.36356,0.75779,-0.54182,zhao_uCT_match
L,6,18,120.54,-31.23,-0.43443,0.73647,-0.51854,zhao_uCT_match
L,6,19,125.52,-29.17,-0.50728,0.71068,-0.48743,zhao_uCT_match
L,6,20,131.88,-26.97,-0.59497,0.66357,-0.45353,zhao_uCT_match
L,6,21,133.79,-24.4,-0.63024,0.65736,-0.41314,zhao_uCT_match
L,6,22,141.09,-23.44,-0.71395,0.5762,-0.39783,extrapolated_local_linear
L,7,1,-12.61,-66.56,0.38815,-0.08685,-0.9175,extrapolated_local_linear
L,7,2,-0.32,-66.16,0.40418,-0.00228,-0.91467,zhao_uCT_match
L,7,3,15.61,-61.6,0.45807,0.12799,-0.87965,zhao_uCT_match
L,7,4,23.62,-60.05,0.45747,0.20002,-0.86644,zhao_uCT_match
L,7,5,33.13,-58.22,0.44096,0.28783,-0.85012,zhao_uCT_match
L,7,6,41.54,-56.01,0.41846,0.37072,-0.82913,zhao_uCT_match
L,7,7,49.14,-53.62,0.38802,0.44854,-0.80514,zhao_uCT_match
L,7,8,56.28,-51.27,0.34727,0.52041,-0.78012,zhao_uCT_match
L,7,9,63.15,-48.58,0.2988,0.59019,-0.74993,zhao_uCT_match
L,7,10,69.64,-45.86,0.24235,0.65292,-0.71761,zhao_uCT_match
L,7,11,75.5,-43.42,0.18193,0.70322,-0.6873,zhao_uCT_match
L,7,12,81.28,-41.11,0.11428,0.74471,-0.65753,zhao_uCT_match
L,7,13,86.5,-38.94,0.04748,0.77636,-0.6285,zhao_uCT_match
L,7,14,92.11,-36.46,-0.02967,0.80373,-0.59425,zhao_uCT_match
L,7,15,97.44,-34.23,-0.10706,0.81978,-0.56258,zhao_uCT_match
L,7,16,102.36,-31.81,-0.18188,0.83012,-0.52709,zhao_uCT_match
L,7,17,107.28,-29.6,-0.25826,0.83028,-0.4939,zhao_uCT_match
L,7,18,112.36,-28.1,-0.3356,0.81578,-0.47103,zhao_uCT_match
L,7,19,117.73,-26.55,-0.41618,0.7918,-0.44705,zhao_uCT_match
L,7,20,122.78,-24.63,-0.49218,0.76423,-0.4168,zhao_uCT_match
L,7,21,127.66,-22.68,-0.56366,0.73046,-0.38564,zhao_uCT_match
L,7,22,132.44,-20.64,-0.63156,0.69056,-0.3525,zhao_uCT_match
L,7,23,140.19,-20.41,-0.71991,0.6001,-0.34872,zhao_uCT_match
L,7,24,146.46,-19.25,-0.78689,0.52163,-0.32972,extrapolated_local_linear
L,8,1,-8.54,-62.29,0.45988,-0.06908,-0.88529,extrapolated_local_linear
L,8,2,4.35,-61.29,0.47897,0.03644,-0.87707,zhao_uCT_match
L,8,3,13.23,-58.32,0.51129,0.12023,-0.85096,zhao_uCT_match
L,8,4,21.9,-55.47,0.52592,0.21142,-0.82384,zhao_uCT_match
L,8,5,29.67,-53.76,0.51361,0.2926,-0.80659,zhao_uCT_match
L,8,6,37.19,-51.87,0.49182,0.37322,-0.78666,zhao_uCT_match
L,8,7,44.36,-49.46,0.46469,0.45438,-0.76,zhao_uCT_match
L,8,8,50.96,-47.41,0.42622,0.52563,-0.73624,zhao_uCT_match
L,8,9,57.2,-44.85,0.38403,0.59591,-0.70527,zhao_uCT_match
L,8,10,63.37,-42.03,0.33293,0.66404,-0.66948,zhao_uCT_match
L,8,11,69.29,-39.46,0.27307,0.72218,-0.63552,zhao_uCT_match
L,8,12,74.28,-37.39,0.2153,0.76481,-0.60722,zhao_uCT_match
L,8,13,79.35,-35.36,0.15077,0.8015,-0.57868,zhao_uCT_match
L,8,14,84.46,-32.94,0.08103,0.8353,-0.54379,zhao_uCT_match
L,8,15,90.03,-30.46,-0.00044,0.86197,-0.50697,zhao_uCT_match
L,8,16,95.1,-28.57,-0.07803,0.87478,-0.47819,zhao_uCT_match
L,8,17,99.59,-26.68,-0.14879,0.88107,-0.44897,zhao_uCT_match
L,8,18,104.35,-24.55,-0.22549,0.88123,-0.41543,zhao_uCT_match
L,8,19,109.59,-23.03,-0.30852,0.86705,-0.39119,zhao_uCT_match
L,8,20,114.92,-21.66,-0.39165,0.84282,-0.36914,zhao_uCT_match
L,8,21,120.19,-19.99,-0.47254,0.8123,-0.34188,zhao_uCT_match
L,8,22,125.12,-18.13,-0.54679,0.77728,-0.31123,zhao_uCT_match
L,8,23,130.57,-16.57,-0.62341,0.72804,-0.28517,zhao_uCT_match
L,8,24,137.78,-15.64,-0.71316,0.64706,-0.26967,zhao_uCT_match
L,8,25,145.41,-15.7,-0.79255,0.54646,-0.27066,zhao_uCT_match
L,8,26,152.34,-15.26,-0.85446,0.44792,-0.26319,extrapolated_local_linear
L,9,1,-7.22,-57.43,0.534,-0.06762,-0.84278,extrapolated_local_linear
L,9,2,3.2,-56.33,0.55353,0.03098,-0.83226,zhao_uCT_match
L,9,3,11.86,-53.99,0.57541,0.12086,-0.80889,zhao_uCT_match
L,9,4,19.32,-51.55,0.58675,0.2057,-0.7832,zhao_uCT_match
L,9,5,26.65,-49.33,0.58243,0.29227,-0.75852,zhao_uCT_match
L,9,6,33.56,-47.54,0.56257,0.37319,-0.73772,zhao_uCT_match
L,9,7,40.0,-45.61,0.53592,0.44962,-0.71459,zhao_uCT_match
L,9,8,46.26,-43.65,0.50026,0.52281,-0.69022,zhao_uCT_match
L,9,9,51.63,-41.69,0.46355,0.58553,-0.66504,zhao_uCT_match
L,9,10,57.14,-39.03,0.42152,0.65252,-0.62971,zhao_uCT_match
L,9,11,63.31,-36.34,0.36182,0.71963,-0.59264,zhao_uCT_match
L,9,12,68.57,-33.83,0.30349,0.77326,-0.55674,zhao_uCT_match
L,9,13,73.01,-31.97,0.24787,0.81129,-0.52949,zhao_uCT_match
L,9,14,78.08,-29.7,0.17946,0.84986,-0.49551,zhao_uCT_match
L,9,15,83.4,-27.2,0.10216,0.88355,-0.45705,zhao_uCT_match
L,9,16,88.7,-25.04,0.02051,0.90578,-0.42325,zhao_uCT_match
L,9,17,93.1,-23.47,-0.04957,0.9159,-0.39834,zhao_uCT_match
L,9,18,97.36,-21.28,-0.11936,0.92412,-0.36297,zhao_uCT_match
L,9,19,102.12,-19.33,-0.19811,0.9226,-0.33099,zhao_uCT_match
L,9,20,107.04,-17.99,-0.27874,0.90934,-0.30888,zhao_uCT_match
L,9,21,112.42,-16.58,-0.36555,0.88599,-0.28528,zhao_uCT_match
L,9,22,117.72,-14.89,-0.44959,0.85546,-0.257,zhao_uCT_match
L,9,23,122.51,-13.22,-0.52326,0.82091,-0.22869,zhao_uCT_match
L,9,24,128.26,-11.97,-0.60577,0.76812,-0.20747,zhao_uCT_match
L,9,25,135.24,-11.79,-0.69508,0.68929,-0.20431,zhao_uCT_match
L,9,26,143.52,-12.7,-0.7844,0.57998,-0.21986,zhao_uCT_match
L,9,27,150.96,-11.19,-0.85768,0.47616,-0.19404,zhao_uCT_match
L,9,28,158.46,-10.22,-0.91541,0.3613,-0.17742,extrapolated_local_linear
L,10,1,-7.14,-52.53,0.60358,-0.07558,-0.79372,extrapolated_local_linear
L,10,2,1.67,-51.04,0.62852,0.01838,-0.77758,zhao_uCT_match
L,10,3,9.97,-49.32,0.64195,0.11282,-0.7584,zhao_uCT_match
L,10,4,16.78,-47.39,0.64822,0.19543,-0.73595,zhao_uCT_match
L,10,5,23.28,-45.65,0.64219,0.27628,-0.71503,zhao_uCT_match
L,10,6,29.88,-43.69,0.62697,0.36016,-0.69079,zhao_uCT_match
L,10,7,35.99,-41.87,0.60248,0.43761,-0.66747,zhao_uCT_match
L,10,8,41.81,-40.14,0.56979,0.5097,-0.64463,zhao_uCT_match
L,10,9,46.97,-38.43,0.53452,0.57263,-0.6216,zhao_uCT_match
L,10,10,52.21,-35.91,0.49633,0.6401,-0.58645,zhao_uCT_match
L,10,11,57.7,-33.32,0.44649,0.70637,-0.54926,zhao_uCT_match
L,10,12,63.18,-30.67,0.38805,0.76762,-0.51008,zhao_uCT_match
L,10,13,67.91,-28.63,0.33006,0.81331,-0.47915,zhao_uCT_match
L,10,14,72.5,-26.64,0.26871,0.85248,-0.4484,zhao_uCT_match
L,10,15,77.46,-24.16,0.19804,0.89068,-0.40924,zhao_uCT_match
L,10,16,82.53,-21.9,0.12062,0.91997,-0.37297,zhao_uCT_match
L,10,17,87.43,-20.14,0.04206,0.93793,-0.34426,zhao_uCT_match
L,10,18,91.56,-18.37,-0.02587,0.94867,-0.31521,zhao_uCT_match
L,10,19,95.87,-16.05,-0.09828,0.95599,-0.27646,zhao_uCT_match
L,10,20,100.54,-14.42,-0.17717,0.95216,-0.24901,zhao_uCT_match
L,10,21,105.42,-12.99,-0.25901,0.93934,-0.22483,zhao_uCT_match
L,10,22,110.76,-11.24,-0.3477,0.91713,-0.19486,zhao_uCT_match
L,10,23,115.49,-9.7,-0.42426,0.88974,-0.16843,zhao_uCT_match
L,10,24,120.68,-8.47,-0.50462,0.85068,-0.14731,zhao_uCT_match
L,10,25,126.72,-7.39,-0.59297,0.79488,-0.12868,zhao_uCT_match
L,10,26,133.54,-7.16,-0.68343,0.7193,-0.12461,zhao_uCT_match
L,10,27,141.1,-6.86,-0.77267,0.62348,-0.11943,zhao_uCT_match
L,10,28,149.79,-6.37,-0.85886,0.50005,-0.11095,zhao_uCT_match
L,10,29,158.0,-6.34,-0.92149,0.37235,-0.11049,extrapolated_local_linear
L,11,1,-7.15,-47.88,0.66542,-0.08346,-0.74179,extrapolated_local_linear
L,11,2,0.46,-46.58,0.68732,0.0055,-0.72634,zhao_uCT_match
L,11,3,8.07,-45.35,0.69585,0.09861,-0.71138,zhao_uCT_match
L,11,4,14.53,-43.64,0.70055,0.1816,-0.6901,zhao_uCT_match
L,11,5,20.53,-41.84,0.69772,0.26128,-0.66702,zhao_uCT_match
L,11,6,26.47,-40.25,0.68321,0.34021,-0.64613,zhao_uCT_match
L,11,7,32.53,-38.42,0.66056,0.42128,-0.62144,zhao_uCT_match
L,11,8,38.12,-36.3,0.63399,0.49754,-0.59204,zhao_uCT_match
L,11,9,43.03,-34.61,0.60164,0.56167,-0.56794,zhao_uCT_match
L,11,10,47.86,-32.51,0.56585,0.62533,-0.53737,zhao_uCT_match
L,11,11,53.18,-30.0,0.51906,0.69321,-0.50003,zhao_uCT_match
L,11,12,58.17,-27.57,0.46751,0.75316,-0.46279,zhao_uCT_match
L,11,13,63.03,-25.37,0.40984,0.80525,-0.4285,zhao_uCT_match
L,11,14,67.69,-23.33,0.34852,0.84952,-0.39603,zhao_uCT_match
L,11,15,72.3,-21.31,0.28319,0.88752,-0.36347,zhao_uCT_match
L,11,16,77.03,-19.23,0.21196,0.92008,-0.32944,zhao_uCT_match
L,11,17,82.09,-17.04,0.13163,0.94699,-0.29307,zhao_uCT_match
L,11,18,86.56,-15.43,0.05788,0.96223,-0.26601,zhao_uCT_match
L,11,19,90.61,-13.36,-0.01041,0.97287,-0.23112,zhao_uCT_match
L,11,20,95.03,-11.26,-0.08591,0.97698,-0.19526,zhao_uCT_match
L,11,21,99.42,-9.51,-0.16137,0.97296,-0.16527,zhao_uCT_match
L,11,22,104.28,-7.76,-0.2444,0.96023,-0.13498,zhao_uCT_match
L,11,23,109.26,-6.47,-0.32771,0.93805,-0.11261,zhao_uCT_match
L,11,24,113.89,-5.03,-0.40336,0.91084,-0.08764,zhao_uCT_match
L,11,25,119.2,-3.7,-0.48678,0.87113,-0.06459,zhao_uCT_match
L,11,26,125.53,-2.65,-0.58045,0.81298,-0.04622,zhao_uCT_match
L,11,27,132.32,-2.31,-0.67279,0.73874,-0.04027,zhao_uCT_match
L,11,28,140.31,-2.3,-0.76894,0.63806,-0.04011,zhao_uCT_match
L,11,29,150.7,-2.07,-0.8715,0.48906,-0.03613,zhao_uCT_match
L,11,30,157.97,-3.2,-0.92554,0.37452,-0.05582,extrapolated_local_linear
L,12,1,-7.94,-43.48,0.71871,-0.10027,-0.68804,extrapolated_local_linear
L,12,2,-0.45,-42.84,0.73328,-0.00571,-0.6799,zhao_uCT_match
L,12,3,5.94,-41.5,0.74489,0.0775,-0.66267,zhao_uCT_match
L,12,4,12.44,-40.31,0.74469,0.16433,-0.64687,zhao_uCT_match
L,12,5,18.01,-38.7,0.74222,0.24137,-0.62518,zhao_uCT_match
L,12,6,23.61,-36.89,0.73283,0.32033,-0.60029,zhao_uCT_match
L,12,7,29.37,-35.1,0.71298,0.4013,-0.57499,zhao_uCT_match
L,12,8,34.8,-33.03,0.68844,0.47851,-0.54505,zhao_uCT_match
L,12,9,39.43,-31.02,0.66201,0.54427,-0.51528,zhao_uCT_match
L,12,10,43.98,-29.07,0.62897,0.60688,-0.48589,zhao_uCT_match
L,12,11,48.71,-26.84,0.58882,0.67041,-0.45149,zhao_uCT_match
L,12,12,53.63,-24.61,0.53919,0.73204,-0.4164,zhao_uCT_match
L,12,13,58.38,-22.35,0.48488,0.78757,-0.3803,zhao_uCT_match
L,12,14,62.99,-20.24,0.42604,0.83594,-0.34598,zhao_uCT_match
L,12,15,67.44,-18.24,0.36431,0.87709,-0.31303,zhao_uCT_match
L,12,16,71.96,-16.23,0.29731,0.91297,-0.27944,zhao_uCT_match
L,12,17,76.66,-14.2,0.22372,0.94326,-0.24536,zhao_uCT_match
L,12,18,81.36,-12.25,0.14681,0.96616,-0.2121,zhao_uCT_match
L,12,19,85.65,-10.48,0.07451,0.98051,-0.18181,zhao_uCT_match
L,12,20,89.93,-8.53,0.00129,0.98894,-0.14829,zhao_uCT_match
L,12,21,94.39,-6.67,-0.07595,0.99032,-0.1162,zhao_uCT_match
L,12,22,98.79,-4.72,-0.15229,0.98491,-0.08228,zhao_uCT_match
L,12,23,103.16,-3.28,-0.22734,0.97213,-0.05722,zhao_uCT_match
L,12,24,107.51,-1.94,-0.30069,0.95312,-0.03393,zhao_uCT_match
L,12,25,112.49,-0.61,-0.38249,0.9239,-0.01063,zhao_uCT_match
L,12,26,118.43,0.6,-0.47602,0.87938,0.01043,zhao_uCT_match
L,12,27,125.02,1.08,-0.57371,0.81884,0.01877,zhao_uCT_match
L,12,28,132.03,1.05,-0.66936,0.74271,0.01839,zhao_uCT_match
L,12,29,140.12,0.89,-0.76732,0.64108,0.01552,zhao_uCT_match
L,12,30,149.81,-0.52,-0.86436,0.50279,-0.00912,zhao_uCT_match
L,12,31,158.27,-0.25,-0.92894,0.3702,-0.00439,extrapolated_local_linear
L,13,1,-9.97,-39.9,0.75561,-0.13279,-0.64142,extrapolated_local_linear
L,13,2,-2.78,-38.65,0.78007,-0.03793,-0.62455,zhao_uCT_match
L,13,3,3.49,-37.85,0.78815,0.04804,-0.61361,zhao_uCT_match
L,13,4,9.74,-36.63,0.79093,0.13572,-0.59666,zhao_uCT_match
L,13,5,15.2,-35.39,0.78668,0.21372,-0.57919,zhao_uCT_match
L,13,6,20.51,-33.62,0.77995,0.29169,-0.55371,zhao_uCT_match
L,13,7,26.04,-31.73,0.76426,0.37334,-0.52585,zhao_uCT_match
L,13,8,31.35,-29.82,0.74093,0.45131,-0.49734,zhao_uCT_match
L,13,9,35.87,-28.0,0.71551,0.51735,-0.46946,zhao_uCT_match
L,13,10,40.24,-26.03,0.68596,0.58041,-0.43884,zhao_uCT_match
L,13,11,45.05,-23.7,0.64694,0.64798,-0.40199,zhao_uCT_match
L,13,12,49.59,-21.5,0.60313,0.70847,-0.36648,zhao_uCT_match
L,13,13,53.97,-19.38,0.55483,0.76289,-0.3319,zhao_uCT_match
L,13,14,58.49,-17.29,0.49898,0.81408,-0.29713,zhao_uCT_match
L,13,15,62.71,-15.32,0.44215,0.85713,-0.26427,zhao_uCT_match
L,13,16,67.07,-13.2,0.37928,0.89667,-0.22832,zhao_uCT_match
L,13,17,71.55,-11.26,0.31037,0.93033,-0.19533,zhao_uCT_match
L,13,18,76.0,-9.39,0.23873,0.95728,-0.16315,zhao_uCT_match
L,13,19,80.44,-7.38,0.16474,0.97793,-0.1285,zhao_uCT_match
L,13,20,84.84,-5.71,0.08945,0.99101,-0.09946,zhao_uCT_match
L,13,21,89.16,-3.75,0.0147,0.99775,-0.06543,zhao_uCT_match
L,13,22,93.6,-2.01,-0.06279,0.99741,-0.03515,zhao_uCT_match
L,13,23,97.96,-0.26,-0.13857,0.99034,-0.00453,zhao_uCT_match
L,13,24,101.95,0.92,-0.20695,0.97822,0.01613,zhao_uCT_match
L,13,25,106.55,2.03,-0.28459,0.95799,0.0355,zhao_uCT_match
L,13,26,112.08,3.31,-0.3752,0.92514,0.05773,zhao_uCT_match
L,13,27,118.1,3.78,-0.46993,0.88024,0.06594,zhao_uCT_match
L,13,28,124.79,4.0,-0.56911,0.81929,0.06977,zhao_uCT_match
L,13,29,132.1,4.29,-0.66853,0.73991,0.07483,zhao_uCT_match
L,13,30,141.02,4.06,-0.77547,0.62741,0.07078,zhao_uCT_match
L,13,31,151.26,3.02,-0.87562,0.48011,0.05265,zhao_uCT_match
L,13,32,159.02,3.1,-0.93232,0.35755,0.05413,extrapolated_local_linear
L,14,2,-6.57,-36.51,0.79845,-0.09197,-0.595,extrapolated_local_linear
L,14,3,-0.2,-34.73,0.82181,-0.0029,-0.56975,zhao_uCT_match
L,14,4,6.55,-33.62,0.82726,0.09496,-0.55374,zhao_uCT_match
L,14,5,12.05,-32.04,0.82902,0.17695,-0.53048,zhao_uCT_match
L,14,6,17.09,-30.39,0.82449,0.25353,-0.5059,zhao_uCT_match
L,14,7,22.26,-28.51,0.81318,0.33293,-0.47738,zhao_uCT_match
L,14,8,27.76,-26.43,0.79236,0.41713,-0.44517,zhao_uCT_match
L,14,9,32.39,-24.55,0.76806,0.48723,-0.41556,zhao_uCT_match
L,14,10,36.89,-22.91,0.73673,0.55288,-0.38931,zhao_uCT_match
L,14,11,41.55,-20.76,0.6998,0.62017,-0.3545,zhao_uCT_match
L,14,12,45.99,-18.59,0.6585,0.68169,-0.31887,zhao_uCT_match
L,14,13,50.15,-16.66,0.61393,0.73548,-0.28662,zhao_uCT_match
L,14,14,54.03,-14.48,0.56871,0.78361,-0.25006,zhao_uCT_match
L,14,15,58.29,-12.46,0.51324,0.83066,-0.21584,zhao_uCT_match
L,14,16,62.34,-10.39,0.45667,0.87118,-0.18028,zhao_uCT_match
L,14,17,66.76,-8.41,0.39042,0.90896,-0.14618,zhao_uCT_match
L,14,18,71.28,-6.83,0.31874,0.94035,-0.11893,zhao_uCT_match
L,14,19,75.71,-4.9,0.24596,0.9655,-0.08547,zhao_uCT_match
L,14,20,79.92,-2.95,0.17475,0.98327,-0.05148,zhao_uCT_match
L,14,21,83.96,-1.19,0.10525,0.99423,-0.02085,zhao_uCT_match
L,14,22,88.24,0.33,0.03076,0.99951,0.00576,zhao_uCT_match
L,14,23,92.82,1.8,-0.04917,0.9983,0.03135,zhao_uCT_match
L,14,24,97.45,3.26,-0.12938,0.98996,0.05687,zhao_uCT_match
L,14,25,101.6,3.97,-0.20063,0.97722,0.06925,zhao_uCT_match
L,14,26,106.6,5.47,-0.2844,0.95396,0.09525,zhao_uCT_match
L,14,27,112.34,6.37,-0.37781,0.9192,0.11101,zhao_uCT_match
L,14,28,118.26,7.03,-0.46994,0.87416,0.12244,zhao_uCT_match
L,14,29,125.32,7.68,-0.57295,0.80862,0.13364,zhao_uCT_match
L,14,30,133.34,8.08,-0.67955,0.72005,0.14048,zhao_uCT_match
L,14,31,142.87,7.76,-0.78992,0.59814,0.1351,zhao_uCT_match
L,14,32,151.8,7.87,-0.87296,0.46817,0.13697,zhao_uCT_match
L,15,2,-9.59,-33.87,0.81869,-0.13831,-0.55732,extrapolated_local_linear
L,15,3,-3.82,-33.95,0.82772,-0.05533,-0.5584,zhao_uCT_match
L,15,4,3.03,-31.09,0.85518,0.04524,-0.51636,zhao_uCT_match
L,15,5,8.96,-29.25,0.86184,0.1359,-0.48864,zhao_uCT_match
L,15,6,13.98,-27.22,0.86294,0.21476,-0.4574,zhao_uCT_match
L,15,7,18.88,-25.3,0.85544,0.29255,-0.42736,zhao_uCT_match
L,15,8,24.14,-23.52,0.83675,0.37502,-0.39901,zhao_uCT_match
L,15,9,29.11,-21.41,0.81341,0.45295,-0.36496,zhao_uCT_match
L,15,10,33.56,-19.52,0.78544,0.521,-0.33412,zhao_uCT_match
L,15,11,38.03,-17.72,0.75032,0.58682,-0.30442,zhao_uCT_match
L,15,12,42.32,-15.86,0.71129,0.64759,-0.2733,zhao_uCT_match
L,15,13,46.63,-14.06,0.66618,0.70513,-0.24289,zhao_uCT_match
L,15,14,50.49,-12.16,0.6219,0.75423,-0.21065,zhao_uCT_match
L,15,15,54.04,-9.85,0.57861,0.79747,-0.17107,zhao_uCT_match
L,15,16,57.96,-7.75,0.52571,0.83989,-0.13492,zhao_uCT_match
L,15,17,62.11,-5.9,0.46527,0.87918,-0.10277,zhao_uCT_match
L,15,18,66.3,-4.19,0.40086,0.91322,-0.07305,zhao_uCT_match
L,15,19,70.9,-2.53,0.32692,0.94402,-0.04418,zhao_uCT_match
L,15,20,75.27,-0.91,0.25417,0.96703,-0.01593,zhao_uCT_match
L,15,21,79.29,0.77,0.18584,0.98249,0.01342,zhao_uCT_match
L,15,22,83.25,2.21,0.11748,0.99233,0.03849,zhao_uCT_match
L,15,23,87.89,3.19,0.03679,0.99777,0.0557,zhao_uCT_match
L,15,24,92.75,4.61,-0.04786,0.99562,0.0803,zhao_uCT_match
L,15,25,97.62,5.89,-0.13183,0.98595,0.10259,zhao_uCT_match
L,15,26,102.08,7.52,-0.20752,0.96943,0.13089,zhao_uCT_match
L,15,27,107.61,9.32,-0.29846,0.94059,0.16191,zhao_uCT_match
L,15,28,113.33,10.38,-0.38958,0.90319,0.1802,zhao_uCT_match
L,15,29,119.44,11.23,-0.48214,0.85417,0.19479,zhao_uCT_match
L,15,30,127.03,11.85,-0.58933,0.78135,0.20541,zhao_uCT_match
L,15,31,135.44,11.95,-0.69708,0.68647,0.207,zhao_uCT_match
L,15,32,144.96,11.02,-0.80362,0.56358,0.19123,zhao_uCT_match
L,15,33,154.05,10.9,-0.88298,0.42961,0.18914,extrapolated_local_linear
L,16,3,-6.09,-29.45,0.86584,-0.0924,-0.49171,zhao_uCT_match
L,16,4,-0.11,-28.08,0.88232,-0.00166,-0.47065,zhao_uCT_match
L,16,5,5.76,-26.43,0.89094,0.08987,-0.44514,zhao_uCT_match
L,16,6,11.03,-24.51,0.89309,0.17412,-0.41481,zhao_uCT_match
L,16,7,15.85,-22.49,0.88881,0.25235,-0.38255,zhao_uCT_match
L,16,8,20.77,-20.53,0.87563,0.33204,-0.35074,zhao_uCT_match
L,16,9,25.62,-18.59,0.85467,0.4098,-0.31875,zhao_uCT_match
L,16,10,30.11,-16.75,0.82837,0.48031,-0.28827,zhao_uCT_match
L,16,11,34.52,-14.89,0.79621,0.54771,-0.25705,zhao_uCT_match
L,16,12,38.53,-13.22,0.76154,0.60645,-0.22864,zhao_uCT_match
L,16,13,42.6,-11.43,0.72148,0.66349,-0.19811,zhao_uCT_match
L,16,14,46.93,-9.52,0.6735,0.72047,-0.16531,zhao_uCT_match
L,16,15,50.45,-7.48,0.63134,0.76451,-0.13011,zhao_uCT_match
L,16,16,54.04,-5.33,0.58465,0.80595,-0.09289,zhao_uCT_match
L,16,17,57.87,-3.43,0.53084,0.84536,-0.05974,zhao_uCT_match
L,16,18,61.91,-1.71,0.4707,0.88179,-0.02986,zhao_uCT_match
L,16,19,65.85,0.11,0.40919,0.91245,0.00196,zhao_uCT_match
L,16,20,70.3,1.43,0.33703,0.94117,0.02488,zhao_uCT_match
L,16,21,74.68,2.53,0.2639,0.96354,0.04413,zhao_uCT_match
L,16,22,78.82,3.72,0.19351,0.97895,0.06489,zhao_uCT_match
L,16,23,83.59,4.91,0.11123,0.9901,0.08566,zhao_uCT_match
L,16,24,88.42,6.4,0.02737,0.9934,0.11142,zhao_uCT_match
L,16,25,93.28,8.1,-0.05664,0.98841,0.14088,zhao_uCT_match
L,16,26,98.51,9.88,-0.1458,0.97432,0.1716,zhao_uCT_match
L,16,27,103.62,12.06,-0.23022,0.95044,0.20896,zhao_uCT_match
L,16,28,109.09,13.7,-0.3178,0.91812,0.23677,zhao_uCT_match
L,16,29,114.84,14.9,-0.40599,0.87696,0.25713,zhao_uCT_match
L,16,30,122.06,15.72,-0.51087,0.81582,0.27101,zhao_uCT_match
L,16,31,129.44,16.21,-0.61007,0.74154,0.27918,zhao_uCT_match
L,16,32,137.84,16.11,-0.71214,0.64486,0.2775,zhao_uCT_match
L,16,33,148.47,15.31,-0.82214,0.50434,0.26406,zhao_uCT_match
L,17,3,-9.75,-27.01,0.8781,-0.15081,-0.45409,extrapolated_local_linear
L,17,4,-2.93,-25.28,0.90308,-0.04627,-0.42698,zhao_uCT_match
L,17,5,2.63,-23.6,0.91542,0.04202,-0.40031,zhao_uCT_match
L,17,6,7.79,-22.17,0.9175,0.12558,-0.37739,zhao_uCT_match
L,17,7,12.76,-20.24,0.91507,0.20716,-0.34601,zhao_uCT_match
L,17,8,17.58,-18.2,0.90558,0.28695,-0.31239,zhao_uCT_match
L,17,9,22.28,-16.07,0.88915,0.36436,-0.27685,zhao_uCT_match
L,17,10,26.78,-14.45,0.86447,0.43632,-0.24962,zhao_uCT_match
L,17,11,31.07,-12.54,0.83615,0.50372,-0.21706,zhao_uCT_match
L,17,12,35.34,-10.61,0.80182,0.56851,-0.18409,zhao_uCT_match
L,17,13,38.92,-8.86,0.76875,0.62073,-0.15401,zhao_uCT_match
L,17,14,42.89,-6.96,0.72722,0.67561,-0.1212,zhao_uCT_match
L,17,15,46.81,-5.06,0.6818,0.7262,-0.08823,zhao_uCT_match
L,17,16,50.41,-3.24,0.63624,0.76942,-0.05645,zhao_uCT_match
L,17,17,53.9,-1.14,0.58911,0.80781,-0.01996,zhao_uCT_match
L,17,18,57.59,0.45,0.53593,0.84422,0.00787,zhao_uCT_match
L,17,19,61.4,2.04,0.47842,0.87741,0.03556,zhao_uCT_match
L,17,20,65.45,3.48,0.41475,0.90791,0.06068,zhao_uCT_match
L,17,21,70.03,4.15,0.34056,0.93743,0.07242,zhao_uCT_match
L,17,22,74.58,5.58,0.26471,0.95941,0.09726,zhao_uCT_match
L,17,23,79.28,7.33,0.18442,0.97453,0.1276,zhao_uCT_match
L,17,24,84.26,8.71,0.0988,0.98353,0.15138,zhao_uCT_match
L,17,25,89.23,10.28,0.01322,0.98387,0.17842,zhao_uCT_match
L,17,26,94.37,12.1,-0.07444,0.97496,0.20956,zhao_uCT_match
L,17,27,99.83,14.5,-0.16529,0.95394,0.25036,zhao_uCT_match
L,17,28,105.18,16.45,-0.25119,0.92558,0.28321,zhao_uCT_match
L,17,29,110.58,18.05,-0.3342,0.89009,0.30992,zhao_uCT_match
L,17,30,117.5,19.56,-0.43505,0.83582,0.33487,zhao_uCT_match
L,17,31,124.94,20.4,-0.53684,0.76834,0.34851,zhao_uCT_match
L,17,32,132.3,20.44,-0.63064,0.69309,0.34916,zhao_uCT_match
L,17,33,141.29,18.94,-0.73809,0.59148,0.32462,zhao_uCT_match
L,18,4,-7.89,-23.31,0.90971,-0.12608,-0.39565,zhao_uCT_match
L,18,5,-0.94,-21.4,0.93094,-0.01525,-0.36486,zhao_uCT_match
L,18,6,4.41,-19.76,0.93836,0.07236,-0.338,zhao_uCT_match
L,18,7,9.5,-18.02,0.93791,0.15694,-0.30936,zhao_uCT_match
L,18,8,14.37,-15.81,0.93207,0.23873,-0.27248,zhao_uCT_match
L,18,9,18.7,-13.53,0.92092,0.31168,-0.234,zhao_uCT_match
L,18,10,23.22,-11.82,0.8995,0.38595,-0.2048,zhao_uCT_match
L,18,11,27.52,-10.16,0.87298,0.45474,-0.17637,zhao_uCT_match
L,18,12,31.71,-8.27,0.84185,0.52022,-0.14376,zhao_uCT_match
L,18,13,35.65,-6.45,0.80739,0.57921,-0.11241,zhao_uCT_match
L,18,14,39.04,-4.6,0.77415,0.62789,-0.08025,zhao_uCT_match
L,18,15,42.44,-2.57,0.7372,0.67418,-0.04486,zhao_uCT_match
L,18,16,46.24,-0.7,0.69153,0.72224,-0.01216,zhao_uCT_match
L,18,17,49.83,1.11,0.64497,0.76397,0.01933,zhao_uCT_match
L,18,18,53.63,2.53,0.59242,0.80442,0.04416,zhao_uCT_match
L,18,19,57.48,3.8,0.53646,0.84133,0.06623,zhao_uCT_match
L,18,20,61.46,4.86,0.47601,0.87535,0.08474,zhao_uCT_match
L,18,21,65.64,6.06,0.41023,0.90585,0.10556,zhao_uCT_match
L,18,22,70.28,7.43,0.33464,0.93342,0.1294,zhao_uCT_match
L,18,23,75.09,9.63,0.25375,0.95271,0.1672,zhao_uCT_match
L,18,24,79.92,11.36,0.17162,0.96528,0.19691,zhao_uCT_match
L,18,25,85.13,12.76,0.08285,0.97179,0.22083,zhao_uCT_match
L,18,26,90.49,14.55,-0.0082,0.96791,0.25115,zhao_uCT_match
L,18,27,95.64,16.91,-0.09403,0.95211,0.29093,zhao_uCT_match
L,18,28,101.39,19.03,-0.18665,0.92676,0.32601,zhao_uCT_match
L,18,29,107.04,20.88,-0.27378,0.89333,0.35638,zhao_uCT_match
L,18,30,113.03,22.79,-0.3606,0.84849,0.38735,zhao_uCT_match
L,18,31,120.17,23.99,-0.4592,0.78985,0.40652,zhao_uCT_match
L,18,32,127.94,24.58,-0.55915,0.71721,0.41589,zhao_uCT_match
L,18,33,135.73,23.91,-0.65463,0.63815,0.40524,zhao_uCT_match
L,18,34,144.35,22.41,-0.75118,0.53886,0.38126,zhao_uCT_match
L,19,4,-10.41,-20.83,0.91923,-0.16893,-0.35563,extrapolated_local_linear
L,19,5,-5.04,-18.29,0.94579,-0.08346,-0.31388,zhao_uCT_match
L,19,6,0.9,-17.41,0.95406,0.015,-0.29925,zhao_uCT_match
L,19,7,5.98,-15.53,0.95824,0.10042,-0.26774,zhao_uCT_match
L,19,8,10.93,-13.59,0.95437,0.1843,-0.23498,zhao_uCT_match
L,19,9,15.3,-11.4,0.94553,0.25864,-0.19767,zhao_uCT_match
L,19,10,19.57,-9.23,0.93005,0.33057,-0.1604,zhao_uCT_match
L,19,11,23.51,-7.44,0.90928,0.39554,-0.12943,zhao_uCT_match
L,19,12,27.54,-5.79,0.88213,0.46008,-0.10084,zhao_uCT_match
L,19,13,31.84,-4.08,0.8474,0.52616,-0.07117,zhao_uCT_match
L,19,14,35.61,-2.35,0.81229,0.58182,-0.04094,zhao_uCT_match
L,19,15,38.93,-0.31,0.77793,0.62833,-0.00539,zhao_uCT_match
L,19,16,42.25,1.63,0.73992,0.6721,0.02845,zhao_uCT_match
L,19,17,45.85,3.17,0.69545,0.71644,0.05537,zhao_uCT_match
L,19,18,49.7,4.25,0.64494,0.76062,0.07414,zhao_uCT_match
L,19,19,53.57,5.33,0.5913,0.80109,0.09287,zhao_uCT_match
L,19,20,57.45,6.76,0.53428,0.83706,0.11777,zhao_uCT_match
L,19,21,61.65,8.31,0.4699,0.87081,0.14451,zhao_uCT_match
L,19,22,66.38,9.66,0.39501,0.90322,0.16779,zhao_uCT_match
L,19,23,71.17,11.49,0.31636,0.92748,0.19924,zhao_uCT_match
L,19,24,75.83,13.72,0.23777,0.94192,0.23719,zhao_uCT_match
L,19,25,80.77,15.35,0.15472,0.95182,0.26475,zhao_uCT_match
L,19,26,86.21,17.19,0.06312,0.95326,0.2955,zhao_uCT_match
L,19,27,91.41,19.88,-0.02315,0.94012,0.34006,zhao_uCT_match
L,19,28,97.2,21.96,-0.11627,0.92014,0.37394,zhao_uCT_match
L,19,29,103.42,23.34,-0.21305,0.89308,0.39626,zhao_uCT_match
L,19,30,109.38,25.28,-0.29999,0.853,0.42707,zhao_uCT_match
L,19,31,115.84,27.16,-0.38786,0.80072,0.45652,zhao_uCT_match
L,19,32,123.39,28.31,-0.48453,0.7351,0.47418,zhao_uCT_match
L,19,33,131.73,28.42,-0.58536,0.65634,0.476,zhao_uCT_match
L,19,34,140.01,27.84,-0.67753,0.56822,0.46699,zhao_uCT_match
L,20,5,-7.68,-17.64,0.94442,-0.12742,-0.30304,extrapolated_local_linear
L,20,6,-2.18,-16.45,0.95838,-0.03647,-0.28315,zhao_uCT_match
L,20,7,2.72,-13.44,0.97151,0.04613,-0.23247,zhao_uCT_match
L,20,8,7.32,-11.23,0.97286,0.12491,-0.1948,zhao_uCT_match
L,20,9,11.88,-9.43,0.96535,0.20312,-0.16384,zhao_uCT_match
L,20,10,16.01,-7.19,0.95368,0.27359,-0.12511,zhao_uCT_match
L,20,11,19.73,-5.06,0.93765,0.33621,-0.08821,zhao_uCT_match
L,20,12,23.17,-3.28,0.91785,0.39279,-0.05714,zhao_uCT_match
L,20,13,27.32,-1.47,0.8882,0.45875,-0.02565,zhao_uCT_match
L,20,14,31.58,0.24,0.85191,0.52368,0.00422,zhao_uCT_match
L,20,15,35.33,1.91,0.81535,0.57801,0.03328,zhao_uCT_match
L,20,16,38.77,3.36,0.7783,0.62515,0.05864,zhao_uCT_match
L,20,17,42.29,4.64,0.73731,0.67069,0.08092,zhao_uCT_match
L,20,18,46.0,5.52,0.69137,0.71605,0.09627,zhao_uCT_match
L,20,19,50.07,6.83,0.63729,0.76139,0.1189,zhao_uCT_match
L,20,20,54.01,8.47,0.58131,0.80026,0.14721,zhao_uCT_match
L,20,21,58.04,10.43,0.5206,0.83438,0.18106,zhao_uCT_match
L,20,22,62.51,12.2,0.45118,0.86705,0.21135,zhao_uCT_match
L,20,23,67.25,13.83,0.37545,0.89551,0.23896,zhao_uCT_match
L,20,24,71.76,15.88,0.30101,0.9135,0.27369,zhao_uCT_match
L,20,25,76.64,18.14,0.21953,0.92462,0.31126,zhao_uCT_match
L,20,26,82.01,19.79,0.13085,0.93181,0.33855,zhao_uCT_match
L,20,27,87.27,22.2,0.04414,0.92482,0.37784,zhao_uCT_match
L,20,28,92.8,24.71,-0.04438,0.90736,0.41802,zhao_uCT_match
L,20,29,98.94,26.4,-0.13912,0.88481,0.44469,zhao_uCT_match
L,20,30,105.26,27.66,-0.23305,0.85451,0.46422,zhao_uCT_match
L,20,31,111.99,29.9,-0.32463,0.80383,0.49847,zhao_uCT_match
L,20,32,119.43,31.71,-0.41807,0.74095,0.52556,zhao_uCT_match
L,20,33,127.44,32.41,-0.51324,0.67026,0.53603,zhao_uCT_match
L,20,34,136.7,32.0,-0.61722,0.58157,0.52992,zhao_uCT_match
L,20,35,146.38,30.7,-0.71602,0.47617,0.51048,zhao_uCT_match
L,21,6,-4.92,-14.53,0.96446,-0.0831,-0.25082,zhao_uCT_match
L,21,7,-0.3,-12.12,0.97769,-0.00507,-0.21001,zhao_uCT_match
L,21,8,4.11,-9.63,0.98337,0.0707,-0.16728,zhao_uCT_match
L,21,9,8.12,-7.25,0.98206,0.14016,-0.12615,zhao_uCT_match
L,21,10,12.0,-5.19,0.97414,0.20706,-0.09037,zhao_uCT_match
L,21,11,16.23,-3.25,0.95858,0.2791,-0.05672,zhao_uCT_match
L,21,12,19.89,-1.41,0.94005,0.34014,-0.02462,zhao_uCT_match
L,21,13,23.38,0.48,0.91786,0.39681,0.00844,zhao_uCT_match
L,21,14,27.39,2.43,0.88706,0.4597,0.04244,zhao_uCT_match
L,21,15,31.65,3.87,0.84932,0.52354,0.0675,zhao_uCT_match
L,21,16,35.33,4.95,0.81276,0.57618,0.08622,zhao_uCT_match
L,21,17,38.94,5.89,0.77373,0.62516,0.10256,zhao_uCT_match
L,21,18,42.66,7.21,0.72954,0.67231,0.12554,zhao_uCT_match
L,21,19,46.66,8.8,0.67823,0.71874,0.15301,zhao_uCT_match
L,21,20,50.66,10.62,0.62305,0.76018,0.18421,zhao_uCT_match
L,21,21,54.81,12.52,0.56253,0.79786,0.21676,zhao_uCT_match
L,21,22,58.97,14.41,0.4993,0.82992,0.24887,zhao_uCT_match
L,21,23,63.33,16.31,0.43075,0.85764,0.28091,zhao_uCT_match
L,21,24,67.73,18.46,0.35939,0.8778,0.31671,zhao_uCT_match
L,21,25,72.45,20.68,0.2821,0.89203,0.35313,zhao_uCT_match
L,21,26,77.95,22.76,0.19255,0.90181,0.38688,zhao_uCT_match
L,21,27,83.62,24.75,0.10094,0.9025,0.4187,zhao_uCT_match
L,21,28,88.93,26.96,0.01667,0.89114,0.45341,zhao_uCT_match
L,21,29,94.74,29.52,-0.07186,0.86723,0.49269,zhao_uCT_match
L,21,30,101.22,30.91,-0.1669,0.84157,0.51371,zhao_uCT_match
L,21,31,108.0,32.51,-0.2606,0.80204,0.53742,zhao_uCT_match
L,21,32,115.61,34.53,-0.35605,0.74288,0.56689,zhao_uCT_match
L,21,33,123.41,35.59,-0.44778,0.67877,0.58204,zhao_uCT_match
L,21,34,131.85,35.71,-0.5418,0.60481,0.58366,zhao_uCT_match
L,21,35,140.15,34.84,-0.63018,0.52591,0.57122,zhao_uCT_match
L,21,36,150.29,33.46,-0.72458,0.41351,0.55136,extrapolated_local_linear
L,22,7,-4.24,-10.79,0.97964,-0.07261,-0.18719,zhao_uCT_match
L,22,8,0.79,-8.54,0.98882,0.01359,-0.14851,zhao_uCT_match
L,22,9,4.83,-6.0,0.99099,0.08369,-0.10453,zhao_uCT_match
L,22,10,8.67,-3.27,0.98697,0.15042,-0.05706,zhao_uCT_match
L,22,11,12.31,-1.27,0.97678,0.21311,-0.02209,zhao_uCT_match
L,22,12,15.95,0.38,0.96148,0.27478,0.00662,zhao_uCT_match
L,22,13,19.9,2.05,0.93967,0.34021,0.03573,zhao_uCT_match
L,22,14,23.69,3.76,0.91372,0.401,0.06565,zhao_uCT_match
L,22,15,27.78,5.36,0.88088,0.46403,0.09337,zhao_uCT_match
L,22,16,31.84,6.33,0.84435,0.52435,0.11019,zhao_uCT_match
L,22,17,35.7,7.6,0.80495,0.57841,0.13229,zhao_uCT_match
L,22,18,39.31,9.11,0.76397,0.62551,0.15836,zhao_uCT_match
L,22,19,42.91,10.92,0.7192,0.66849,0.18939,zhao_uCT_match
L,22,20,46.86,12.8,0.66685,0.71151,0.2215,zhao_uCT_match
L,22,21,50.96,14.74,0.60916,0.75113,0.25441,zhao_uCT_match
L,22,22,54.95,16.55,0.55053,0.78469,0.28492,zhao_uCT_match
L,22,23,59.19,18.58,0.48545,0.81415,0.31858,zhao_uCT_match
L,22,24,63.67,20.79,0.41468,0.83786,0.35501,zhao_uCT_match
L,22,25,68.39,23.21,0.3385,0.85445,0.39414,zhao_uCT_match
L,22,26,73.56,25.44,0.25552,0.8661,0.42963,zhao_uCT_match
L,22,27,79.39,27.44,0.16347,0.87229,0.46086,zhao_uCT_match
L,22,28,85.31,29.35,0.07121,0.86869,0.49021,zhao_uCT_match
L,22,29,90.81,31.76,-0.01198,0.85015,0.5264,zhao_uCT_match
L,22,30,97.07,34.13,-0.10189,0.82146,0.56109,zhao_uCT_match
L,22,31,104.17,35.87,-0.19843,0.78566,0.58597,zhao_uCT_match
L,22,32,111.69,37.41,-0.2936,0.73808,0.60748,zhao_uCT_match
L,22,33,119.62,38.64,-0.386,0.67906,0.6244,zhao_uCT_match
L,22,34,127.71,39.17,-0.47419,0.61342,0.63156,zhao_uCT_match
L,22,35,136.8,38.69,-0.56896,0.53427,0.62517,zhao_uCT_match
L,22,36,147.01,37.36,-0.66673,0.43277,0.60679,zhao_uCT_match
L,23,8,-3.35,-7.28,0.99023,-0.05803,-0.12679,zhao_uCT_match
L,23,9,1.0,-4.82,0.99632,0.01741,-0.08397,zhao_uCT_match
L,23,10,4.99,-1.92,0.99566,0.08688,-0.03345,zhao_uCT_match
L,23,11,8.83,0.47,0.98812,0.15345,0.00822,zhao_uCT_match
L,23,12,12.15,2.24,0.97684,0.21037,0.03907,zhao_uCT_match
L,23,13,15.95,3.69,0.9595,0.27426,0.06432,zhao_uCT_match
L,23,14,19.89,4.9,0.93691,0.33897,0.0854,zhao_uCT_match
L,23,15,23.92,6.13,0.90891,0.40309,0.10682,zhao_uCT_match
L,23,16,28.15,7.91,0.87336,0.46724,0.13756,zhao_uCT_match
L,23,17,32.15,9.77,0.8344,0.52439,0.16969,zhao_uCT_match
L,23,18,35.71,11.52,0.79562,0.57195,0.19966,zhao_uCT_match
L,23,19,39.11,13.28,0.75522,0.6139,0.22971,zhao_uCT_match
L,23,20,42.41,15.03,0.71308,0.65132,0.2594,zhao_uCT_match
L,23,21,46.31,17.06,0.66042,0.69121,0.29339,zhao_uCT_match
L,23,22,50.48,18.81,0.6024,0.73014,0.32249,zhao_uCT_match
L,23,23,55.02,20.85,0.5357,0.76573,0.35593,zhao_uCT_match
L,23,24,59.78,23.12,0.46285,0.79471,0.39268,zhao_uCT_match
L,23,25,64.41,25.74,0.38899,0.81242,0.43436,zhao_uCT_match
L,23,26,69.22,28.1,0.31295,0.82472,0.47106,zhao_uCT_match
L,23,27,74.97,30.23,0.22398,0.83443,0.50354,zhao_uCT_match
L,23,28,80.84,32.45,0.13438,0.83308,0.53658,zhao_uCT_match
L,23,29,86.65,34.72,0.048,0.82058,0.56951,zhao_uCT_match
L,23,30,92.68,36.97,-0.03738,0.79808,0.60139,zhao_uCT_match
L,23,31,99.94,39.26,-0.1336,0.76272,0.63278,zhao_uCT_match
L,23,32,108.11,41.09,-0.23433,0.7163,0.65727,zhao_uCT_match
L,23,33,116.02,42.23,-0.3248,0.6654,0.67212,zhao_uCT_match
L,23,34,124.15,42.71,-0.41247,0.60814,0.67826,zhao_uCT_match
L,23,35,133.11,42.91,-0.50054,0.53462,0.68091,zhao_uCT_match
L,23,36,143.43,41.23,-0.60397,0.44808,0.65913,zhao_uCT_match
L,23,37,153.13,40.1,-0.68229,0.34576,0.64415,extrapolated_local_linear
L,24,9,-3.15,-4.04,0.99601,-0.05473,-0.07053,zhao_uCT_match
L,24,10,0.66,-0.74,0.99985,0.01158,-0.01288,zhao_uCT_match
L,24,11,4.73,2.07,0.99594,0.0824,0.03617,zhao_uCT_match
L,24,12,8.41,3.77,0.98711,0.14591,0.06571,zhao_uCT_match
L,24,13,12.37,5.14,0.97284,0.2134,0.08965,zhao_uCT_match
L,24,14,16.07,6.23,0.95524,0.27521,0.10853,zhao_uCT_match
L,24,15,19.91,7.51,0.9322,0.33755,0.13065,zhao_uCT_match
L,24,16,23.88,9.44,0.90201,0.39934,0.16401,zhao_uCT_match
L,24,17,27.89,11.81,0.86516,0.45784,0.20465,zhao_uCT_match
L,24,18,31.66,13.91,0.82619,0.5095,0.24046,zhao_uCT_match
L,24,19,35.41,15.64,0.78488,0.55796,0.26952,zhao_uCT_match
L,24,20,38.73,17.47,0.7441,0.59678,0.30028,zhao_uCT_match
L,24,21,41.83,19.41,0.70279,0.62901,0.33231,zhao_uCT_match
L,24,22,45.8,21.34,0.64933,0.66775,0.36398,zhao_uCT_match
L,24,23,50.56,23.4,0.58305,0.70872,0.3972,zhao_uCT_match
L,24,24,55.49,25.87,0.50978,0.74149,0.43625,zhao_uCT_match
L,24,25,60.34,28.5,0.43489,0.76371,0.4771,zhao_uCT_match
L,24,26,65.18,30.93,0.36013,0.77858,0.51393,zhao_uCT_match
L,24,27,70.48,33.05,0.28012,0.79,0.54537,zhao_uCT_match
L,24,28,76.38,35.39,0.19202,0.79227,0.57917,zhao_uCT_match
L,24,29,82.09,37.65,0.109,0.7842,0.61085,zhao_uCT_match
L,24,30,88.6,40.04,0.01871,0.76538,0.6433,zhao_uCT_match
L,24,31,95.52,41.99,-0.07146,0.73986,0.66896,zhao_uCT_match
L,24,32,103.87,43.97,-0.17253,0.69873,0.69427,zhao_uCT_match
L,24,33,112.49,45.33,-0.26892,0.64951,0.71121,zhao_uCT_match
L,24,34,120.84,46.22,-0.35475,0.59405,0.72198,zhao_uCT_match
L,24,35,129.61,46.66,-0.43755,0.52876,0.7273,zhao_uCT_match
L,24,36,139.46,46.48,-0.52335,0.44759,0.72509,zhao_uCT_match
L,24,37,150.87,45.35,-0.61383,0.34209,0.71147,zhao_uCT_match
L,25,10,-4.65,0.82,0.9966,-0.08109,0.01438,zhao_uCT_match
L,25,11,0.23,2.73,0.99886,0.00409,0.04764,zhao_uCT_match
L,25,12,4.28,4.71,0.99385,0.07434,0.08213,zhao_uCT_match
L,25,13,8.36,6.04,0.98387,0.14466,0.10519,zhao_uCT_match
L,25,14,12.13,7.69,0.96887,0.20827,0.13385,zhao_uCT_match
L,25,15,16.01,9.3,0.94859,0.27214,0.16161,zhao_uCT_match
L,25,16,19.81,11.17,0.92302,0.33248,0.19364,zhao_uCT_match
L,25,17,23.76,13.5,0.88994,0.39183,0.23339,zhao_uCT_match
L,25,18,27.55,15.79,0.85317,0.445,0.27218,zhao_uCT_match
L,25,19,31.32,17.82,0.8133,0.49485,0.30604,zhao_uCT_match
L,25,20,35.18,19.65,0.76971,0.54261,0.33635,zhao_uCT_match
L,25,21,38.25,21.6,0.73014,0.57565,0.36814,zhao_uCT_match
L,25,22,41.54,23.71,0.68527,0.60719,0.40215,zhao_uCT_match
L,25,23,45.82,26.16,0.62551,0.64369,0.44091,zhao_uCT_match
L,25,24,50.61,28.68,0.55672,0.678,0.47997,zhao_uCT_match
L,25,25,55.42,31.23,0.4853,0.70405,0.51846,zhao_uCT_match
L,25,26,60.23,33.61,0.41347,0.72292,0.55356,zhao_uCT_match
L,25,27,65.37,35.8,0.33803,0.73732,0.58489,zhao_uCT_match
L,25,28,71.36,38.42,0.25043,0.74238,0.62141,zhao_uCT_match
L,25,29,77.48,40.58,0.16466,0.74143,0.65051,zhao_uCT_match
L,25,30,84.46,42.97,0.07062,0.72829,0.68162,zhao_uCT_match
L,25,31,91.66,44.86,-0.02056,0.70854,0.70537,zhao_uCT_match
L,25,32,99.55,46.56,-0.11405,0.67806,0.7261,zhao_uCT_match
L,25,33,107.77,47.87,-0.20474,0.63881,0.74162,zhao_uCT_match
L,25,34,116.69,49.21,-0.29342,0.5837,0.7571,zhao_uCT_match
L,25,35,125.67,49.66,-0.37748,0.52584,0.76224,zhao_uCT_match
L,25,36,135.55,50.05,-0.45834,0.44963,0.76666,zhao_uCT_match
L,25,37,148.4,48.08,-0.56908,0.35011,0.74402,zhao_uCT_match
L,25,38,159.34,45.71,-0.65331,0.2464,0.71587,extrapolated_local_linear
L,26,11,-4.62,3.06,0.99532,-0.08046,0.05345,zhao_uCT_match
L,26,12,0.06,4.82,0.99646,0.00102,0.08406,zhao_uCT_match
L,26,13,4.18,6.81,0.9903,0.07245,0.11854,zhao_uCT_match
L,26,14,8.22,8.93,0.97773,0.14128,0.1552,zhao_uCT_match
L,26,15,11.99,10.99,0.96025,0.20387,0.19069,zhao_uCT_match
L,26,16,15.71,12.87,0.93845,0.26394,0.2228,zhao_uCT_match
L,26,17,19.83,15.12,0.90809,0.32756,0.26092,zhao_uCT_match
L,26,18,23.54,17.43,0.87472,0.38103,0.29947,zhao_uCT_match
L,26,19,27.2,19.56,0.83811,0.43065,0.33483,zhao_uCT_match
L,26,20,31.0,21.73,0.79632,0.4784,0.37015,zhao_uCT_match
L,26,21,34.68,23.75,0.7527,0.52086,0.40267,zhao_uCT_match
L,26,22,37.94,25.78,0.71015,0.55362,0.43497,zhao_uCT_match
L,26,23,41.85,28.33,0.65566,0.58729,0.47455,zhao_uCT_match
L,26,24,45.99,30.93,0.59596,0.61694,0.51403,zhao_uCT_match
L,26,25,50.59,33.62,0.52869,0.6433,0.55375,zhao_uCT_match
L,26,26,55.36,35.98,0.46,0.6658,0.58746,zhao_uCT_match
L,26,27,60.22,38.55,0.38843,0.67875,0.62323,zhao_uCT_match
L,26,28,65.9,41.19,0.30727,0.68689,0.65862,zhao_uCT_match
L,26,29,72.04,43.64,0.22316,0.68845,0.6901,zhao_uCT_match
L,26,30,79.44,45.84,0.12773,0.68484,0.71741,zhao_uCT_match
L,26,31,87.33,47.66,0.03133,0.67274,0.73921,zhao_uCT_match
L,26,32,95.27,49.46,-0.05971,0.64728,0.75991,zhao_uCT_match
L,26,33,103.59,50.74,-0.14875,0.61511,0.77428,zhao_uCT_match
L,26,34,112.19,51.83,-0.23344,0.57221,0.78618,zhao_uCT_match
L,26,35,121.76,52.82,-0.31808,0.51389,0.79671,zhao_uCT_match
L,26,36,131.98,53.35,-0.39932,0.44375,0.80227,zhao_uCT_match
L,26,37,144.79,52.69,-0.4952,0.34949,0.79538,zhao_uCT_match
L,26,38,158.78,48.9,-0.61285,0.23799,0.75351,zhao_uCT_match
L,27,12,-4.06,4.35,0.99461,-0.07068,0.07589,zhao_uCT_match
L,27,13,-0.01,7.24,0.99203,-0.00018,0.12601,zhao_uCT_match
L,27,14,4.31,9.94,0.9822,0.07406,0.17262,zhao_uCT_match
L,27,15,8.19,12.39,0.96673,0.13917,0.21461,zhao_uCT_match
L,27,16,11.88,14.57,0.94712,0.19928,0.2515,zhao_uCT_match
L,27,17,15.75,16.82,0.92126,0.25984,0.28941,zhao_uCT_match
L,27,18,19.71,19.22,0.88891,0.31847,0.32926,zhao_uCT_match
L,27,19,23.3,21.38,0.85524,0.36827,0.36462,zhao_uCT_match
L,27,20,26.77,23.49,0.81882,0.41306,0.39865,zhao_uCT_match
L,27,21,30.27,25.74,0.77795,0.45402,0.43436,zhao_uCT_match
L,27,22,34.08,28.07,0.73085,0.49446,0.47049,zhao_uCT_match
L,27,23,37.91,30.3,0.6812,0.53046,0.50455,zhao_uCT_match
L,27,24,42.18,32.87,0.62243,0.56399,0.54268,zhao_uCT_match
L,27,25,46.18,35.46,0.56395,0.58778,0.58007,zhao_uCT_match
L,27,26,50.95,38.14,0.49554,0.61079,0.61756,zhao_uCT_match
L,27,27,55.81,41.02,0.42404,0.6241,0.65627,zhao_uCT_match
L,27,28,61.09,43.83,0.34872,0.6315,0.69253,zhao_uCT_match
L,27,29,66.69,46.15,0.27411,0.63624,0.72116,zhao_uCT_match
L,27,30,73.78,48.46,0.18527,0.63668,0.74854,zhao_uCT_match
L,27,31,81.79,50.53,0.09082,0.62914,0.77197,zhao_uCT_match
L,27,32,90.1,52.16,-0.00112,0.61348,0.78971,zhao_uCT_match
L,27,33,98.58,53.92,-0.08783,0.58235,0.80818,zhao_uCT_match
L,27,34,108.33,55.25,-0.17929,0.54108,0.82164,zhao_uCT_match
L,27,35,118.06,55.9,-0.26375,0.49473,0.82806,zhao_uCT_match
L,27,36,129.19,56.69,-0.34703,0.42571,0.83567,zhao_uCT_match
L,27,37,142.1,56.0,-0.4413,0.34355,0.82899,zhao_uCT_match
L,27,38,156.52,52.94,-0.55277,0.24012,0.79799,zhao_uCT_match
L,27,39,168.72,49.31,-0.63937,0.12758,0.75824,extrapolated_local_linear
L,28,13,-4.2,6.73,0.99044,-0.0727,0.11724,zhao_uCT_match
L,28,14,0.18,10.19,0.98423,0.00301,0.17685,zhao_uCT_match
L,28,15,4.23,13.26,0.97069,0.07183,0.22936,zhao_uCT_match
L,28,16,7.64,15.88,0.95328,0.12786,0.2737,zhao_uCT_match
L,28,17,11.01,18.3,0.93196,0.18132,0.31397,zhao_uCT_match
L,28,18,14.93,20.86,0.90291,0.24076,0.35607,zhao_uCT_match
L,28,19,18.48,23.26,0.87135,0.29123,0.39488,zhao_uCT_match
L,28,20,22.11,25.47,0.83646,0.33976,0.42999,zhao_uCT_match
L,28,21,25.95,27.59,0.79691,0.38789,0.46311,zhao_uCT_match
L,28,22,29.87,30.18,0.7496,0.43051,0.50276,zhao_uCT_match
L,28,23,33.83,32.77,0.69843,0.46817,0.54131,zhao_uCT_match
L,28,24,37.83,35.24,0.6451,0.50095,0.57696,zhao_uCT_match
L,28,25,41.57,37.86,0.59062,0.52385,0.6138,zhao_uCT_match
L,28,26,46.06,40.43,0.52822,0.54809,0.64852,zhao_uCT_match
L,28,27,51.29,43.37,0.45459,0.56721,0.68675,zhao_uCT_match
L,28,28,56.28,46.36,0.38312,0.57402,0.72369,zhao_uCT_match
L,28,29,61.49,48.56,0.31594,0.58157,0.74964,zhao_uCT_match
L,28,30,67.96,51.11,0.23556,0.58199,0.77833,zhao_uCT_match
L,28,31,76.3,53.45,0.14104,0.57858,0.80334,zhao_uCT_match
L,28,32,84.94,55.42,0.05003,0.56541,0.82329,zhao_uCT_match
L,28,33,93.63,56.93,-0.03455,0.54458,0.838,zhao_uCT_match
L,28,34,103.67,58.79,-0.12242,0.50345,0.85531,zhao_uCT_match
L,28,35,114.53,59.86,-0.20847,0.45678,0.86481,zhao_uCT_match
L,28,36,125.95,60.25,-0.29136,0.40174,0.86817,zhao_uCT_match
L,28,37,140.06,59.73,-0.38645,0.32357,0.86369,zhao_uCT_match
L,28,38,157.25,56.53,-0.50864,0.21324,0.83416,zhao_uCT_match
L,28,39,168.83,53.38,-0.5852,0.11555,0.80261,extrapolated_local_linear
L,29,14,-3.99,9.62,0.98356,-0.06857,0.16704,zhao_uCT_match
L,29,15,-0.05,13.59,0.972,-0.0008,0.23499,zhao_uCT_match
L,29,16,3.39,16.69,0.95621,0.05664,0.28713,zhao_uCT_match
L,29,17,6.5,19.46,0.93678,0.10678,0.33323,zhao_uCT_match
L,29,18,9.88,22.0,0.91342,0.15915,0.37461,zhao_uCT_match
L,29,19,13.31,24.38,0.88634,0.20976,0.41279,zhao_uCT_match
L,29,20,16.94,26.86,0.85339,0.26,0.45181,zhao_uCT_match
L,29,21,21.02,29.34,0.81371,0.31267,0.49002,zhao_uCT_match
L,29,22,25.28,31.77,0.76874,0.36313,0.52648,zhao_uCT_match
L,29,23,29.1,34.68,0.7185,0.39993,0.56905,zhao_uCT_match
L,29,24,32.86,37.43,0.66705,0.43081,0.60782,zhao_uCT_match
L,29,25,36.48,40.13,0.6148,0.45453,0.64453,zhao_uCT_match
L,29,26,40.31,42.79,0.55964,0.47474,0.67929,zhao_uCT_match
L,29,27,45.24,45.55,0.49313,0.49724,0.71385,zhao_uCT_match
L,29,28,50.52,48.37,0.42234,0.51273,0.74749,zhao_uCT_match
L,29,29,55.82,51.11,0.35267,0.51936,0.77839,zhao_uCT_match
L,29,30,61.86,53.58,0.27998,0.52358,0.80466,zhao_uCT_match
L,29,31,69.88,56.12,0.19179,0.52341,0.83021,zhao_uCT_match
L,29,32,78.51,58.17,0.10507,0.51682,0.84962,zhao_uCT_match
L,29,33,88.05,60.18,0.01691,0.49699,0.86759,zhao_uCT_match
L,29,34,99.03,62.11,-0.07341,0.46201,0.88383,zhao_uCT_match
L,29,35,110.26,63.49,-0.15455,0.41871,0.89487,zhao_uCT_match
L,29,36,122.96,64.04,-0.23817,0.36725,0.89911,zhao_uCT_match
L,29,37,138.16,63.71,-0.33001,0.29552,0.89653,zhao_uCT_match
L,29,38,154.62,61.45,-0.43186,0.20489,0.87836,zhao_uCT_match
L,29,39,169.69,57.64,-0.52658,0.09582,0.84471,extrapolated_local_linear
L,30,15,-4.35,13.47,0.96968,-0.07381,0.23295,zhao_uCT_match
L,30,16,-0.99,17.3,0.95463,-0.01656,0.29735,zhao_uCT_match
L,30,17,2.11,20.23,0.93765,0.03461,0.34586,zhao_uCT_match
L,30,18,5.29,22.95,0.91691,0.08494,0.38994,zhao_uCT_match
L,30,19,8.61,25.42,0.89301,0.13522,0.42925,zhao_uCT_match
L,30,20,11.79,27.89,0.86522,0.18064,0.46772,zhao_uCT_match
L,30,21,15.55,30.39,0.83103,0.23125,0.50588,zhao_uCT_match
L,30,22,19.65,32.75,0.79203,0.28283,0.54101,zhao_uCT_match
L,30,23,23.56,35.71,0.74428,0.32458,0.58369,zhao_uCT_match
L,30,24,27.43,38.95,0.69027,0.35824,0.62864,zhao_uCT_match
L,30,25,31.25,41.96,0.63568,0.38577,0.66865,zhao_uCT_match
L,30,26,34.95,44.77,0.58191,0.4067,0.70426,zhao_uCT_match
L,30,27,38.83,47.45,0.52678,0.42398,0.73671,zhao_uCT_match
L,30,28,44.03,50.24,0.45979,0.44449,0.76878,zhao_uCT_match
L,30,29,49.63,53.16,0.38836,0.45679,0.80033,zhao_uCT_match
L,30,30,55.59,55.89,0.31694,0.4627,0.82792,zhao_uCT_match
L,30,31,63.22,58.59,0.23479,0.46527,0.85346,zhao_uCT_match
L,30,32,71.39,60.83,0.15554,0.46198,0.87314,zhao_uCT_match
L,30,33,80.9,63.25,0.07117,0.44445,0.89297,zhao_uCT_match
L,30,34,93.63,65.6,-0.02617,0.41233,0.91066,zhao_uCT_match
L,30,35,107.16,67.14,-0.11459,0.37113,0.92148,zhao_uCT_match
L,30,36,120.46,67.81,-0.19142,0.32553,0.92595,zhao_uCT_match
L,30,37,137.11,67.68,-0.2782,0.25842,0.92511,zhao_uCT_match
L,30,38,155.45,65.72,-0.37401,0.17081,0.91156,zhao_uCT_match
L,30,39,172.25,62.21,-0.46196,0.06286,0.88467,zhao_uCT_match
L,31,16,-6.24,18.39,0.94331,-0.10307,0.31552,zhao_uCT_match
L,31,17,-2.2,21.19,0.9317,-0.03573,0.36146,zhao_uCT_match
L,31,18,0.12,23.47,0.91727,0.0019,0.39826,zhao_uCT_match
L,31,19,3.44,26.03,0.8969,0.05398,0.43892,zhao_uCT_match
L,31,20,7.08,28.63,0.871,0.10819,0.47922,zhao_uCT_match
L,31,21,10.31,31.04,0.84301,0.15336,0.51557,zhao_uCT_match
L,31,22,14.12,33.91,0.80487,0.20251,0.55783,zhao_uCT_match
L,31,23,17.83,36.85,0.76177,0.24503,0.59972,zhao_uCT_match
L,31,24,21.47,40.0,0.71285,0.28036,0.64284,zhao_uCT_match
L,31,25,25.22,43.07,0.66088,0.31124,0.68291,zhao_uCT_match
L,31,26,29.21,46.26,0.60347,0.33742,0.72247,zhao_uCT_match
L,31,27,33.42,49.82,0.53853,0.35536,0.76401,zhao_uCT_match
L,31,28,38.04,52.59,0.47847,0.37438,0.79429,zhao_uCT_match
L,31,29,43.56,55.43,0.41115,0.39104,0.82343,zhao_uCT_match
L,31,30,49.14,58.28,0.34394,0.39768,0.85062,zhao_uCT_match
L,31,31,55.7,61.15,0.27187,0.39856,0.87592,zhao_uCT_match
L,31,32,64.46,63.87,0.18993,0.3974,0.89777,zhao_uCT_match
L,31,33,73.84,66.69,0.1101,0.38006,0.91838,zhao_uCT_match
L,31,34,86.59,69.29,0.02104,0.35293,0.93541,zhao_uCT_match
L,31,35,103.27,71.28,-0.07363,0.31234,0.94711,zhao_uCT_match
L,31,36,120.65,72.17,-0.15611,0.26344,0.95196,zhao_uCT_match
L,31,37,138.24,71.9,-0.23174,0.20689,0.95052,zhao_uCT_match
L,31,38,158.5,69.76,-0.32195,0.12683,0.93822,zhao_uCT_match
L,32,18,-5.76,24.48,0.90553,-0.09131,0.41434,zhao_uCT_match
L,32,19,-3.07,25.28,0.90291,-0.04838,0.4271,zhao_uCT_match
L,32,20,1.11,28.96,0.8748,0.01689,0.4842,zhao_uCT_match
L,32,21,4.81,31.75,0.84739,0.07125,0.52616,zhao_uCT_match
L,32,22,8.31,34.68,0.81369,0.1188,0.56903,zhao_uCT_match
L,32,23,11.97,37.88,0.7721,0.16375,0.61405,zhao_uCT_match
L,32,24,15.57,41.25,0.72428,0.20182,0.65931,zhao_uCT_match
L,32,25,19.1,44.29,0.67641,0.23423,0.69829,zhao_uCT_match
L,32,26,22.88,47.51,0.62229,0.26267,0.7374,zhao_uCT_match
L,32,27,26.83,51.12,0.56009,0.28335,0.77847,zhao_uCT_match
L,32,28,31.48,54.59,0.49419,0.30257,0.815,zhao_uCT_match
L,32,29,36.89,57.73,0.42708,0.32053,0.8455,zhao_uCT_match
L,32,30,42.77,60.41,0.36249,0.3353,0.86958,zhao_uCT_match
L,32,31,47.97,63.13,0.30257,0.33569,0.89205,zhao_uCT_match
L,32,32,54.73,66.14,0.23354,0.33026,0.91454,zhao_uCT_match
L,32,33,65.12,69.65,0.14631,0.31552,0.93757,zhao_uCT_match
L,32,34,78.03,72.69,0.06172,0.2911,0.9547,zhao_uCT_match
L,32,35,96.33,75.13,-0.02829,0.25499,0.96653,zhao_uCT_match
L,32,36,119.98,76.58,-0.11602,0.20107,0.97268,zhao_uCT_match
L,32,37,143.75,75.98,-0.19532,0.14322,0.97023,zhao_uCT_match
L,32,38,161.62,74.53,-0.25318,0.08414,0.96375,zhao_uCT_match
L,33,19,-7.75,26.46,0.88711,-0.12069,0.44551,extrapolated_local_linear
L,33,20,-5.44,28.06,0.87851,-0.08374,0.47033,zhao_uCT_match
L,33,21,-1.19,32.31,0.84496,-0.01752,0.53454,zhao_uCT_match
L,33,22,2.29,35.43,0.81413,0.03257,0.57977,zhao_uCT_match
L,33,23,5.86,38.48,0.77871,0.07991,0.62227,zhao_uCT_match
L,33,24,9.38,41.94,0.73385,0.12118,0.66842,zhao_uCT_match
L,33,25,13.02,45.29,0.68545,0.1585,0.71066,zhao_uCT_match
L,33,26,16.27,48.77,0.63264,0.1846,0.75213,zhao_uCT_match
L,33,27,20.28,52.44,0.57181,0.21132,0.7927,zhao_uCT_match
L,33,28,24.19,55.8,0.51269,0.23035,0.8271,zhao_uCT_match
L,33,29,29.1,59.32,0.44585,0.24821,0.86,zhao_uCT_match
L,33,30,34.79,62.56,0.37845,0.26295,0.88749,zhao_uCT_match
L,33,31,40.19,65.32,0.31903,0.26949,0.90862,zhao_uCT_match
L,33,32,45.32,68.2,0.26108,0.26401,0.92851,zhao_uCT_match
L,33,33,53.45,72.0,0.18406,0.24828,0.95104,zhao_uCT_match
L,33,34,67.0,76.2,0.09319,0.2195,0.97115,zhao_uCT_match
L,33,35,88.09,79.54,0.00604,0.18139,0.98339,zhao_uCT_match
L,33,36,121.6,81.27,-0.07956,0.12935,0.9884,zhao_uCT_match
L,33,37,154.14,80.12,-0.15444,0.07485,0.98516,zhao_uCT_match
L,34,22,-4.36,36.84,0.79801,-0.06078,0.59957,zhao_uCT_match
L,34,23,-1.09,38.46,0.78295,-0.01488,0.62191,zhao_uCT_match
L,34,24,2.42,42.17,0.74053,0.03128,0.67129,zhao_uCT_match
L,34,25,5.73,45.75,0.69429,0.06973,0.71631,zhao_uCT_match
L,34,26,8.93,49.23,0.64514,0.10132,0.75732,zhao_uCT_match
L,34,27,12.47,53.53,0.58043,0.12833,0.80413,zhao_uCT_match
L,34,28,16.63,57.33,0.51716,0.15446,0.84184,zhao_uCT_match
L,34,29,20.53,60.48,0.4614,0.17279,0.8702,zhao_uCT_match
L,34,30,24.56,63.82,0.40122,0.18335,0.89744,zhao_uCT_match
L,34,31,29.36,66.98,0.34077,0.19172,0.92039,zhao_uCT_match
L,34,32,34.3,70.4,0.27713,0.18906,0.94205,zhao_uCT_match
L,34,33,40.33,74.52,0.20344,0.17272,0.96373,zhao_uCT_match
L,34,34,49.89,79.53,0.11704,0.13893,0.98336,zhao_uCT_match
L,34,35,72.67,84.0,0.03114,0.09977,0.99452,zhao_uCT_match
L,34,36,139.96,85.84,-0.05552,0.04666,0.99737,zhao_uCT_match
L,34,37,-173.48,82.3,-0.13317,-0.01521,0.99098,zhao_uCT_match
L,35,24,-5.23,42.18,0.73792,-0.06754,0.6715,zhao_uCT_match
L,35,25,-2.78,46.05,0.69323,-0.03366,0.71993,zhao_uCT_match
L,35,26,0.76,49.59,0.64824,0.00856,0.76138,zhao_uCT_match
L,35,27,3.3,53.33,0.59616,0.03435,0.80213,zhao_uCT_match
L,35,28,7.06,57.81,0.52873,0.06549,0.84626,zhao_uCT_match
L,35,29,10.56,61.74,0.4655,0.08674,0.88079,zhao_uCT_match
L,35,30,13.22,65.12,0.40962,0.0962,0.90717,zhao_uCT_match
L,35,31,16.99,68.7,0.34748,0.10615,0.93166,zhao_uCT_match
L,35,32,20.81,72.2,0.28574,0.10859,0.95213,zhao_uCT_match
L,35,33,22.7,76.55,0.21463,0.08978,0.97256,zhao_uCT_match
L,35,34,23.58,81.67,0.13284,0.05799,0.98944,zhao_uCT_match
L,35,35,19.9,86.64,0.05517,0.01997,0.99828,zhao_uCT_match
L,35,36,-142.72,86.44,-0.0494,-0.03761,0.99807,zhao_uCT_match
L,36,27,-6.58,52.96,0.59846,-0.06901,0.79818,zhao_uCT_match
L,36,28,-2.73,57.0,0.54398,-0.02595,0.8387,zhao_uCT_match
L,36,29,-0.4,61.36,0.47935,-0.00335,0.87762,zhao_uCT_match
L,36,30,1.15,65.53,0.41419,0.00831,0.91015,zhao_uCT_match
L,36,31,3.31,69.39,0.35134,0.0203,0.93603,zhao_uCT_match
L,36,32,5.52,73.14,0.28869,0.02788,0.95702,zhao_uCT_match
L,36,33,3.58,77.48,0.2163,0.01355,0.97623,zhao_uCT_match
L,36,34,-16.95,81.45,0.14226,-0.04336,0.98888,zhao_uCT_match
R,1,7,103.01,-75.15,-0.05771,-0.24978,-0.96658,extrapolated_local_linear
R,1,8,110.7,-71.09,-0.11458,-0.30318,-0.94602,extrapolated_local_linear
R,1,10,121.41,-63.91,-0.22916,-0.37529,-0.89813,extrapolated_local_linear
R,2,5,63.31,-80.11,0.07719,-0.15352,-0.98513,extrapolated_local_linear
R,2,6,80.04,-76.78,0.03956,-0.2252,-0.97351,extrapolated_local_linear
R,2,7,86.8,-72.69,0.0166,-0.297,-0.95473,zhao_uCT_match
R,2,8,98.64,-68.67,-0.05467,-0.35959,-0.93151,zhao_uCT_match
R,2,9,105.31,-65.33,-0.1102,-0.40259,-0.90872,zhao_uCT_match
R,2,10,109.74,-61.77,-0.15979,-0.44518,-0.88107,zhao_uCT_match
R,2,11,118.73,-58.9,-0.24825,-0.45291,-0.85629,extrapolated_local_linear
R,2,12,124.66,-55.52,-0.32198,-0.4657,-0.82429,extrapolated_local_linear
R,2,13,129.45,-51.69,-0.39394,-0.47872,-0.78463,extrapolated_local_linear
R,3,4,34.32,-77.64,0.17686,-0.12072,-0.9768,extrapolated_local_linear
R,3,5,50.02,-75.79,0.15775,-0.18816,-0.96939,zhao_uCT_match
R,3,6,71.95,-73.99,0.08548,-0.26226,-0.96121,zhao_uCT_match
R,3,7,79.03,-69.86,0.06552,-0.33802,-0.93885,zhao_uCT_match
R,3,8,89.41,-66.09,0.00415,-0.40531,-0.91417,zhao_uCT_match
R,3,9,97.49,-62.49,-0.06021,-0.45802,-0.8869,zhao_uCT_match
R,3,10,103.49,-59.11,-0.11974,-0.49916,-0.8582,zhao_uCT_match
R,3,11,109.5,-56.38,-0.18481,-0.52197,-0.8327,zhao_uCT_match
R,3,12,114.55,-55.07,-0.23788,-0.52078,-0.81988,zhao_uCT_match
R,3,13,120.54,-50.24,-0.32496,-0.55083,-0.76876,zhao_uCT_match
R,3,14,124.02,-46.24,-0.38691,-0.57323,-0.72229,zhao_uCT_match
R,3,15,130.6,-44.44,-0.46471,-0.54211,-0.70012,extrapolated_local_linear
R,4,3,13.67,-74.62,0.25772,-0.06267,-0.96419,extrapolated_local_linear
R,4,4,33.82,-73.25,0.23937,-0.16037,-0.95759,zhao_uCT_match
R,4,5,46.27,-70.33,0.23274,-0.24328,-0.94162,zhao_uCT_match
R,4,6,59.04,-69.39,0.18111,-0.30188,-0.93598,zhao_uCT_match
R,4,7,70.87,-66.58,0.13023,-0.37551,-0.91762,zhao_uCT_match
R,4,8,79.91,-63.11,0.07923,-0.44525,-0.8919,zhao_uCT_match
R,4,9,88.19,-59.71,0.01593,-0.50409,-0.86351,zhao_uCT_match
R,4,10,94.8,-56.08,-0.04674,-0.55609,-0.82981,zhao_uCT_match
R,4,11,100.5,-53.44,-0.10857,-0.58563,-0.80327,zhao_uCT_match
R,4,12,106.18,-50.84,-0.17595,-0.60644,-0.77542,zhao_uCT_match
R,4,13,111.54,-47.95,-0.24586,-0.623,-0.74258,zhao_uCT_match
R,4,14,116.27,-44.98,-0.31305,-0.6343,-0.70687,zhao_uCT_match
R,4,15,122.99,-43.0,-0.39816,-0.61342,-0.68205,zhao_uCT_match
R,4,16,127.95,-40.82,-0.4654,-0.5968,-0.65363,zhao_uCT_match
R,4,17,129.81,-37.05,-0.51096,-0.61306,-0.60256,zhao_uCT_match
R,4,18,136.33,-35.22,-0.59093,-0.56409,-0.57672,extrapolated_local_linear
R,5,2,-5.12,-71.07,0.32316,0.02894,-0.9459,extrapolated_local_linear
R,5,3,14.01,-70.14,0.32961,-0.08223,-0.94053,zhao_uCT_match
R,5,4,30.19,-69.0,0.30969,-0.18018,-0.93361,zhao_uCT_match
R,5,5,41.5,-66.59,0.29761,-0.26329,-0.91766,zhao_uCT_match
R,5,6,52.0,-64.67,0.2634,-0.33714,-0.90386,zhao_uCT_match
R,5,7,61.9,-62.5,0.21751,-0.40732,-0.88701,zhao_uCT_match
R,5,8,71.13,-59.34,0.16493,-0.48251,-0.86022,zhao_uCT_match
R,5,9,78.58,-56.29,0.10988,-0.54403,-0.83184,zhao_uCT_match
R,5,10,85.83,-53.33,0.04345,-0.59561,-0.8021,zhao_uCT_match
R,5,11,91.73,-50.66,-0.01915,-0.63364,-0.77339,zhao_uCT_match
R,5,12,97.6,-48.08,-0.08836,-0.6622,-0.7441,zhao_uCT_match
R,5,13,103.14,-44.89,-0.16109,-0.6899,-0.70575,zhao_uCT_match
R,5,14,108.09,-42.26,-0.22974,-0.70349,-0.67254,zhao_uCT_match
R,5,15,113.29,-39.85,-0.30355,-0.70517,-0.64077,zhao_uCT_match
R,5,16,119.06,-37.79,-0.38388,-0.6908,-0.61272,zhao_uCT_match
R,5,17,123.45,-35.55,-0.44847,-0.67881,-0.58145,zhao_uCT_match
R,5,18,128.11,-33.68,-0.51363,-0.65473,-0.55454,zhao_uCT_match
R,5,19,133.4,-31.24,-0.58749,-0.62117,-0.51865,zhao_uCT_match
R,5,20,138.01,-28.78,-0.65146,-0.58639,-0.4814,extrapolated_local_linear
R,6,1,-19.6,-69.58,0.32868,0.11706,-0.93716,extrapolated_local_linear
R,6,2,-2.1,-68.34,0.36887,0.01355,-0.92938,extrapolated_local_linear
R,6,3,6.67,-66.04,0.40336,-0.04716,-0.91383,zhao_uCT_match
R,6,4,25.91,-64.46,0.38779,-0.18836,-0.9023,zhao_uCT_match
R,6,5,37.27,-62.48,0.36772,-0.27983,-0.88684,zhao_uCT_match
R,6,6,46.29,-60.25,0.34293,-0.35874,-0.86816,zhao_uCT_match
R,6,7,54.52,-58.16,0.30616,-0.42956,-0.84956,zhao_uCT_match
R,6,8,62.77,-55.53,0.25895,-0.50329,-0.82441,zhao_uCT_match
R,6,9,70.23,-52.52,0.20579,-0.57257,-0.79361,zhao_uCT_match
R,6,10,77.07,-49.99,0.14392,-0.62665,-0.76589,zhao_uCT_match
R,6,11,83.28,-47.35,0.07928,-0.67286,-0.73551,zhao_uCT_match
R,6,12,89.23,-44.91,0.00956,-0.70817,-0.70598,zhao_uCT_match
R,6,13,94.82,-42.3,-0.06211,-0.73697,-0.67306,zhao_uCT_match
R,6,14,100.27,-39.63,-0.13735,-0.75789,-0.63776,zhao_uCT_match
R,6,15,105.16,-37.0,-0.20887,-0.77083,-0.60183,zhao_uCT_match
R,6,16,110.52,-34.58,-0.28853,-0.77107,-0.56763,zhao_uCT_match
R,6,17,115.63,-32.81,-0.36356,-0.75779,-0.54182,zhao_uCT_match
R,6,18,120.54,-31.23,-0.43443,-0.73647,-0.51854,zhao_uCT_match
R,6,19,125.52,-29.17,-0.50728,-0.71068,-0.48743,zhao_uCT_match
R,6,20,131.88,-26.97,-0.59497,-0.66357,-0.45353,zhao_uCT_match
R,6,21,133.79,-24.4,-0.63024,-0.65736,-0.41314,zhao_uCT_match
R,6,22,141.09,-23.44,-0.71395,-0.5762,-0.39783,extrapolated_local_linear
R,7,1,-12.61,-66.56,0.38815,0.08685,-0.9175,extrapolated_local_linear
R,7,2,-0.32,-66.16,0.40418,0.00228,-0.91467,zhao_uCT_match
R,7,3,15.61,-61.6,0.45807,-0.12799,-0.87965,zhao_uCT_match
R,7,4,23.62,-60.05,0.45747,-0.20002,-0.86644,zhao_uCT_match
R,7,5,33.13,-58.22,0.44096,-0.28783,-0.85012,zhao_uCT_match
R,7,6,41.54,-56.01,0.41846,-0.37072,-0.82913,zhao_uCT_match
R,7,7,49.14,-53.62,0.38802,-0.44854,-0.80514,zhao_uCT_match
R,7,8,56.28,-51.27,0.34727,-0.52041,-0.78012,zhao_uCT_match
R,7,9,63.15,-48.58,0.2988,-0.59019,-0.74993,zhao_uCT_match
R,7,10,69.64,-45.86,0.24235,-0.65292,-0.71761,zhao_uCT_match
R,7,11,75.5,-43.42,0.18193,-0.70322,-0.6873,zhao_uCT_match
R,7,12,81.28,-41.11,0.11428,-0.74471,-0.65753,zhao_uCT_match
R,7,13,86.5,-38.94,0.04748,-0.77636,-0.6285,zhao_uCT_match
R,7,14,92.11,-36.46,-0.02967,-0.80373,-0.59425,zhao_uCT_match
R,7,15,97.44,-34.23,-0.10706,-0.81978,-0.56258,zhao_uCT_match
R,7,16,102.36,-31.81,-0.18188,-0.83012,-0.52709,zhao_uCT_match
R,7,17,107.28,-29.6,-0.25826,-0.83028,-0.4939,zhao_uCT_match
R,7,18,112.36,-28.1,-0.3356,-0.81578,-0.47103,zhao_uCT_match
R,7,19,117.73,-26.55,-0.41618,-0.7918,-0.44705,zhao_uCT_match
R,7,20,122.78,-24.63,-0.49218,-0.76423,-0.4168,zhao_uCT_match
R,7,21,127.66,-22.68,-0.56366,-0.73046,-0.38564,zhao_uCT_match
R,7,22,132.44,-20.64,-0.63156,-0.69056,-0.3525,zhao_uCT_match
R,7,23,140.19,-20.41,-0.71991,-0.6001,-0.34872,zhao_uCT_match
R,7,24,146.46,-19.25,-0.78689,-0.52163,-0.32972,extrapolated_local_linear
R,8,1,-8.54,-62.29,0.45988,0.06908,-0.88529,extrapolated_local_linear
R,8,2,4.35,-61.29,0.47897,-0.03644,-0.87707,zhao_uCT_match
R,8,3,13.23,-58.32,0.51129,-0.12023,-0.85096,zhao_uCT_match
R,8,4,21.9,-55.47,0.52592,-0.21142,-0.82384,zhao_uCT_match
R,8,5,29.67,-53.76,0.51361,-0.2926,-0.80659,zhao_uCT_match
R,8,6,37.19,-51.87,0.49182,-0.37322,-0.78666,zhao_uCT_match
R,8,7,44.36,-49.46,0.46469,-0.45438,-0.76,zhao_uCT_match
R,8,8,50.96,-47.41,0.42622,-0.52563,-0.73624,zhao_uCT_match
R,8,9,57.2,-44.85,0.38403,-0.59591,-0.70527,zhao_uCT_match
R,8,10,63.37,-42.03,0.33293,-0.66404,-0.66948,zhao_uCT_match
R,8,11,69.29,-39.46,0.27307,-0.72218,-0.63552,zhao_uCT_match
R,8,12,74.28,-37.39,0.2153,-0.76481,-0.60722,zhao_uCT_match
R,8,13,79.35,-35.36,0.15077,-0.8015,-0.57868,zhao_uCT_match
R,8,14,84.46,-32.94,0.08103,-0.8353,-0.54379,zhao_uCT_match
R,8,15,90.03,-30.46,-0.00044,-0.86197,-0.50697,zhao_uCT_match
R,8,16,95.1,-28.57,-0.07803,-0.87478,-0.47819,zhao_uCT_match
R,8,17,99.59,-26.68,-0.14879,-0.88107,-0.44897,zhao_uCT_match
R,8,18,104.35,-24.55,-0.22549,-0.88123,-0.41543,zhao_uCT_match
R,8,19,109.59,-23.03,-0.30852,-0.86705,-0.39119,zhao_uCT_match
R,8,20,114.92,-21.66,-0.39165,-0.84282,-0.36914,zhao_uCT_match
R,8,21,120.19,-19.99,-0.47254,-0.8123,-0.34188,zhao_uCT_match
R,8,22,125.12,-18.13,-0.54679,-0.77728,-0.31123,zhao_uCT_match
R,8,23,130.57,-16.57,-0.62341,-0.72804,-0.28517,zhao_uCT_match
R,8,24,137.78,-15.64,-0.71316,-0.64706,-0.26967,zhao_uCT_match
R,8,25,145.41,-15.7,-0.79255,-0.54646,-0.27066,zhao_uCT_match
R,8,26,152.34,-15.26,-0.85446,-0.44792,-0.26319,extrapolated_local_linear
R,9,1,-7.22,-57.43,0.534,0.06762,-0.84278,extrapolated_local_linear
R,9,2,3.2,-56.33,0.55353,-0.03098,-0.83226,zhao_uCT_match
R,9,3,11.86,-53.99,0.57541,-0.12086,-0.80889,zhao_uCT_match
R,9,4,19.32,-51.55,0.58675,-0.2057,-0.7832,zhao_uCT_match
R,9,5,26.65,-49.33,0.58243,-0.29227,-0.75852,zhao_uCT_match
R,9,6,33.56,-47.54,0.56257,-0.37319,-0.73772,zhao_uCT_match
R,9,7,40.0,-45.61,0.53592,-0.44962,-0.71459,zhao_uCT_match
R,9,8,46.26,-43.65,0.50026,-0.52281,-0.69022,zhao_uCT_match
R,9,9,51.63,-41.69,0.46355,-0.58553,-0.66504,zhao_uCT_match
R,9,10,57.14,-39.03,0.42152,-0.65252,-0.62971,zhao_uCT_match
R,9,11,63.31,-36.34,0.36182,-0.71963,-0.59264,zhao_uCT_match
R,9,12,68.57,-33.83,0.30349,-0.77326,-0.55674,zhao_uCT_match
R,9,13,73.01,-31.97,0.24787,-0.81129,-0.52949,zhao_uCT_match
R,9,14,78.08,-29.7,0.17946,-0.84986,-0.49551,zhao_uCT_match
R,9,15,83.4,-27.2,0.10216,-0.88355,-0.45705,zhao_uCT_match
R,9,16,88.7,-25.04,0.02051,-0.90578,-0.42325,zhao_uCT_match
R,9,17,93.1,-23.47,-0.04957,-0.9159,-0.39834,zhao_uCT_match
R,9,18,97.36,-21.28,-0.11936,-0.92412,-0.36297,zhao_uCT_match
R,9,19,102.12,-19.33,-0.19811,-0.9226,-0.33099,zhao_uCT_match
R,9,20,107.04,-17.99,-0.27874,-0.90934,-0.30888,zhao_uCT_match
R,9,21,112.42,-16.58,-0.36555,-0.88599,-0.28528,zhao_uCT_match
R,9,22,117.72,-14.89,-0.44959,-0.85546,-0.257,zhao_uCT_match
R,9,23,122.51,-13.22,-0.52326,-0.82091,-0.22869,zhao_uCT_match
R,9,24,128.26,-11.97,-0.60577,-0.76812,-0.20747,zhao_uCT_match
R,9,25,135.24,-11.79,-0.69508,-0.68929,-0.20431,zhao_uCT_match
R,9,26,143.52,-12.7,-0.7844,-0.57998,-0.21986,zhao_uCT_match
R,9,27,150.96,-11.19,-0.85768,-0.47616,-0.19404,zhao_uCT_match
R,9,28,158.46,-10.22,-0.91541,-0.3613,-0.17742,extrapolated_local_linear
R,10,1,-7.14,-52.53,0.60358,0.07558,-0.79372,extrapolated_local_linear
R,10,2,1.67,-51.04,0.62852,-0.01838,-0.77758,zhao_uCT_match
R,10,3,9.97,-49.32,0.64195,-0.11282,-0.7584,zhao_uCT_match
R,10,4,16.78,-47.39,0.64822,-0.19543,-0.73595,zhao_uCT_match
R,10,5,23.28,-45.65,0.64219,-0.27628,-0.71503,zhao_uCT_match
R,10,6,29.88,-43.69,0.62697,-0.36016,-0.69079,zhao_uCT_match
R,10,7,35.99,-41.87,0.60248,-0.43761,-0.66747,zhao_uCT_match
R,10,8,41.81,-40.14,0.56979,-0.5097,-0.64463,zhao_uCT_match
R,10,9,46.97,-38.43,0.53452,-0.57263,-0.6216,zhao_uCT_match
R,10,10,52.21,-35.91,0.49633,-0.6401,-0.58645,zhao_uCT_match
R,10,11,57.7,-33.32,0.44649,-0.70637,-0.54926,zhao_uCT_match
R,10,12,63.18,-30.67,0.38805,-0.76762,-0.51008,zhao_uCT_match
R,10,13,67.91,-28.63,0.33006,-0.81331,-0.47915,zhao_uCT_match
R,10,14,72.5,-26.64,0.26871,-0.85248,-0.4484,zhao_uCT_match
R,10,15,77.46,-24.16,0.19804,-0.89068,-0.40924,zhao_uCT_match
R,10,16,82.53,-21.9,0.12062,-0.91997,-0.37297,zhao_uCT_match
R,10,17,87.43,-20.14,0.04206,-0.93793,-0.34426,zhao_uCT_match
R,10,18,91.56,-18.37,-0.02587,-0.94867,-0.31521,zhao_uCT_match
R,10,19,95.87,-16.05,-0.09828,-0.95599,-0.27646,zhao_uCT_match
R,10,20,100.54,-14.42,-0.17717,-0.95216,-0.24901,zhao_uCT_match
R,10,21,105.42,-12.99,-0.25901,-0.93934,-0.22483,zhao_uCT_match
R,10,22,110.76,-11.24,-0.3477,-0.91713,-0.19486,zhao_uCT_match
R,10,23,115.49,-9.7,-0.42426,-0.88974,-0.16843,zhao_uCT_match
R,10,24,120.68,-8.47,-0.50462,-0.85068,-0.14731,zhao_uCT_match
R,10,25,126.72,-7.39,-0.59297,-0.79488,-0.12868,zhao_uCT_match
R,10,26,133.54,-7.16,-0.68343,-0.7193,-0.12461,zhao_uCT_match
R,10,27,141.1,-6.86,-0.77267,-0.62348,-0.11943,zhao_uCT_match
R,10,28,149.79,-6.37,-0.85886,-0.50005,-0.11095,zhao_uCT_match
R,10,29,158.0,-6.34,-0.92149,-0.37235,-0.11049,extrapolated_local_linear
R,11,1,-7.15,-47.88,0.66542,0.08346,-0.74179,extrapolated_local_linear
R,11,2,0.46,-46.58,0.68732,-0.0055,-0.72634,zhao_uCT_match
R,11,3,8.07,-45.35,0.69585,-0.09861,-0.71138,zhao_uCT_match
R,11,4,14.53,-43.64,0.70055,-0.1816,-0.6901,zhao_uCT_match
R,11,5,20.53,-41.84,0.69772,-0.26128,-0.66702,zhao_uCT_match
R,11,6,26.47,-40.25,0.68321,-0.34021,-0.64613,zhao_uCT_match
R,11,7,32.53,-38.42,0.66056,-0.42128,-0.62144,zhao_uCT_match
R,11,8,38.12,-36.3,0.63399,-0.49754,-0.59204,zhao_uCT_match
R,11,9,43.03,-34.61,0.60164,-0.56167,-0.56794,zhao_uCT_match
R,11,10,47.86,-32.51,0.56585,-0.62533,-0.53737,zhao_uCT_match
R,11,11,53.18,-30.0,0.51906,-0.69321,-0.50003,zhao_uCT_match
R,11,12,58.17,-27.57,0.46751,-0.75316,-0.46279,zhao_uCT_match
R,11,13,63.03,-25.37,0.40984,-0.80525,-0.4285,zhao_uCT_match
R,11,14,67.69,-23.33,0.34852,-0.84952,-0.39603,zhao_uCT_match
R,11,15,72.3,-21.31,0.28319,-0.88752,-0.36347,zhao_uCT_match
R,11,16,77.03,-19.23,0.21196,-0.92008,-0.32944,zhao_uCT_match
R,11,17,82.09,-17.04,0.13163,-0.94699,-0.29307,zhao_uCT_match
R,11,18,86.56,-15.43,0.05788,-0.96223,-0.26601,zhao_uCT_match
R,11,19,90.61,-13.36,-0.01041,-0.97287,-0.23112,zhao_uCT_match
R,11,20,95.03,-11.26,-0.08591,-0.97698,-0.19526,zhao_uCT_match
R,11,21,99.42,-9.51,-0.16137,-0.97296,-0.16527,zhao_uCT_match
R,11,22,104.28,-7.76,-0.2444,-0.96023,-0.13498,zhao_uCT_match
R,11,23,109.26,-6.47,-0.32771,-0.93805,-0.11261,zhao_uCT_match
R,11,24,113.89,-5.03,-0.40336,-0.91084,-0.08764,zhao_uCT_match
R,11,25,119.2,-3.7,-0.48678,-0.87113,-0.06459,zhao_uCT_match
R,11,26,125.53,-2.65,-0.58045,-0.81298,-0.04622,zhao_uCT_match
R,11,27,132.32,-2.31,-0.67279,-0.73874,-0.04027,zhao_uCT_match
R,11,28,140.31,-2.3,-0.76894,-0.63806,-0.04011,zhao_uCT_match
R,11,29,150.7,-2.07,-0.8715,-0.48906,-0.03613,zhao_uCT_match
R,11,30,157.97,-3.2,-0.92554,-0.37452,-0.05582,extrapolated_local_linear
R,12,1,-7.94,-43.48,0.71871,0.10027,-0.68804,extrapolated_local_linear
R,12,2,-0.45,-42.84,0.73328,0.00571,-0.6799,zhao_uCT_match
R,12,3,5.94,-41.5,0.74489,-0.0775,-0.66267,zhao_uCT_match
R,12,4,12.44,-40.31,0.74469,-0.16433,-0.64687,zhao_uCT_match
R,12,5,18.01,-38.7,0.74222,-0.24137,-0.62518,zhao_uCT_match
R,12,6,23.61,-36.89,0.73283,-0.32033,-0.60029,zhao_uCT_match
R,12,7,29.37,-35.1,0.71298,-0.4013,-0.57499,zhao_uCT_match
R,12,8,34.8,-33.03,0.68844,-0.47851,-0.54505,zhao_uCT_match
R,12,9,39.43,-31.02,0.66201,-0.54427,-0.51528,zhao_uCT_match
R,12,10,43.98,-29.07,0.62897,-0.60688,-0.48589,zhao_uCT_match
R,12,11,48.71,-26.84,0.58882,-0.67041,-0.45149,zhao_uCT_match
R,12,12,53.63,-24.61,0.53919,-0.73204,-0.4164,zhao_uCT_match
R,12,13,58.38,-22.35,0.48488,-0.78757,-0.3803,zhao_uCT_match
R,12,14,62.99,-20.24,0.42604,-0.83594,-0.34598,zhao_uCT_match
R,12,15,67.44,-18.24,0.36431,-0.87709,-0.31303,zhao_uCT_match
R,12,16,71.96,-16.23,0.29731,-0.91297,-0.27944,zhao_uCT_match
R,12,17,76.66,-14.2,0.22372,-0.94326,-0.24536,zhao_uCT_match
R,12,18,81.36,-12.25,0.14681,-0.96616,-0.2121,zhao_uCT_match
R,12,19,85.65,-10.48,0.07451,-0.98051,-0.18181,zhao_uCT_match
R,12,20,89.93,-8.53,0.00129,-0.98894,-0.14829,zhao_uCT_match
R,12,21,94.39,-6.67,-0.07595,-0.99032,-0.1162,zhao_uCT_match
R,12,22,98.79,-4.72,-0.15229,-0.98491,-0.08228,zhao_uCT_match
R,12,23,103.16,-3.28,-0.22734,-0.97213,-0.05722,zhao_uCT_match
R,12,24,107.51,-1.94,-0.30069,-0.95312,-0.03393,zhao_uCT_match
R,12,25,112.49,-0.61,-0.38249,-0.9239,-0.01063,zhao_uCT_match
R,12,26,118.43,0.6,-0.47602,-0.87938,0.01043,zhao_uCT_match
R,12,27,125.02,1.08,-0.57371,-0.81884,0.01877,zhao_uCT_match
R,12,28,132.03,1.05,-0.66936,-0.74271,0.01839,zhao_uCT_match
R,12,29,140.12,0.89,-0.76732,-0.64108,0.01552,zhao_uCT_match
R,12,30,149.81,-0.52,-0.86436,-0.50279,-0.00912,zhao_uCT_match
R,12,31,158.27,-0.25,-0.92894,-0.3702,-0.00439,extrapolated_local_linear
R,13,1,-9.97,-39.9,0.75561,0.13279,-0.64142,extrapolated_local_linear
R,13,2,-2.78,-38.65,0.78007,0.03793,-0.62455,zhao_uCT_match
R,13,3,3.49,-37.85,0.78815,-0.04804,-0.61361,zhao_uCT_match
R,13,4,9.74,-36.63,0.79093,-0.13572,-0.59666,zhao_uCT_match
R,13,5,15.2,-35.39,0.78668,-0.21372,-0.57919,zhao_uCT_match
R,13,6,20.51,-33.62,0.77995,-0.29169,-0.55371,zhao_uCT_match
R,13,7,26.04,-31.73,0.76426,-0.37334,-0.52585,zhao_uCT_match
R,13,8,31.35,-29.82,0.74093,-0.45131,-0.49734,zhao_uCT_match
R,13,9,35.87,-28.0,0.71551,-0.51735,-0.46946,zhao_uCT_match
R,13,10,40.24,-26.03,0.68596,-0.58041,-0.43884,zhao_uCT_match
R,13,11,45.05,-23.7,0.64694,-0.64798,-0.40199,zhao_uCT_match
R,13,12,49.59,-21.5,0.60313,-0.70847,-0.36648,zhao_uCT_match
R,13,13,53.97,-19.38,0.55483,-0.76289,-0.3319,zhao_uCT_match
R,13,14,58.49,-17.29,0.49898,-0.81408,-0.29713,zhao_uCT_match
R,13,15,62.71,-15.32,0.44215,-0.85713,-0.26427,zhao_uCT_match
R,13,16,67.07,-13.2,0.37928,-0.89667,-0.22832,zhao_uCT_match
R,13,17,71.55,-11.26,0.31037,-0.93033,-0.19533,zhao_uCT_match
R,13,18,76.0,-9.39,0.23873,-0.95728,-0.16315,zhao_uCT_match
R,13,19,80.44,-7.38,0.16474,-0.97793,-0.1285,zhao_uCT_match
R,13,20,84.84,-5.71,0.08945,-0.99101,-0.09946,zhao_uCT_match
R,13,21,89.16,-3.75,0.0147,-0.99775,-0.06543,zhao_uCT_match
R,13,22,93.6,-2.01,-0.06279,-0.99741,-0.03515,zhao_uCT_match
R,13,23,97.96,-0.26,-0.13857,-0.99034,-0.00453,zhao_uCT_match
R,13,24,101.95,0.92,-0.20695,-0.97822,0.01613,zhao_uCT_match
R,13,25,106.55,2.03,-0.28459,-0.95799,0.0355,zhao_uCT_match
R,13,26,112.08,3.31,-0.3752,-0.92514,0.05773,zhao_uCT_match
R,13,27,118.1,3.78,-0.46993,-0.88024,0.06594,zhao_uCT_match
R,13,28,124.79,4.0,-0.56911,-0.81929,0.06977,zhao_uCT_match
R,13,29,132.1,4.29,-0.66853,-0.73991,0.07483,zhao_uCT_match
R,13,30,141.02,4.06,-0.77547,-0.62741,0.07078,zhao_uCT_match
R,13,31,151.26,3.02,-0.87562,-0.48011,0.05265,zhao_uCT_match
R,13,32,159.02,3.1,-0.93232,-0.35755,0.05413,extrapolated_local_linear
R,14,2,-6.57,-36.51,0.79845,0.09197,-0.595,extrapolated_local_linear
R,14,3,-0.2,-34.73,0.82181,0.0029,-0.56975,zhao_uCT_match
R,14,4,6.55,-33.62,0.82726,-0.09496,-0.55374,zhao_uCT_match
R,14,5,12.05,-32.04,0.82902,-0.17695,-0.53048,zhao_uCT_match
R,14,6,17.09,-30.39,0.82449,-0.25353,-0.5059,zhao_uCT_match
R,14,7,22.26,-28.51,0.81318,-0.33293,-0.47738,zhao_uCT_match
R,14,8,27.76,-26.43,0.79236,-0.41713,-0.44517,zhao_uCT_match
R,14,9,32.39,-24.55,0.76806,-0.48723,-0.41556,zhao_uCT_match
R,14,10,36.89,-22.91,0.73673,-0.55288,-0.38931,zhao_uCT_match
R,14,11,41.55,-20.76,0.6998,-0.62017,-0.3545,zhao_uCT_match
R,14,12,45.99,-18.59,0.6585,-0.68169,-0.31887,zhao_uCT_match
R,14,13,50.15,-16.66,0.61393,-0.73548,-0.28662,zhao_uCT_match
R,14,14,54.03,-14.48,0.56871,-0.78361,-0.25006,zhao_uCT_match
R,14,15,58.29,-12.46,0.51324,-0.83066,-0.21584,zhao_uCT_match
R,14,16,62.34,-10.39,0.45667,-0.87118,-0.18028,zhao_uCT_match
R,14,17,66.76,-8.41,0.39042,-0.90896,-0.14618,zhao_uCT_match
R,14,18,71.28,-6.83,0.31874,-0.94035,-0.11893,zhao_uCT_match
R,14,19,75.71,-4.9,0.24596,-0.9655,-0.08547,zhao_uCT_match
R,14,20,79.92,-2.95,0.17475,-0.98327,-0.05148,zhao_uCT_match
R,14,21,83.96,-1.19,0.10525,-0.99423,-0.02085,zhao_uCT_match
R,14,22,88.24,0.33,0.03076,-0.99951,0.00576,zhao_uCT_match
R,14,23,92.82,1.8,-0.04917,-0.9983,0.03135,zhao_uCT_match
R,14,24,97.45,3.26,-0.12938,-0.98996,0.05687,zhao_uCT_match
R,14,25,101.6,3.97,-0.20063,-0.97722,0.06925,zhao_uCT_match
R,14,26,106.6,5.47,-0.2844,-0.95396,0.09525,zhao_uCT_match
R,14,27,112.34,6.37,-0.37781,-0.9192,0.11101,zhao_uCT_match
R,14,28,118.26,7.03,-0.46994,-0.87416,0.12244,zhao_uCT_match
R,14,29,125.32,7.68,-0.57295,-0.80862,0.13364,zhao_uCT_match
R,14,30,133.34,8.08,-0.67955,-0.72005,0.14048,zhao_uCT_match
R,14,31,142.87,7.76,-0.78992,-0.59814,0.1351,zhao_uCT_match
R,14,32,151.8,7.87,-0.87296,-0.46817,0.13697,zhao_uCT_match
R,15,2,-9.59,-33.87,0.81869,0.13831,-0.55732,extrapolated_local_linear
R,15,3,-3.82,-33.95,0.82772,0.05533,-0.5584,zhao_uCT_match
R,15,4,3.03,-31.09,0.85518,-0.04524,-0.51636,zhao_uCT_match
R,15,5,8.96,-29.25,0.86184,-0.1359,-0.48864,zhao_uCT_match
R,15,6,13.98,-27.22,0.86294,-0.21476,-0.4574,zhao_uCT_match
R,15,7,18.88,-25.3,0.85544,-0.29255,-0.42736,zhao_uCT_match
R,15,8,24.14,-23.52,0.83675,-0.37502,-0.39901,zhao_uCT_match
R,15,9,29.11,-21.41,0.81341,-0.45295,-0.36496,zhao_uCT_match
R,15,10,33.56,-19.52,0.78544,-0.521,-0.33412,zhao_uCT_match
R,15,11,38.03,-17.72,0.75032,-0.58682,-0.30442,zhao_uCT_match
R,15,12,42.32,-15.86,0.71129,-0.64759,-0.2733,zhao_uCT_match
R,15,13,46.63,-14.06,0.66618,-0.70513,-0.24289,zhao_uCT_match
R,15,14,50.49,-12.16,0.6219,-0.75423,-0.21065,zhao_uCT_match
R,15,15,54.04,-9.85,0.57861,-0.79747,-0.17107,zhao_uCT_match
R,15,16,57.96,-7.75,0.52571,-0.83989,-0.13492,zhao_uCT_match
R,15,17,62.11,-5.9,0.46527,-0.87918,-0.10277,zhao_uCT_match
R,15,18,66.3,-4.19,0.40086,-0.91322,-0.07305,zhao_uCT_match
R,15,19,70.9,-2.53,0.32692,-0.94402,-0.04418,zhao_uCT_match
R,15,20,75.27,-0.91,0.25417,-0.96703,-0.01593,zhao_uCT_match
R,15,21,79.29,0.77,0.18584,-0.98249,0.01342,zhao_uCT_match
R,15,22,83.25,2.21,0.11748,-0.99233,0.03849,zhao_uCT_match
R,15,23,87.89,3.19,0.03679,-0.99777,0.0557,zhao_uCT_match
R,15,24,92.75,4.61,-0.04786,-0.99562,0.0803,zhao_uCT_match
R,15,25,97.62,5.89,-0.13183,-0.98595,0.10259,zhao_uCT_match
R,15,26,102.08,7.52,-0.20752,-0.96943,0.13089,zhao_uCT_match
R,15,27,107.61,9.32,-0.29846,-0.94059,0.16191,zhao_uCT_match
R,15,28,113.33,10.38,-0.38958,-0.90319,0.1802,zhao_uCT_match
R,15,29,119.44,11.23,-0.48214,-0.85417,0.19479,zhao_uCT_match
R,15,30,127.03,11.85,-0.58933,-0.78135,0.20541,zhao_uCT_match
R,15,31,135.44,11.95,-0.69708,-0.68647,0.207,zhao_uCT_match
R,15,32,144.96,11.02,-0.80362,-0.56358,0.19123,zhao_uCT_match
R,15,33,154.05,10.9,-0.88298,-0.42961,0.18914,extrapolated_local_linear
R,16,3,-6.09,-29.45,0.86584,0.0924,-0.49171,zhao_uCT_match
R,16,4,-0.11,-28.08,0.88232,0.00166,-0.47065,zhao_uCT_match
R,16,5,5.76,-26.43,0.89094,-0.08987,-0.44514,zhao_uCT_match
R,16,6,11.03,-24.51,0.89309,-0.17412,-0.41481,zhao_uCT_match
R,16,7,15.85,-22.49,0.88881,-0.25235,-0.38255,zhao_uCT_match
R,16,8,20.77,-20.53,0.87563,-0.33204,-0.35074,zhao_uCT_match
R,16,9,25.62,-18.59,0.85467,-0.4098,-0.31875,zhao_uCT_match
R,16,10,30.11,-16.75,0.82837,-0.48031,-0.28827,zhao_uCT_match
R,16,11,34.52,-14.89,0.79621,-0.54771,-0.25705,zhao_uCT_match
R,16,12,38.53,-13.22,0.76154,-0.60645,-0.22864,zhao_uCT_match
R,16,13,42.6,-11.43,0.72148,-0.66349,-0.19811,zhao_uCT_match
R,16,14,46.93,-9.52,0.6735,-0.72047,-0.16531,zhao_uCT_match
R,16,15,50.45,-7.48,0.63134,-0.76451,-0.13011,zhao_uCT_match
R,16,16,54.04,-5.33,0.58465,-0.80595,-0.09289,zhao_uCT_match
R,16,17,57.87,-3.43,0.53084,-0.84536,-0.05974,zhao_uCT_match
R,16,18,61.91,-1.71,0.4707,-0.88179,-0.02986,zhao_uCT_match
R,16,19,65.85,0.11,0.40919,-0.91245,0.00196,zhao_uCT_match
R,16,20,70.3,1.43,0.33703,-0.94117,0.02488,zhao_uCT_match
R,16,21,74.68,2.53,0.2639,-0.96354,0.04413,zhao_uCT_match
R,16,22,78.82,3.72,0.19351,-0.97895,0.06489,zhao_uCT_match
R,16,23,83.59,4.91,0.11123,-0.9901,0.08566,zhao_uCT_match
R,16,24,88.42,6.4,0.02737,-0.9934,0.11142,zhao_uCT_match
R,16,25,93.28,8.1,-0.05664,-0.98841,0.14088,zhao_uCT_match
R,16,26,98.51,9.88,-0.1458,-0.97432,0.1716,zhao_uCT_match
R,16,27,103.62,12.06,-0.23022,-0.95044,0.20896,zhao_uCT_match
R,16,28,109.09,13.7,-0.3178,-0.91812,0.23677,zhao_uCT_match
R,16,29,114.84,14.9,-0.40599,-0.87696,0.25713,zhao_uCT_match
R,16,30,122.06,15.72,-0.51087,-0.81582,0.27101,zhao_uCT_match
R,16,31,129.44,16.21,-0.61007,-0.74154,0.27918,zhao_uCT_match
R,16,32,137.84,16.11,-0.71214,-0.64486,0.2775,zhao_uCT_match
R,16,33,148.47,15.31,-0.82214,-0.50434,0.26406,zhao_uCT_match
R,17,3,-9.75,-27.01,0.8781,0.15081,-0.45409,extrapolated_local_linear
R,17,4,-2.93,-25.28,0.90308,0.04627,-0.42698,zhao_uCT_match
R,17,5,2.63,-23.6,0.91542,-0.04202,-0.40031,zhao_uCT_match
R,17,6,7.79,-22.17,0.9175,-0.12558,-0.37739,zhao_uCT_match
R,17,7,12.76,-20.24,0.91507,-0.20716,-0.34601,zhao_uCT_match
R,17,8,17.58,-18.2,0.90558,-0.28695,-0.31239,zhao_uCT_match
R,17,9,22.28,-16.07,0.88915,-0.36436,-0.27685,zhao_uCT_match
R,17,10,26.78,-14.45,0.86447,-0.43632,-0.24962,zhao_uCT_match
R,17,11,31.07,-12.54,0.83615,-0.50372,-0.21706,zhao_uCT_match
R,17,12,35.34,-10.61,0.80182,-0.56851,-0.18409,zhao_uCT_match
R,17,13,38.92,-8.86,0.76875,-0.62073,-0.15401,zhao_uCT_match
R,17,14,42.89,-6.96,0.72722,-0.67561,-0.1212,zhao_uCT_match
R,17,15,46.81,-5.06,0.6818,-0.7262,-0.08823,zhao_uCT_match
R,17,16,50.41,-3.24,0.63624,-0.76942,-0.05645,zhao_uCT_match
R,17,17,53.9,-1.14,0.58911,-0.80781,-0.01996,zhao_uCT_match
R,17,18,57.59,0.45,0.53593,-0.84422,0.00787,zhao_uCT_match
R,17,19,61.4,2.04,0.47842,-0.87741,0.03556,zhao_uCT_match
R,17,20,65.45,3.48,0.41475,-0.90791,0.06068,zhao_uCT_match
R,17,21,70.03,4.15,0.34056,-0.93743,0.07242,zhao_uCT_match
R,17,22,74.58,5.58,0.26471,-0.95941,0.09726,zhao_uCT_match
R,17,23,79.28,7.33,0.18442,-0.97453,0.1276,zhao_uCT_match
R,17,24,84.26,8.71,0.0988,-0.98353,0.15138,zhao_uCT_match
R,17,25,89.23,10.28,0.01322,-0.98387,0.17842,zhao_uCT_match
R,17,26,94.37,12.1,-0.07444,-0.97496,0.20956,zhao_uCT_match
R,17,27,99.83,14.5,-0.16529,-0.95394,0.25036,zhao_uCT_match
R,17,28,105.18,16.45,-0.25119,-0.92558,0.28321,zhao_uCT_match
R,17,29,110.58,18.05,-0.3342,-0.89009,0.30992,zhao_uCT_match
R,17,30,117.5,19.56,-0.43505,-0.83582,0.33487,zhao_uCT_match
R,17,31,124.94,20.4,-0.53684,-0.76834,0.34851,zhao_uCT_match
R,17,32,132.3,20.44,-0.63064,-0.69309,0.34916,zhao_uCT_match
R,17,33,141.29,18.94,-0.73809,-0.59148,0.32462,zhao_uCT_match
R,17,34,150.25,18.29,-0.82435,-0.47109,0.3139,extrapolated_local_linear
R,18,4,-7.89,-23.31,0.90971,0.12608,-0.39565,zhao_uCT_match
R,18,5,-0.94,-21.4,0.93094,0.01525,-0.36486,zhao_uCT_match
R,18,6,4.41,-19.76,0.93836,-0.07236,-0.338,zhao_uCT_match
R,18,7,9.5,-18.02,0.93791,-0.15694,-0.30936,zhao_uCT_match
R,18,8,14.37,-15.81,0.93207,-0.23873,-0.27248,zhao_uCT_match
R,18,9,18.7,-13.53,0.92092,-0.31168,-0.234,zhao_uCT_match
R,18,10,23.22,-11.82,0.8995,-0.38595,-0.2048,zhao_uCT_match
R,18,11,27.52,-10.16,0.87298,-0.45474,-0.17637,zhao_uCT_match
R,18,12,31.71,-8.27,0.84185,-0.52022,-0.14376,zhao_uCT_match
R,18,13,35.65,-6.45,0.80739,-0.57921,-0.11241,zhao_uCT_match
R,18,14,39.04,-4.6,0.77415,-0.62789,-0.08025,zhao_uCT_match
R,18,15,42.44,-2.57,0.7372,-0.67418,-0.04486,zhao_uCT_match
R,18,16,46.24,-0.7,0.69153,-0.72224,-0.01216,zhao_uCT_match
R,18,17,49.83,1.11,0.64497,-0.76397,0.01933,zhao_uCT_match
R,18,18,53.63,2.53,0.59242,-0.80442,0.04416,zhao_uCT_match
R,18,19,57.48,3.8,0.53646,-0.84133,0.06623,zhao_uCT_match
R,18,20,61.46,4.86,0.47601,-0.87535,0.08474,zhao_uCT_match
R,18,21,65.64,6.06,0.41023,-0.90585,0.10556,zhao_uCT_match
R,18,22,70.28,7.43,0.33464,-0.93342,0.1294,zhao_uCT_match
R,18,23,75.09,9.63,0.25375,-0.95271,0.1672,zhao_uCT_match
R,18,24,79.92,11.36,0.17162,-0.96528,0.19691,zhao_uCT_match
R,18,25,85.13,12.76,0.08285,-0.97179,0.22083,zhao_uCT_match
R,18,26,90.49,14.55,-0.0082,-0.96791,0.25115,zhao_uCT_match
R,18,27,95.64,16.91,-0.09403,-0.95211,0.29093,zhao_uCT_match
R,18,28,101.39,19.03,-0.18665,-0.92676,0.32601,zhao_uCT_match
R,18,29,107.04,20.88,-0.27378,-0.89333,0.35638,zhao_uCT_match
R,18,30,113.03,22.79,-0.3606,-0.84849,0.38735,zhao_uCT_match
R,18,31,120.17,23.99,-0.4592,-0.78985,0.40652,zhao_uCT_match
R,18,32,127.94,24.58,-0.55915,-0.71721,0.41589,zhao_uCT_match
R,18,33,135.73,23.91,-0.65463,-0.63815,0.40524,zhao_uCT_match
R,18,34,144.35,22.41,-0.75118,-0.53886,0.38126,zhao_uCT_match
R,19,4,-10.41,-20.83,0.91923,0.16893,-0.35563,extrapolated_local_linear
R,19,5,-5.04,-18.29,0.94579,0.08346,-0.31388,zhao_uCT_match
R,19,6,0.9,-17.41,0.95406,-0.015,-0.29925,zhao_uCT_match
R,19,7,5.98,-15.53,0.95824,-0.10042,-0.26774,zhao_uCT_match
R,19,8,10.93,-13.59,0.95437,-0.1843,-0.23498,zhao_uCT_match
R,19,9,15.3,-11.4,0.94553,-0.25864,-0.19767,zhao_uCT_match
R,19,10,19.57,-9.23,0.93005,-0.33057,-0.1604,zhao_uCT_match
R,19,11,23.51,-7.44,0.90928,-0.39554,-0.12943,zhao_uCT_match
R,19,12,27.54,-5.79,0.88213,-0.46008,-0.10084,zhao_uCT_match
R,19,13,31.84,-4.08,0.8474,-0.52616,-0.07117,zhao_uCT_match
R,19,14,35.61,-2.35,0.81229,-0.58182,-0.04094,zhao_uCT_match
R,19,15,38.93,-0.31,0.77793,-0.62833,-0.00539,zhao_uCT_match
R,19,16,42.25,1.63,0.73992,-0.6721,0.02845,zhao_uCT_match
R,19,17,45.85,3.17,0.69545,-0.71644,0.05537,zhao_uCT_match
R,19,18,49.7,4.25,0.64494,-0.76062,0.07414,zhao_uCT_match
R,19,19,53.57,5.33,0.5913,-0.80109,0.09287,zhao_uCT_match
R,19,20,57.45,6.76,0.53428,-0.83706,0.11777,zhao_uCT_match
R,19,21,61.65,8.31,0.4699,-0.87081,0.14451,zhao_uCT_match
R,19,22,66.38,9.66,0.39501,-0.90322,0.16779,zhao_uCT_match
R,19,23,71.17,11.49,0.31636,-0.92748,0.19924,zhao_uCT_match
R,19,24,75.83,13.72,0.23777,-0.94192,0.23719,zhao_uCT_match
R,19,25,80.77,15.35,0.15472,-0.95182,0.26475,zhao_uCT_match
R,19,26,86.21,17.19,0.06312,-0.95326,0.2955,zhao_uCT_match
R,19,27,91.41,19.88,-0.02315,-0.94012,0.34006,zhao_uCT_match
R,19,28,97.2,21.96,-0.11627,-0.92014,0.37394,zhao_uCT_match
R,19,29,103.42,23.34,-0.21305,-0.89308,0.39626,zhao_uCT_match
R,19,30,109.38,25.28,-0.29999,-0.853,0.42707,zhao_uCT_match
R,19,31,115.84,27.16,-0.38786,-0.80072,0.45652,zhao_uCT_match
R,19,32,123.39,28.31,-0.48453,-0.7351,0.47418,zhao_uCT_match
R,19,33,131.73,28.42,-0.58536,-0.65634,0.476,zhao_uCT_match
R,19,34,140.01,27.84,-0.67753,-0.56822,0.46699,zhao_uCT_match
R,19,35,148.96,26.03,-0.76991,-0.46331,0.43885,extrapolated_local_linear
R,20,5,-7.68,-17.64,0.94442,0.12742,-0.30304,extrapolated_local_linear
R,20,6,-2.18,-16.45,0.95838,0.03647,-0.28315,zhao_uCT_match
R,20,7,2.72,-13.44,0.97151,-0.04613,-0.23247,zhao_uCT_match
R,20,8,7.32,-11.23,0.97286,-0.12491,-0.1948,zhao_uCT_match
R,20,9,11.88,-9.43,0.96535,-0.20312,-0.16384,zhao_uCT_match
R,20,10,16.01,-7.19,0.95368,-0.27359,-0.12511,zhao_uCT_match
R,20,11,19.73,-5.06,0.93765,-0.33621,-0.08821,zhao_uCT_match
R,20,12,23.17,-3.28,0.91785,-0.39279,-0.05714,zhao_uCT_match
R,20,13,27.32,-1.47,0.8882,-0.45875,-0.02565,zhao_uCT_match
R,20,14,31.58,0.24,0.85191,-0.52368,0.00422,zhao_uCT_match
R,20,15,35.33,1.91,0.81535,-0.57801,0.03328,zhao_uCT_match
R,20,16,38.77,3.36,0.7783,-0.62515,0.05864,zhao_uCT_match
R,20,17,42.29,4.64,0.73731,-0.67069,0.08092,zhao_uCT_match
R,20,18,46.0,5.52,0.69137,-0.71605,0.09627,zhao_uCT_match
R,20,19,50.07,6.83,0.63729,-0.76139,0.1189,zhao_uCT_match
R,20,20,54.01,8.47,0.58131,-0.80026,0.14721,zhao_uCT_match
R,20,21,58.04,10.43,0.5206,-0.83438,0.18106,zhao_uCT_match
R,20,22,62.51,12.2,0.45118,-0.86705,0.21135,zhao_uCT_match
R,20,23,67.25,13.83,0.37545,-0.89551,0.23896,zhao_uCT_match
R,20,24,71.76,15.88,0.30101,-0.9135,0.27369,zhao_uCT_match
R,20,25,76.64,18.14,0.21953,-0.92462,0.31126,zhao_uCT_match
R,20,26,82.01,19.79,0.13085,-0.93181,0.33855,zhao_uCT_match
R,20,27,87.27,22.2,0.04414,-0.92482,0.37784,zhao_uCT_match
R,20,28,92.8,24.71,-0.04438,-0.90736,0.41802,zhao_uCT_match
R,20,29,98.94,26.4,-0.13912,-0.88481,0.44469,zhao_uCT_match
R,20,30,105.26,27.66,-0.23305,-0.85451,0.46422,zhao_uCT_match
R,20,31,111.99,29.9,-0.32463,-0.80383,0.49847,zhao_uCT_match
R,20,32,119.43,31.71,-0.41807,-0.74095,0.52556,zhao_uCT_match
R,20,33,127.44,32.41,-0.51324,-0.67026,0.53603,zhao_uCT_match
R,20,34,136.7,32.0,-0.61722,-0.58157,0.52992,zhao_uCT_match
R,20,35,146.38,30.7,-0.71602,-0.47617,0.51048,zhao_uCT_match
R,21,6,-4.92,-14.53,0.96446,0.0831,-0.25082,zhao_uCT_match
R,21,7,-0.3,-12.12,0.97769,0.00507,-0.21001,zhao_uCT_match
R,21,8,4.11,-9.63,0.98337,-0.0707,-0.16728,zhao_uCT_match
R,21,9,8.12,-7.25,0.98206,-0.14016,-0.12615,zhao_uCT_match
R,21,10,12.0,-5.19,0.97414,-0.20706,-0.09037,zhao_uCT_match
R,21,11,16.23,-3.25,0.95858,-0.2791,-0.05672,zhao_uCT_match
R,21,12,19.89,-1.41,0.94005,-0.34014,-0.02462,zhao_uCT_match
R,21,13,23.38,0.48,0.91786,-0.39681,0.00844,zhao_uCT_match
R,21,14,27.39,2.43,0.88706,-0.4597,0.04244,zhao_uCT_match
R,21,15,31.65,3.87,0.84932,-0.52354,0.0675,zhao_uCT_match
R,21,16,35.33,4.95,0.81276,-0.57618,0.08622,zhao_uCT_match
R,21,17,38.94,5.89,0.77373,-0.62516,0.10256,zhao_uCT_match
R,21,18,42.66,7.21,0.72954,-0.67231,0.12554,zhao_uCT_match
R,21,19,46.66,8.8,0.67823,-0.71874,0.15301,zhao_uCT_match
R,21,20,50.66,10.62,0.62305,-0.76018,0.18421,zhao_uCT_match
R,21,21,54.81,12.52,0.56253,-0.79786,0.21676,zhao_uCT_match
R,21,22,58.97,14.41,0.4993,-0.82992,0.24887,zhao_uCT_match
R,21,23,63.33,16.31,0.43075,-0.85764,0.28091,zhao_uCT_match
R,21,24,67.73,18.46,0.35939,-0.8778,0.31671,zhao_uCT_match
R,21,25,72.45,20.68,0.2821,-0.89203,0.35313,zhao_uCT_match
R,21,26,77.95,22.76,0.19255,-0.90181,0.38688,zhao_uCT_match
R,21,27,83.62,24.75,0.10094,-0.9025,0.4187,zhao_uCT_match
R,21,28,88.93,26.96,0.01667,-0.89114,0.45341,zhao_uCT_match
R,21,29,94.74,29.52,-0.07186,-0.86723,0.49269,zhao_uCT_match
R,21,30,101.22,30.91,-0.1669,-0.84157,0.51371,zhao_uCT_match
R,21,31,108.0,32.51,-0.2606,-0.80204,0.53742,zhao_uCT_match
R,21,32,115.61,34.53,-0.35605,-0.74288,0.56689,zhao_uCT_match
R,21,33,123.41,35.59,-0.44778,-0.67877,0.58204,zhao_uCT_match
R,21,34,131.85,35.71,-0.5418,-0.60481,0.58366,zhao_uCT_match
R,21,35,140.15,34.84,-0.63018,-0.52591,0.57122,zhao_uCT_match
R,21,36,150.29,33.46,-0.72458,-0.41351,0.55136,extrapolated_local_linear
R,22,7,-4.24,-10.79,0.97964,0.07261,-0.18719,zhao_uCT_match
R,22,8,0.79,-8.54,0.98882,-0.01359,-0.14851,zhao_uCT_match
R,22,9,4.83,-6.0,0.99099,-0.08369,-0.10453,zhao_uCT_match
R,22,10,8.67,-3.27,0.98697,-0.15042,-0.05706,zhao_uCT_match
R,22,11,12.31,-1.27,0.97678,-0.21311,-0.02209,zhao_uCT_match
R,22,12,15.95,0.38,0.96148,-0.27478,0.00662,zhao_uCT_match
R,22,13,19.9,2.05,0.93967,-0.34021,0.03573,zhao_uCT_match
R,22,14,23.69,3.76,0.91372,-0.401,0.06565,zhao_uCT_match
R,22,15,27.78,5.36,0.88088,-0.46403,0.09337,zhao_uCT_match
R,22,16,31.84,6.33,0.84435,-0.52435,0.11019,zhao_uCT_match
R,22,17,35.7,7.6,0.80495,-0.57841,0.13229,zhao_uCT_match
R,22,18,39.31,9.11,0.76397,-0.62551,0.15836,zhao_uCT_match
R,22,19,42.91,10.92,0.7192,-0.66849,0.18939,zhao_uCT_match
R,22,20,46.86,12.8,0.66685,-0.71151,0.2215,zhao_uCT_match
R,22,21,50.96,14.74,0.60916,-0.75113,0.25441,zhao_uCT_match
R,22,22,54.95,16.55,0.55053,-0.78469,0.28492,zhao_uCT_match
R,22,23,59.19,18.58,0.48545,-0.81415,0.31858,zhao_uCT_match
R,22,24,63.67,20.79,0.41468,-0.83786,0.35501,zhao_uCT_match
R,22,25,68.39,23.21,0.3385,-0.85445,0.39414,zhao_uCT_match
R,22,26,73.56,25.44,0.25552,-0.8661,0.42963,zhao_uCT_match
R,22,27,79.39,27.44,0.16347,-0.87229,0.46086,zhao_uCT_match
R,22,28,85.31,29.35,0.07121,-0.86869,0.49021,zhao_uCT_match
R,22,29,90.81,31.76,-0.01198,-0.85015,0.5264,zhao_uCT_match
R,22,30,97.07,34.13,-0.10189,-0.82146,0.56109,zhao_uCT_match
R,22,31,104.17,35.87,-0.19843,-0.78566,0.58597,zhao_uCT_match
R,22,32,111.69,37.41,-0.2936,-0.73808,0.60748,zhao_uCT_match
R,22,33,119.62,38.64,-0.386,-0.67906,0.6244,zhao_uCT_match
R,22,34,127.71,39.17,-0.47419,-0.61342,0.63156,zhao_uCT_match
R,22,35,136.8,38.69,-0.56896,-0.53427,0.62517,zhao_uCT_match
R,22,36,147.01,37.36,-0.66673,-0.43277,0.60679,zhao_uCT_match
R,23,8,-3.35,-7.28,0.99023,0.05803,-0.12679,zhao_uCT_match
R,23,9,1.0,-4.82,0.99632,-0.01741,-0.08397,zhao_uCT_match
R,23,10,4.99,-1.92,0.99566,-0.08688,-0.03345,zhao_uCT_match
R,23,11,8.83,0.47,0.98812,-0.15345,0.00822,zhao_uCT_match
R,23,12,12.15,2.24,0.97684,-0.21037,0.03907,zhao_uCT_match
R,23,13,15.95,3.69,0.9595,-0.27426,0.06432,zhao_uCT_match
R,23,14,19.89,4.9,0.93691,-0.33897,0.0854,zhao_uCT_match
R,23,15,23.92,6.13,0.90891,-0.40309,0.10682,zhao_uCT_match
R,23,16,28.15,7.91,0.87336,-0.46724,0.13756,zhao_uCT_match
R,23,17,32.15,9.77,0.8344,-0.52439,0.16969,zhao_uCT_match
R,23,18,35.71,11.52,0.79562,-0.57195,0.19966,zhao_uCT_match
R,23,19,39.11,13.28,0.75522,-0.6139,0.22971,zhao_uCT_match
R,23,20,42.41,15.03,0.71308,-0.65132,0.2594,zhao_uCT_match
R,23,21,46.31,17.06,0.66042,-0.69121,0.29339,zhao_uCT_match
R,23,22,50.48,18.81,0.6024,-0.73014,0.32249,zhao_uCT_match
R,23,23,55.02,20.85,0.5357,-0.76573,0.35593,zhao_uCT_match
R,23,24,59.78,23.12,0.46285,-0.79471,0.39268,zhao_uCT_match
R,23,25,64.41,25.74,0.38899,-0.81242,0.43436,zhao_uCT_match
R,23,26,69.22,28.1,0.31295,-0.82472,0.47106,zhao_uCT_match
R,23,27,74.97,30.23,0.22398,-0.83443,0.50354,zhao_uCT_match
R,23,28,80.84,32.45,0.13438,-0.83308,0.53658,zhao_uCT_match
R,23,29,86.65,34.72,0.048,-0.82058,0.56951,zhao_uCT_match
R,23,30,92.68,36.97,-0.03738,-0.79808,0.60139,zhao_uCT_match
R,23,31,99.94,39.26,-0.1336,-0.76272,0.63278,zhao_uCT_match
R,23,32,108.11,41.09,-0.23433,-0.7163,0.65727,zhao_uCT_match
R,23,33,116.02,42.23,-0.3248,-0.6654,0.67212,zhao_uCT_match
R,23,34,124.15,42.71,-0.41247,-0.60814,0.67826,zhao_uCT_match
R,23,35,133.11,42.91,-0.50054,-0.53462,0.68091,zhao_uCT_match
R,23,36,143.43,41.23,-0.60397,-0.44808,0.65913,zhao_uCT_match
R,23,37,153.13,40.1,-0.68229,-0.34576,0.64415,extrapolated_local_linear
R,24,9,-3.15,-4.04,0.99601,0.05473,-0.07053,zhao_uCT_match
R,24,10,0.66,-0.74,0.99985,-0.01158,-0.01288,zhao_uCT_match
R,24,11,4.73,2.07,0.99594,-0.0824,0.03617,zhao_uCT_match
R,24,12,8.41,3.77,0.98711,-0.14591,0.06571,zhao_uCT_match
R,24,13,12.37,5.14,0.97284,-0.2134,0.08965,zhao_uCT_match
R,24,14,16.07,6.23,0.95524,-0.27521,0.10853,zhao_uCT_match
R,24,15,19.91,7.51,0.9322,-0.33755,0.13065,zhao_uCT_match
R,24,16,23.88,9.44,0.90201,-0.39934,0.16401,zhao_uCT_match
R,24,17,27.89,11.81,0.86516,-0.45784,0.20465,zhao_uCT_match
R,24,18,31.66,13.91,0.82619,-0.5095,0.24046,zhao_uCT_match
R,24,19,35.41,15.64,0.78488,-0.55796,0.26952,zhao_uCT_match
R,24,20,38.73,17.47,0.7441,-0.59678,0.30028,zhao_uCT_match
R,24,21,41.83,19.41,0.70279,-0.62901,0.33231,zhao_uCT_match
R,24,22,45.8,21.34,0.64933,-0.66775,0.36398,zhao_uCT_match
R,24,23,50.56,23.4,0.58305,-0.70872,0.3972,zhao_uCT_match
R,24,24,55.49,25.87,0.50978,-0.74149,0.43625,zhao_uCT_match
R,24,25,60.34,28.5,0.43489,-0.76371,0.4771,zhao_uCT_match
R,24,26,65.18,30.93,0.36013,-0.77858,0.51393,zhao_uCT_match
R,24,27,70.48,33.05,0.28012,-0.79,0.54537,zhao_uCT_match
R,24,28,76.38,35.39,0.19202,-0.79227,0.57917,zhao_uCT_match
R,24,29,82.09,37.65,0.109,-0.7842,0.61085,zhao_uCT_match
R,24,30,88.6,40.04,0.01871,-0.76538,0.6433,zhao_uCT_match
R,24,31,95.52,41.99,-0.07146,-0.73986,0.66896,zhao_uCT_match
R,24,32,103.87,43.97,-0.17253,-0.69873,0.69427,zhao_uCT_match
R,24,33,112.49,45.33,-0.26892,-0.64951,0.71121,zhao_uCT_match
R,24,34,120.84,46.22,-0.35475,-0.59405,0.72198,zhao_uCT_match
R,24,35,129.61,46.66,-0.43755,-0.52876,0.7273,zhao_uCT_match
R,24,36,139.46,46.48,-0.52335,-0.44759,0.72509,zhao_uCT_match
R,24,37,150.87,45.35,-0.61383,-0.34209,0.71147,zhao_uCT_match
R,25,10,-4.65,0.82,0.9966,0.08109,0.01438,zhao_uCT_match
R,25,11,0.23,2.73,0.99886,-0.00409,0.04764,zhao_uCT_match
R,25,12,4.28,4.71,0.99385,-0.07434,0.08213,zhao_uCT_match
R,25,13,8.36,6.04,0.98387,-0.14466,0.10519,zhao_uCT_match
R,25,14,12.13,7.69,0.96887,-0.20827,0.13385,zhao_uCT_match
R,25,15,16.01,9.3,0.94859,-0.27214,0.16161,zhao_uCT_match
R,25,16,19.81,11.17,0.92302,-0.33248,0.19364,zhao_uCT_match
R,25,17,23.76,13.5,0.88994,-0.39183,0.23339,zhao_uCT_match
R,25,18,27.55,15.79,0.85317,-0.445,0.27218,zhao_uCT_match
R,25,19,31.32,17.82,0.8133,-0.49485,0.30604,zhao_uCT_match
R,25,20,35.18,19.65,0.76971,-0.54261,0.33635,zhao_uCT_match
R,25,21,38.25,21.6,0.73014,-0.57565,0.36814,zhao_uCT_match
R,25,22,41.54,23.71,0.68527,-0.60719,0.40215,zhao_uCT_match
R,25,23,45.82,26.16,0.62551,-0.64369,0.44091,zhao_uCT_match
R,25,24,50.61,28.68,0.55672,-0.678,0.47997,zhao_uCT_match
R,25,25,55.42,31.23,0.4853,-0.70405,0.51846,zhao_uCT_match
R,25,26,60.23,33.61,0.41347,-0.72292,0.55356,zhao_uCT_match
R,25,27,65.37,35.8,0.33803,-0.73732,0.58489,zhao_uCT_match
R,25,28,71.36,38.42,0.25043,-0.74238,0.62141,zhao_uCT_match
R,25,29,77.48,40.58,0.16466,-0.74143,0.65051,zhao_uCT_match
R,25,30,84.46,42.97,0.07062,-0.72829,0.68162,zhao_uCT_match
R,25,31,91.66,44.86,-0.02056,-0.70854,0.70537,zhao_uCT_match
R,25,32,99.55,46.56,-0.11405,-0.67806,0.7261,zhao_uCT_match
R,25,33,107.77,47.87,-0.20474,-0.63881,0.74162,zhao_uCT_match
R,25,34,116.69,49.21,-0.29342,-0.5837,0.7571,zhao_uCT_match
R,25,35,125.67,49.66,-0.37748,-0.52584,0.76224,zhao_uCT_match
R,25,36,135.55,50.05,-0.45834,-0.44963,0.76666,zhao_uCT_match
R,25,37,148.4,48.08,-0.56908,-0.35011,0.74402,zhao_uCT_match
R,25,38,159.34,45.71,-0.65331,-0.2464,0.71587,extrapolated_local_linear
R,26,11,-4.62,3.06,0.99532,0.08046,0.05345,zhao_uCT_match
R,26,12,0.06,4.82,0.99646,-0.00102,0.08406,zhao_uCT_match
R,26,13,4.18,6.81,0.9903,-0.07245,0.11854,zhao_uCT_match
R,26,14,8.22,8.93,0.97773,-0.14128,0.1552,zhao_uCT_match
R,26,15,11.99,10.99,0.96025,-0.20387,0.19069,zhao_uCT_match
R,26,16,15.71,12.87,0.93845,-0.26394,0.2228,zhao_uCT_match
R,26,17,19.83,15.12,0.90809,-0.32756,0.26092,zhao_uCT_match
R,26,18,23.54,17.43,0.87472,-0.38103,0.29947,zhao_uCT_match
R,26,19,27.2,19.56,0.83811,-0.43065,0.33483,zhao_uCT_match
R,26,20,31.0,21.73,0.79632,-0.4784,0.37015,zhao_uCT_match
R,26,21,34.68,23.75,0.7527,-0.52086,0.40267,zhao_uCT_match
R,26,22,37.94,25.78,0.71015,-0.55362,0.43497,zhao_uCT_match
R,26,23,41.85,28.33,0.65566,-0.58729,0.47455,zhao_uCT_match
R,26,24,45.99,30.93,0.59596,-0.61694,0.51403,zhao_uCT_match
R,26,25,50.59,33.62,0.52869,-0.6433,0.55375,zhao_uCT_match
R,26,26,55.36,35.98,0.46,-0.6658,0.58746,zhao_uCT_match
R,26,27,60.22,38.55,0.38843,-0.67875,0.62323,zhao_uCT_match
R,26,28,65.9,41.19,0.30727,-0.68689,0.65862,zhao_uCT_match
R,26,29,72.04,43.64,0.22316,-0.68845,0.6901,zhao_uCT_match
R,26,30,79.44,45.84,0.12773,-0.68484,0.71741,zhao_uCT_match
R,26,31,87.33,47.66,0.03133,-0.67274,0.73921,zhao_uCT_match
R,26,32,95.27,49.46,-0.05971,-0.64728,0.75991,zhao_uCT_match
R,26,33,103.59,50.74,-0.14875,-0.61511,0.77428,zhao_uCT_match
R,26,34,112.19,51.83,-0.23344,-0.57221,0.78618,zhao_uCT_match
R,26,35,121.76,52.82,-0.31808,-0.51389,0.79671,zhao_uCT_match
R,26,36,131.98,53.35,-0.39932,-0.44375,0.80227,zhao_uCT_match
R,26,37,144.79,52.69,-0.4952,-0.34949,0.79538,zhao_uCT_match
R,26,38,158.78,48.9,-0.61285,-0.23799,0.75351,zhao_uCT_match
R,27,11,-8.48,2.84,0.98784,0.14732,0.04959,extrapolated_local_linear
R,27,12,-4.06,4.35,0.99461,0.07068,0.07589,zhao_uCT_match
R,27,13,-0.01,7.24,0.99203,0.00018,0.12601,zhao_uCT_match
R,27,14,4.31,9.94,0.9822,-0.07406,0.17262,zhao_uCT_match
R,27,15,8.19,12.39,0.96673,-0.13917,0.21461,zhao_uCT_match
R,27,16,11.88,14.57,0.94712,-0.19928,0.2515,zhao_uCT_match
R,27,17,15.75,16.82,0.92126,-0.25984,0.28941,zhao_uCT_match
R,27,18,19.71,19.22,0.88891,-0.31847,0.32926,zhao_uCT_match
R,27,19,23.3,21.38,0.85524,-0.36827,0.36462,zhao_uCT_match
R,27,20,26.77,23.49,0.81882,-0.41306,0.39865,zhao_uCT_match
R,27,21,30.27,25.74,0.77795,-0.45402,0.43436,zhao_uCT_match
R,27,22,34.08,28.07,0.73085,-0.49446,0.47049,zhao_uCT_match
R,27,23,37.91,30.3,0.6812,-0.53046,0.50455,zhao_uCT_match
R,27,24,42.18,32.87,0.62243,-0.56399,0.54268,zhao_uCT_match
R,27,25,46.18,35.46,0.56395,-0.58778,0.58007,zhao_uCT_match
R,27,26,50.95,38.14,0.49554,-0.61079,0.61756,zhao_uCT_match
R,27,27,55.81,41.02,0.42404,-0.6241,0.65627,zhao_uCT_match
R,27,28,61.09,43.83,0.34872,-0.6315,0.69253,zhao_uCT_match
R,27,29,66.69,46.15,0.27411,-0.63624,0.72116,zhao_uCT_match
R,27,30,73.78,48.46,0.18527,-0.63668,0.74854,zhao_uCT_match
R,27,31,81.79,50.53,0.09082,-0.62914,0.77197,zhao_uCT_match
R,27,32,90.1,52.16,-0.00112,-0.61348,0.78971,zhao_uCT_match
R,27,33,98.58,53.92,-0.08783,-0.58235,0.80818,zhao_uCT_match
R,27,34,108.33,55.25,-0.17929,-0.54108,0.82164,zhao_uCT_match
R,27,35,118.06,55.9,-0.26375,-0.49473,0.82806,zhao_uCT_match
R,27,36,129.19,56.69,-0.34703,-0.42571,0.83567,zhao_uCT_match
R,27,37,142.1,56.0,-0.4413,-0.34355,0.82899,zhao_uCT_match
R,27,38,156.52,52.94,-0.55277,-0.24012,0.79799,zhao_uCT_match
R,27,39,168.72,49.31,-0.63937,-0.12758,0.75824,extrapolated_local_linear
R,28,13,-4.2,6.73,0.99044,0.0727,0.11724,zhao_uCT_match
R,28,14,0.18,10.19,0.98423,-0.00301,0.17685,zhao_uCT_match
R,28,15,4.23,13.26,0.97069,-0.07183,0.22936,zhao_uCT_match
R,28,16,7.64,15.88,0.95328,-0.12786,0.2737,zhao_uCT_match
R,28,17,11.01,18.3,0.93196,-0.18132,0.31397,zhao_uCT_match
R,28,18,14.93,20.86,0.90291,-0.24076,0.35607,zhao_uCT_match
R,28,19,18.48,23.26,0.87135,-0.29123,0.39488,zhao_uCT_match
R,28,20,22.11,25.47,0.83646,-0.33976,0.42999,zhao_uCT_match
R,28,21,25.95,27.59,0.79691,-0.38789,0.46311,zhao_uCT_match
R,28,22,29.87,30.18,0.7496,-0.43051,0.50276,zhao_uCT_match
R,28,23,33.83,32.77,0.69843,-0.46817,0.54131,zhao_uCT_match
R,28,24,37.83,35.24,0.6451,-0.50095,0.57696,zhao_uCT_match
R,28,25,41.57,37.86,0.59062,-0.52385,0.6138,zhao_uCT_match
R,28,26,46.06,40.43,0.52822,-0.54809,0.64852,zhao_uCT_match
R,28,27,51.29,43.37,0.45459,-0.56721,0.68675,zhao_uCT_match
R,28,28,56.28,46.36,0.38312,-0.57402,0.72369,zhao_uCT_match
R,28,29,61.49,48.56,0.31594,-0.58157,0.74964,zhao_uCT_match
R,28,30,67.96,51.11,0.23556,-0.58199,0.77833,zhao_uCT_match
R,28,31,76.3,53.45,0.14104,-0.57858,0.80334,zhao_uCT_match
R,28,32,84.94,55.42,0.05003,-0.56541,0.82329,zhao_uCT_match
R,28,33,93.63,56.93,-0.03455,-0.54458,0.838,zhao_uCT_match
R,28,34,103.67,58.79,-0.12242,-0.50345,0.85531,zhao_uCT_match
R,28,35,114.53,59.86,-0.20847,-0.45678,0.86481,zhao_uCT_match
R,28,36,125.95,60.25,-0.29136,-0.40174,0.86817,zhao_uCT_match
R,28,37,140.06,59.73,-0.38645,-0.32357,0.86369,zhao_uCT_match
R,28,38,157.25,56.53,-0.50864,-0.21324,0.83416,zhao_uCT_match
R,28,39,168.83,53.38,-0.5852,-0.11555,0.80261,extrapolated_local_linear
R,29,14,-3.99,9.62,0.98356,0.06857,0.16704,zhao_uCT_match
R,29,15,-0.05,13.59,0.972,0.0008,0.23499,zhao_uCT_match
R,29,16,3.39,16.69,0.95621,-0.05664,0.28713,zhao_uCT_match
R,29,17,6.5,19.46,0.93678,-0.10678,0.33323,zhao_uCT_match
R,29,18,9.88,22.0,0.91342,-0.15915,0.37461,zhao_uCT_match
R,29,19,13.31,24.38,0.88634,-0.20976,0.41279,zhao_uCT_match
R,29,20,16.94,26.86,0.85339,-0.26,0.45181,zhao_uCT_match
R,29,21,21.02,29.34,0.81371,-0.31267,0.49002,zhao_uCT_match
R,29,22,25.28,31.77,0.76874,-0.36313,0.52648,zhao_uCT_match
R,29,23,29.1,34.68,0.7185,-0.39993,0.56905,zhao_uCT_match
R,29,24,32.86,37.43,0.66705,-0.43081,0.60782,zhao_uCT_match
R,29,25,36.48,40.13,0.6148,-0.45453,0.64453,zhao_uCT_match
R,29,26,40.31,42.79,0.55964,-0.47474,0.67929,zhao_uCT_match
R,29,27,45.24,45.55,0.49313,-0.49724,0.71385,zhao_uCT_match
R,29,28,50.52,48.37,0.42234,-0.51273,0.74749,zhao_uCT_match
R,29,29,55.82,51.11,0.35267,-0.51936,0.77839,zhao_uCT_match
R,29,30,61.86,53.58,0.27998,-0.52358,0.80466,zhao_uCT_match
R,29,31,69.88,56.12,0.19179,-0.52341,0.83021,zhao_uCT_match
R,29,32,78.51,58.17,0.10507,-0.51682,0.84962,zhao_uCT_match
R,29,33,88.05,60.18,0.01691,-0.49699,0.86759,zhao_uCT_match
R,29,34,99.03,62.11,-0.07341,-0.46201,0.88383,zhao_uCT_match
R,29,35,110.26,63.49,-0.15455,-0.41871,0.89487,zhao_uCT_match
R,29,36,122.96,64.04,-0.23817,-0.36725,0.89911,zhao_uCT_match
R,29,37,138.16,63.71,-0.33001,-0.29552,0.89653,zhao_uCT_match
R,29,38,154.62,61.45,-0.43186,-0.20489,0.87836,zhao_uCT_match
R,29,39,169.69,57.64,-0.52658,-0.09582,0.84471,extrapolated_local_linear
R,30,15,-4.35,13.47,0.96968,0.07381,0.23295,zhao_uCT_match
R,30,16,-0.99,17.3,0.95463,0.01656,0.29735,zhao_uCT_match
R,30,17,2.11,20.23,0.93765,-0.03461,0.34586,zhao_uCT_match
R,30,18,5.29,22.95,0.91691,-0.08494,0.38994,zhao_uCT_match
R,30,19,8.61,25.42,0.89301,-0.13522,0.42925,zhao_uCT_match
R,30,20,11.79,27.89,0.86522,-0.18064,0.46772,zhao_uCT_match
R,30,21,15.55,30.39,0.83103,-0.23125,0.50588,zhao_uCT_match
R,30,22,19.65,32.75,0.79203,-0.28283,0.54101,zhao_uCT_match
R,30,23,23.56,35.71,0.74428,-0.32458,0.58369,zhao_uCT_match
R,30,24,27.43,38.95,0.69027,-0.35824,0.62864,zhao_uCT_match
R,30,25,31.25,41.96,0.63568,-0.38577,0.66865,zhao_uCT_match
R,30,26,34.95,44.77,0.58191,-0.4067,0.70426,zhao_uCT_match
R,30,27,38.83,47.45,0.52678,-0.42398,0.73671,zhao_uCT_match
R,30,28,44.03,50.24,0.45979,-0.44449,0.76878,zhao_uCT_match
R,30,29,49.63,53.16,0.38836,-0.45679,0.80033,zhao_uCT_match
R,30,30,55.59,55.89,0.31694,-0.4627,0.82792,zhao_uCT_match
R,30,31,63.22,58.59,0.23479,-0.46527,0.85346,zhao_uCT_match
R,30,32,71.39,60.83,0.15554,-0.46198,0.87314,zhao_uCT_match
R,30,33,80.9,63.25,0.07117,-0.44445,0.89297,zhao_uCT_match
R,30,34,93.63,65.6,-0.02617,-0.41233,0.91066,zhao_uCT_match
R,30,35,107.16,67.14,-0.11459,-0.37113,0.92148,zhao_uCT_match
R,30,36,120.46,67.81,-0.19142,-0.32553,0.92595,zhao_uCT_match
R,30,37,137.11,67.68,-0.2782,-0.25842,0.92511,zhao_uCT_match
R,30,38,155.45,65.72,-0.37401,-0.17081,0.91156,zhao_uCT_match
R,30,39,172.25,62.21,-0.46196,-0.06286,0.88467,zhao_uCT_match
R,31,16,-6.24,18.39,0.94331,0.10307,0.31552,zhao_uCT_match
R,31,17,-2.2,21.19,0.9317,0.03573,0.36146,zhao_uCT_match
R,31,18,0.12,23.47,0.91727,-0.0019,0.39826,zhao_uCT_match
R,31,19,3.44,26.03,0.8969,-0.05398,0.43892,zhao_uCT_match
R,31,20,7.08,28.63,0.871,-0.10819,0.47922,zhao_uCT_match
R,31,21,10.31,31.04,0.84301,-0.15336,0.51557,zhao_uCT_match
R,31,22,14.12,33.91,0.80487,-0.20251,0.55783,zhao_uCT_match
R,31,23,17.83,36.85,0.76177,-0.24503,0.59972,zhao_uCT_match
R,31,24,21.47,40.0,0.71285,-0.28036,0.64284,zhao_uCT_match
R,31,25,25.22,43.07,0.66088,-0.31124,0.68291,zhao_uCT_match
R,31,26,29.21,46.26,0.60347,-0.33742,0.72247,zhao_uCT_match
R,31,27,33.42,49.82,0.53853,-0.35536,0.76401,zhao_uCT_match
R,31,28,38.04,52.59,0.47847,-0.37438,0.79429,zhao_uCT_match
R,31,29,43.56,55.43,0.41115,-0.39104,0.82343,zhao_uCT_match
R,31,30,49.14,58.28,0.34394,-0.39768,0.85062,zhao_uCT_match
R,31,31,55.7,61.15,0.27187,-0.39856,0.87592,zhao_uCT_match
R,31,32,64.46,63.87,0.18993,-0.3974,0.89777,zhao_uCT_match
R,31,33,73.84,66.69,0.1101,-0.38006,0.91838,zhao_uCT_match
R,31,34,86.59,69.29,0.02104,-0.35293,0.93541,zhao_uCT_match
R,31,35,103.27,71.28,-0.07363,-0.31234,0.94711,zhao_uCT_match
R,31,36,120.65,72.17,-0.15611,-0.26344,0.95196,zhao_uCT_match
R,31,37,138.24,71.9,-0.23174,-0.20689,0.95052,zhao_uCT_match
R,31,38,158.5,69.76,-0.32195,-0.12683,0.93822,zhao_uCT_match
R,31,39,175.55,64.76,-0.42507,-0.03309,0.90455,zhao_uCT_match
R,32,18,-5.76,24.48,0.90553,0.09131,0.41434,zhao_uCT_match
R,32,19,-3.07,25.28,0.90291,0.04838,0.4271,zhao_uCT_match
R,32,20,1.11,28.96,0.8748,-0.01689,0.4842,zhao_uCT_match
R,32,21,4.81,31.75,0.84739,-0.07125,0.52616,zhao_uCT_match
R,32,22,8.31,34.68,0.81369,-0.1188,0.56903,zhao_uCT_match
R,32,23,11.97,37.88,0.7721,-0.16375,0.61405,zhao_uCT_match
R,32,24,15.57,41.25,0.72428,-0.20182,0.65931,zhao_uCT_match
R,32,25,19.1,44.29,0.67641,-0.23423,0.69829,zhao_uCT_match
R,32,26,22.88,47.51,0.62229,-0.26267,0.7374,zhao_uCT_match
R,32,27,26.83,51.12,0.56009,-0.28335,0.77847,zhao_uCT_match
R,32,28,31.48,54.59,0.49419,-0.30257,0.815,zhao_uCT_match
R,32,29,36.89,57.73,0.42708,-0.32053,0.8455,zhao_uCT_match
R,32,30,42.77,60.41,0.36249,-0.3353,0.86958,zhao_uCT_match
R,32,31,47.97,63.13,0.30257,-0.33569,0.89205,zhao_uCT_match
R,32,32,54.73,66.14,0.23354,-0.33026,0.91454,zhao_uCT_match
R,32,33,65.12,69.65,0.14631,-0.31552,0.93757,zhao_uCT_match
R,32,34,78.03,72.69,0.06172,-0.2911,0.9547,zhao_uCT_match
R,32,35,96.33,75.13,-0.02829,-0.25499,0.96653,zhao_uCT_match
R,32,36,119.98,76.58,-0.11602,-0.20107,0.97268,zhao_uCT_match
R,32,37,143.75,75.98,-0.19532,-0.14322,0.97023,zhao_uCT_match
R,32,38,161.62,74.53,-0.25318,-0.08414,0.96375,zhao_uCT_match
R,33,19,-7.75,26.46,0.88711,0.12069,0.44551,extrapolated_local_linear
R,33,20,-5.44,28.06,0.87851,0.08374,0.47033,zhao_uCT_match
R,33,21,-1.19,32.31,0.84496,0.01752,0.53454,zhao_uCT_match
R,33,22,2.29,35.43,0.81413,-0.03257,0.57977,zhao_uCT_match
R,33,23,5.86,38.48,0.77871,-0.07991,0.62227,zhao_uCT_match
R,33,24,9.38,41.94,0.73385,-0.12118,0.66842,zhao_uCT_match
R,33,25,13.02,45.29,0.68545,-0.1585,0.71066,zhao_uCT_match
R,33,26,16.27,48.77,0.63264,-0.1846,0.75213,zhao_uCT_match
R,33,27,20.28,52.44,0.57181,-0.21132,0.7927,zhao_uCT_match
R,33,28,24.19,55.8,0.51269,-0.23035,0.8271,zhao_uCT_match
R,33,29,29.1,59.32,0.44585,-0.24821,0.86,zhao_uCT_match
R,33,30,34.79,62.56,0.37845,-0.26295,0.88749,zhao_uCT_match
R,33,31,40.19,65.32,0.31903,-0.26949,0.90862,zhao_uCT_match
R,33,32,45.32,68.2,0.26108,-0.26401,0.92851,zhao_uCT_match
R,33,33,53.45,72.0,0.18406,-0.24828,0.95104,zhao_uCT_match
R,33,34,67.0,76.2,0.09319,-0.2195,0.97115,zhao_uCT_match
R,33,35,88.09,79.54,0.00604,-0.18139,0.98339,zhao_uCT_match
R,33,36,121.6,81.27,-0.07956,-0.12935,0.9884,zhao_uCT_match
R,33,37,154.14,80.12,-0.15444,-0.07485,0.98516,zhao_uCT_match
R,33,38,173.38,77.14,-0.22115,-0.02568,0.9749,zhao_uCT_match
R,34,21,-4.93,32.62,0.83913,0.07233,0.53909,zhao_uCT_match
R,34,22,-4.36,36.84,0.79801,0.06078,0.59957,zhao_uCT_match
R,34,23,-1.09,38.46,0.78295,0.01488,0.62191,zhao_uCT_match
R,34,24,2.42,42.17,0.74053,-0.03128,0.67129,zhao_uCT_match
R,34,25,5.73,45.75,0.69429,-0.06973,0.71631,zhao_uCT_match
R,34,26,8.93,49.23,0.64514,-0.10132,0.75732,zhao_uCT_match
R,34,27,12.47,53.53,0.58043,-0.12833,0.80413,zhao_uCT_match
R,34,28,16.63,57.33,0.51716,-0.15446,0.84184,zhao_uCT_match
R,34,29,20.53,60.48,0.4614,-0.17279,0.8702,zhao_uCT_match
R,34,30,24.56,63.82,0.40122,-0.18335,0.89744,zhao_uCT_match
R,34,31,29.36,66.98,0.34077,-0.19172,0.92039,zhao_uCT_match
R,34,32,34.3,70.4,0.27713,-0.18906,0.94205,zhao_uCT_match
R,34,33,40.33,74.52,0.20344,-0.17272,0.96373,zhao_uCT_match
R,34,34,49.89,79.53,0.11704,-0.13893,0.98336,zhao_uCT_match
R,34,35,72.67,84.0,0.03114,-0.09977,0.99452,zhao_uCT_match
R,34,36,139.96,85.84,-0.05552,-0.04666,0.99737,zhao_uCT_match
R,34,37,-173.48,82.3,-0.13317,0.01521,0.99098,zhao_uCT_match
R,34,38,-165.82,79.92,-0.16964,0.04286,0.98457,zhao_uCT_match
R,35,23,-7.65,39.25,0.7675,0.10311,0.63271,extrapolated_local_linear
R,35,24,-5.23,42.18,0.73792,0.06754,0.6715,zhao_uCT_match
R,35,25,-2.78,46.05,0.69323,0.03366,0.71993,zhao_uCT_match
R,35,26,0.76,49.59,0.64824,-0.00856,0.76138,zhao_uCT_match
R,35,27,3.3,53.33,0.59616,-0.03435,0.80213,zhao_uCT_match
R,35,28,7.06,57.81,0.52873,-0.06549,0.84626,zhao_uCT_match
R,35,29,10.56,61.74,0.4655,-0.08674,0.88079,zhao_uCT_match
R,35,30,13.22,65.12,0.40962,-0.0962,0.90717,zhao_uCT_match
R,35,31,16.99,68.7,0.34748,-0.10615,0.93166,zhao_uCT_match
R,35,32,20.81,72.2,0.28574,-0.10859,0.95213,zhao_uCT_match
R,35,33,22.7,76.55,0.21463,-0.08978,0.97256,zhao_uCT_match
R,35,34,23.58,81.67,0.13284,-0.05799,0.98944,zhao_uCT_match
R,35,35,19.9,86.64,0.05517,-0.01997,0.99828,zhao_uCT_match
R,35,36,-142.72,86.44,-0.0494,0.03761,0.99807,zhao_uCT_match
R,36,26,-5.92,49.84,0.64152,0.0665,0.76422,zhao_uCT_match
R,36,27,-6.58,52.96,0.59846,0.06901,0.79818,zhao_uCT_match
R,36,28,-2.73,57.0,0.54398,0.02595,0.8387,zhao_uCT_match
R,36,29,-0.4,61.36,0.47935,0.00335,0.87762,zhao_uCT_match
R,36,30,1.15,65.53,0.41419,-0.00831,0.91015,zhao_uCT_match
R,36,31,3.31,69.39,0.35134,-0.0203,0.93603,zhao_uCT_match
R,36,32,5.52,73.14,0.28869,-0.02788,0.95702,zhao_uCT_match
R,36,33,3.58,77.48,0.2163,-0.01355,0.97623,zhao_uCT_match
R,36,34,-16.95,81.45,0.14226,0.04336,0.98888,zhao_uCT_match
R,36,35,-40.78,84.73,0.06957,0.06001,0.99577,zhao_uCT_match
